{"type":"FeatureCollection","crs":{"type":"name","properties":{"name":"urn:ogc:def:crs:OGC:1.3:CRS84"}},"features":[{"type":"Feature","properties":{"COUNT":9,"FIRST_IDPR":"0301","NOMBPROV":"ABANCAY","FIRST_NOMB":"APURIMAC","LAST_DCTO":"LEY","LAST_LEY":"S/N","FIRST_FECH":"28/12/1961","LAST_FECHA":"21/11/1893","MIN_SHAPE_":345827.33624,"ha":345827.34},"geometry":{"type":"Polygon","coordinates":[[[-72.77286,-13.44888],[-72.74545,-13.4829],[-72.65677,-13.51335],[-72.63688,-13.54214],[-72.56304,-13.55142],[-72.4214,-13.60608],[-72.39982,-13.64185],[-72.43722,-13.68083],[-72.46038,-13.79021],[-72.50143,-13.74694],[-72.57356,-13.73185],[-72.66958,-13.77034],[-72.64011,-13.81888],[-72.64976,-13.85823],[-72.7358,-13.9145],[-72.72685,-13.94732],[-72.78892,-13.98046],[-72.81721,-14.09545],[-72.85123,-14.09407],[-72.89235,-14.17039],[-72.98029,-14.11834],[-73.01974,-14.11262],[-73.02449,-13.99204],[-73.0376,-13.90528],[-73.07374,-13.89699],[-73.1719,-13.80364],[-73.1603,-13.77679],[-73.10308,-13.76305],[-73.06053,-13.72044],[-72.97774,-13.70027],[-72.9497,-13.65639],[-73.04175,-13.54116],[-73.1264,-13.48646],[-73.16016,-13.44334],[-73.10338,-13.44859],[-73.01513,-13.42667],[-72.97146,-13.39023],[-72.89409,-13.39013],[-72.88631,-13.41587],[-72.79341,-13.42612],[-72.77286,-13.44888]]]}},{"type":"Feature","properties":{"COUNT":8,"FIRST_IDPR":"0902","NOMBPROV":"ACOBAMBA","FIRST_NOMB":"HUANCAVELICA","LAST_DCTO":"LEY","LAST_LEY":"5292","FIRST_FECH":"23/11/1925","LAST_FECHA":"23/11/1925","MIN_SHAPE_":92636.7425352,"ha":92636.74},"geometry":{"type":"Polygon","coordinates":[[[-74.32362,-12.83251],[-74.31945,-12.88728],[-74.37409,-12.93537],[-74.45318,-12.96657],[-74.47504,-12.9309],[-74.5346,-12.90016],[-74.59273,-12.89471],[-74.69918,-12.84364],[-74.72607,-12.84145],[-74.78597,-12.78411],[-74.76728,-12.67647],[-74.77873,-12.63271],[-74.71163,-12.63427],[-74.68646,-12.58986],[-74.6399,-12.646],[-74.54443,-12.72284],[-74.54246,-12.74338],[-74.46561,-12.80489],[-74.39628,-12.80607],[-74.32362,-12.83251]]]}},{"type":"Feature","properties":{"COUNT":7,"FIRST_IDPR":"0802","NOMBPROV":"ACOMAYO","FIRST_NOMB":"CUSCO","LAST_DCTO":"LEY","LAST_LEY":"S/N","FIRST_FECH":"11/11/1964","LAST_FECHA":"02/01/1857","MIN_SHAPE_":93285.8080742,"ha":93285.81},"geometry":{"type":"Polygon","coordinates":[[[-71.51688,-13.96722],[-71.44034,-14.10367],[-71.44071,-14.105],[-71.44695,-14.10816],[-71.44855,-14.10826],[-71.45564,-14.1063],[-71.45828,-14.10718],[-71.46092,-14.10874],[-71.46142,-14.11017],[-71.46056,-14.11183],[-71.45916,-14.1156],[-71.46722,-14.12881],[-71.4703,-14.13042],[-71.47669,-14.13387],[-71.50289,-14.12562],[-71.50571,-14.12209],[-71.51023,-14.12126],[-71.51124,-14.12098],[-71.51446,-14.11941],[-71.52084,-14.11416],[-71.52596,-14.10991],[-71.53176,-14.10514],[-71.53418,-14.10275],[-71.53566,-14.09966],[-71.53621,-14.09885],[-71.53863,-14.09705],[-71.53926,-14.09646],[-71.54438,-14.09189],[-71.54848,-14.0887],[-71.54962,-14.08813],[-71.55279,-14.08528],[-71.55739,-14.08346],[-71.55817,-14.08387],[-71.55926,-14.0861],[-71.56172,-14.08888],[-71.56846,-14.09266],[-71.57358,-14.09659],[-71.57622,-14.09874],[-71.58114,-14.1005],[-71.58429,-14.10182],[-71.58448,-14.1034],[-71.58379,-14.1056],[-71.58391,-14.10901],[-71.58918,-14.1164],[-71.59024,-14.12223],[-71.59156,-14.12585],[-71.59258,-14.12769],[-71.59332,-14.12978],[-71.59456,-14.1329],[-71.59484,-14.13911],[-71.59582,-14.14275],[-71.59539,-14.14653],[-71.59477,-14.14888],[-71.59573,-14.14989],[-71.69971,-14.11629],[-71.72938,-13.97518],[-71.80914,-13.89452],[-71.80101,-13.8511],[-71.83444,-13.81142],[-71.78976,-13.69836],[-71.7033,-13.75952],[-71.70168,-13.81979],[-71.64755,-13.82337],[-71.62018,-13.89727],[-71.56294,-13.90575],[-71.56239,-13.93471],[-71.51688,-13.96722]]]}},{"type":"Feature","properties":{"COUNT":5,"FIRST_IDPR":"0202","NOMBPROV":"AIJA","FIRST_NOMB":"ANCASH","LAST_DCTO":"LEY","LAST_LEY":"8188","FIRST_FECH":"21/12/1907","LAST_FECHA":"05/03/1936","MIN_SHAPE_":69639.6314397,"ha":69639.63},"geometry":{"type":"Polygon","coordinates":[[[-77.9614,-9.78024],[-77.86786,-9.76378],[-77.7808,-9.80067],[-77.76036,-9.78799],[-77.72482,-9.69635],[-77.6213,-9.62083],[-77.54161,-9.70589],[-77.53625,-9.73787],[-77.52145,-9.79227],[-77.48895,-9.81984],[-77.4789,-9.87377],[-77.55249,-9.87218],[-77.73471,-9.84685],[-77.77979,-9.90506],[-77.82553,-9.90837],[-77.85389,-9.81709],[-77.90312,-9.82299],[-77.9614,-9.78024]]]}},{"type":"Feature","properties":{"COUNT":6,"FIRST_IDPR":"1602","NOMBPROV":"ALTO AMAZONAS","FIRST_NOMB":"LORETO","LAST_DCTO":"LEY","LAST_LEY":"S/N","FIRST_FECH":"08/09/1964","LAST_FECHA":"02/01/1857","MIN_SHAPE_":1917212.65818,"ha":1917212.66},"geometry":{"type":"Polygon","coordinates":[[[-76.2897,-3.69122],[-76.24529,-3.75106],[-76.24735,-3.78557],[-76.2064,-3.84465],[-76.20315,-3.92463],[-76.17262,-3.95544],[-76.14976,-4.0632],[-76.05807,-4.15665],[-76.02307,-4.21874],[-75.97631,-4.33166],[-75.95587,-4.42507],[-75.90108,-4.4576],[-75.86262,-4.52023],[-75.89054,-4.55681],[-75.88163,-4.61777],[-75.85139,-4.65888],[-75.74308,-4.73487],[-75.73757,-4.82594],[-75.72233,-4.87165],[-75.66454,-4.93319],[-75.52861,-4.93752],[-75.41661,-4.9872],[-75.51004,-5.11229],[-75.59948,-5.16703],[-75.61803,-5.20272],[-75.56016,-5.26711],[-75.56966,-5.30083],[-75.63333,-5.41014],[-75.6168,-5.46235],[-75.64013,-5.49678],[-75.57235,-5.57229],[-75.49732,-5.58818],[-75.45475,-5.5737],[-75.51279,-5.67847],[-75.51448,-5.73926],[-75.53415,-5.90235],[-75.56701,-5.95837],[-75.56893,-6.00039],[-75.61389,-6.02324],[-75.62896,-6.08212],[-75.68037,-6.09563],[-75.71502,-6.13827],[-75.81483,-6.1009],[-75.83445,-6.1391],[-75.91589,-6.14116],[-75.96544,-6.0952],[-76.0321,-6.09966],[-76.12721,-6.17671],[-76.22363,-6.16603],[-76.27324,-6.10439],[-76.3183,-6.08609],[-76.37279,-5.97376],[-76.41227,-5.95066],[-76.54845,-6.02245],[-76.64001,-6.0026],[-76.71077,-6.01367],[-76.75443,-5.99839],[-76.74673,-5.95403],[-76.81805,-5.86214],[-76.83545,-5.74556],[-76.89454,-5.74623],[-76.86951,-5.70356],[-76.82948,-5.69579],[-76.81443,-5.65672],[-76.84445,-5.60896],[-76.81247,-5.59099],[-76.85082,-5.53211],[-76.77508,-5.44921],[-76.71692,-5.48127],[-76.64086,-5.44805],[-76.6254,-5.36742],[-76.58754,-5.31434],[-76.56602,-5.23308],[-76.52228,-5.24009],[-76.48307,-5.1241],[-76.46959,-5.00567],[-76.35927,-5.03159],[-76.22447,-5.01845],[-76.1694,-5.02173],[-76.07173,-5.0834],[-76.00115,-5.10026],[-75.91917,-5.0845],[-75.88915,-5.04834],[-75.84009,-5.02504],[-75.8295,-4.97664],[-76.00712,-4.85198],[-76.03447,-4.81631],[-76.07092,-4.8337],[-76.10782,-4.78922],[-76.17194,-4.76883],[-76.16238,-4.7047],[-76.20438,-4.67429],[-76.19701,-4.62433],[-76.26324,-4.52895],[-76.32254,-4.4708],[-76.33791,-4.41865],[-76.31995,-4.35841],[-76.22721,-4.24529],[-76.23651,-4.18712],[-76.33047,-4.11449],[-76.34947,-4.04415],[-76.39073,-4.00226],[-76.42235,-3.92549],[-76.414,-3.86436],[-76.37598,-3.80131],[-76.33251,-3.76238],[-76.32776,-3.69938],[-76.2897,-3.69122]]]}},{"type":"Feature","properties":{"COUNT":8,"FIRST_IDPR":"1002","NOMBPROV":"AMBO","FIRST_NOMB":"HUANUCO","LAST_DCTO":"LEY","LAST_LEY":"9165","FIRST_FECH":"21/09/1943","LAST_FECHA":"05/09/1940","MIN_SHAPE_":157735.850657,"ha":157735.85},"geometry":{"type":"Polygon","coordinates":[[[-76.49398,-10.31053],[-76.51289,-10.29184],[-76.52092,-10.19494],[-76.51001,-10.15227],[-76.41306,-10.14087],[-76.37437,-10.14946],[-76.28678,-10.07112],[-76.17038,-9.98529],[-76.13621,-9.98628],[-76.12531,-10.06692],[-76.04364,-10.09904],[-76.06381,-10.13084],[-76.06738,-10.1946],[-76.03937,-10.23669],[-76.0434,-10.32973],[-76.02595,-10.42614],[-76.03167,-10.45593],[-76.13049,-10.42973],[-76.22304,-10.37488],[-76.27112,-10.3711],[-76.30588,-10.41217],[-76.33579,-10.28632],[-76.44394,-10.32053],[-76.49398,-10.31053]]]}},{"type":"Feature","properties":{"COUNT":19,"FIRST_IDPR":"0302","NOMBPROV":"ANDAHUAYLAS","FIRST_NOMB":"APURIMAC","LAST_DCTO":"LEY","LAST_LEY":"9910","FIRST_FECH":"EPOCA INDEP.","LAST_FECHA":"20/01/1944","MIN_SHAPE_":403553.439719,"ha":403553.44},"geometry":{"type":"Polygon","coordinates":[[[-73.74789,-13.76337],[-73.67371,-13.73074],[-73.62896,-13.73658],[-73.5704,-13.59626],[-73.52844,-13.61562],[-73.49208,-13.57733],[-73.48346,-13.50631],[-73.44539,-13.43036],[-73.40332,-13.44475],[-73.34716,-13.43483],[-73.2339,-13.47659],[-73.21193,-13.4191],[-73.16016,-13.44334],[-73.1264,-13.48646],[-73.04175,-13.54116],[-72.9497,-13.65639],[-72.97774,-13.70027],[-73.06053,-13.72044],[-73.10308,-13.76305],[-73.1603,-13.77679],[-73.1719,-13.80364],[-73.24501,-13.81506],[-73.28557,-13.89354],[-73.35454,-13.92656],[-73.3538,-13.98434],[-73.37875,-14.03355],[-73.37865,-14.09185],[-73.40981,-14.10734],[-73.36877,-14.31074],[-73.40903,-14.33609],[-73.45313,-14.40255],[-73.50701,-14.54431],[-73.50898,-14.54125],[-73.51606,-14.53625],[-73.52225,-14.52699],[-73.52237,-14.52446],[-73.522,-14.51813],[-73.52284,-14.51379],[-73.52386,-14.51159],[-73.53117,-14.50845],[-73.53163,-14.50788],[-73.53246,-14.50724],[-73.58175,-14.41613],[-73.53384,-14.35429],[-73.51225,-14.26816],[-73.6111,-14.08872],[-73.61832,-14.02613],[-73.65647,-13.92995],[-73.67915,-13.91632],[-73.69778,-13.84742],[-73.74789,-13.76337]]]}},{"type":"Feature","properties":{"COUNT":12,"FIRST_IDPR":"0903","NOMBPROV":"ANGARAES","FIRST_NOMB":"HUANCAVELICA","LAST_DCTO":"LEY","LAST_LEY":"9354","FIRST_FECH":"30/10/1984","LAST_FECHA":"28/02/1941","MIN_SHAPE_":194061.71484,"ha":194061.71},"geometry":{"type":"Polygon","coordinates":[[[-74.27165,-13.06697],[-74.34588,-13.02584],[-74.38623,-13.02931],[-74.40801,-13.06927],[-74.42043,-13.15954],[-74.45844,-13.19004],[-74.54447,-13.19939],[-74.57098,-13.18467],[-74.64465,-13.27414],[-74.68606,-13.28637],[-74.72212,-13.28964],[-74.72164,-13.17919],[-74.84142,-13.14372],[-74.91326,-13.16747],[-74.91706,-13.09658],[-74.88493,-12.9263],[-74.82711,-12.94306],[-74.78294,-12.87795],[-74.73344,-12.87949],[-74.69918,-12.84364],[-74.59273,-12.89471],[-74.5346,-12.90016],[-74.47504,-12.9309],[-74.45318,-12.96657],[-74.37409,-12.93537],[-74.31945,-12.88728],[-74.29655,-12.93501],[-74.27165,-13.06697]]]}},{"type":"Feature","properties":{"COUNT":9,"FIRST_IDPR":"0803","NOMBPROV":"ANTA","FIRST_NOMB":"CUSCO","LAST_DCTO":"LEY","LAST_LEY":"S/N","FIRST_FECH":"01/10/1941","LAST_FECHA":"14/11/1896","MIN_SHAPE_":194375.589563,"ha":194375.59},"geometry":{"type":"Polygon","coordinates":[[[-72.0006,-13.44404],[-72.05142,-13.48984],[-72.06146,-13.52794],[-72.10309,-13.55334],[-72.1612,-13.54867],[-72.16458,-13.60628],[-72.13221,-13.6393],[-72.16785,-13.64953],[-72.22867,-13.71406],[-72.27742,-13.68415],[-72.29917,-13.70445],[-72.40175,-13.65951],[-72.39982,-13.64185],[-72.4214,-13.60608],[-72.56304,-13.55142],[-72.63688,-13.54214],[-72.65677,-13.51335],[-72.74545,-13.4829],[-72.77286,-13.44888],[-72.72208,-13.40472],[-72.6164,-13.38209],[-72.54668,-13.33261],[-72.53335,-13.3729],[-72.44368,-13.34468],[-72.36914,-13.35881],[-72.3858,-13.30449],[-72.26712,-13.33024],[-72.21952,-13.32628],[-72.20996,-13.36678],[-72.11555,-13.39821],[-72.0987,-13.43103],[-72.05065,-13.45367],[-72.0006,-13.44404]]]}},{"type":"Feature","properties":{"COUNT":7,"FIRST_IDPR":"0303","NOMBPROV":"ANTABAMBA","FIRST_NOMB":"APURIMAC","LAST_DCTO":"LEY","LAST_LEY":"13677","FIRST_FECH":"12/12/1942","LAST_FECHA":"18/08/1961","MIN_SHAPE_":323079.869369,"ha":323079.87},"geometry":{"type":"Polygon","coordinates":[[[-73.01974,-14.11262],[-72.98029,-14.11834],[-72.89235,-14.17039],[-72.8993,-14.2174],[-72.86217,-14.27748],[-72.75175,-14.26073],[-72.70961,-14.27556],[-72.70775,-14.34069],[-72.67045,-14.36217],[-72.6272,-14.3412],[-72.61412,-14.2671],[-72.56989,-14.25458],[-72.47976,-14.20167],[-72.44344,-14.22638],[-72.41714,-14.27961],[-72.34184,-14.31808],[-72.36847,-14.35092],[-72.35763,-14.43596],[-72.39308,-14.48185],[-72.42746,-14.47902],[-72.50291,-14.55166],[-72.4617,-14.60587],[-72.47177,-14.6614],[-72.57725,-14.68662],[-72.64482,-14.66728],[-72.72471,-14.6759],[-72.7897,-14.65021],[-72.82858,-14.70263],[-72.84682,-14.75982],[-72.85201,-14.74803],[-72.85584,-14.7387],[-72.85428,-14.73195],[-72.85574,-14.72916],[-72.86564,-14.71068],[-72.87388,-14.70797],[-72.8744,-14.70817],[-72.88435,-14.70639],[-72.8854,-14.70597],[-72.89537,-14.69922],[-72.91224,-14.69615],[-72.91767,-14.68537],[-72.92127,-14.68554],[-72.93276,-14.69439],[-72.93443,-14.69565],[-72.95095,-14.68539],[-72.9515,-14.6852],[-72.95877,-14.67719],[-72.96503,-14.66667],[-72.97216,-14.65802],[-72.98303,-14.65583],[-72.9846,-14.66001],[-72.98594,-14.66038],[-72.99124,-14.66062],[-72.99596,-14.66234],[-72.99816,-14.66262],[-73.00121,-14.65864],[-73.01312,-14.63268],[-73.01467,-14.63091],[-73.0174,-14.63071],[-73.01638,-14.62078],[-73.01329,-14.61434],[-73.01427,-14.58539],[-72.99744,-14.5814],[-72.99776,-14.48208],[-72.9805,-14.44115],[-73.03806,-14.39018],[-73.04752,-14.34503],[-73.08264,-14.32878],[-73.04578,-14.2631],[-73.07634,-14.20631],[-73.04986,-14.12214],[-73.01974,-14.11262]]]}},{"type":"Feature","properties":{"COUNT":6,"FIRST_IDPR":"0203","NOMBPROV":"ANTONIO RAYMONDI","FIRST_NOMB":"ANCASH","LAST_DCTO":"LEY","LAST_LEY":"15187","FIRST_FECH":"27/05/1987","LAST_FECHA":"26/10/1964","MIN_SHAPE_":55914.8157329,"ha":55914.82},"geometry":{"type":"Polygon","coordinates":[[[-77.17387,-9.15996],[-77.14411,-9.09566],[-77.15239,-9.03372],[-77.11133,-9.00836],[-77.10314,-8.97243],[-77.03719,-8.99929],[-76.9801,-9.06292],[-76.94496,-9.07442],[-76.94181,-9.12899],[-76.95973,-9.20775],[-77.02687,-9.30092],[-77.0766,-9.27311],[-77.09354,-9.21251],[-77.14221,-9.20242],[-77.17387,-9.15996]]]}},{"type":"Feature","properties":{"COUNT":29,"FIRST_IDPR":"0401","NOMBPROV":"AREQUIPA","FIRST_NOMB":"AREQUIPA","LAST_DCTO":"LEY","LAST_LEY":"14124","FIRST_FECH":"EPOCA INDEP.","LAST_FECHA":"15/06/1962","MIN_SHAPE_":962246.884826,"ha":962246.88},"geometry":{"type":"Polygon","coordinates":[[[-70.84328,-15.92326],[-70.84388,-15.92621],[-70.84111,-15.93023],[-70.83755,-15.93917],[-70.83683,-15.94002],[-70.83669,-15.94096],[-70.83595,-15.94591],[-70.83673,-15.9547],[-70.83934,-15.95687],[-70.84023,-15.95801],[-70.84131,-15.97183],[-70.83723,-15.97469],[-70.83437,-15.97437],[-70.82801,-15.97826],[-70.82087,-15.97791],[-70.8234,-15.98215],[-70.82825,-15.99106],[-70.8291,-15.99549],[-70.82365,-16.00088],[-70.82098,-16.02868],[-70.81547,-16.03559],[-70.80408,-16.05383],[-70.80451,-16.05513],[-70.83006,-16.05545],[-70.83898,-16.05511],[-70.84517,-16.05552],[-70.86032,-16.06174],[-70.86531,-16.06872],[-70.86858,-16.08104],[-70.87811,-16.08144],[-70.87822,-16.08299],[-70.87648,-16.08777],[-70.87547,-16.08926],[-70.87469,-16.09343],[-70.8848,-16.1009],[-70.88548,-16.10092],[-70.89376,-16.10283],[-70.89498,-16.10439],[-70.89571,-16.10628],[-70.89437,-16.10751],[-70.88357,-16.12002],[-70.88007,-16.12222],[-70.86758,-16.1276],[-70.86732,-16.12948],[-70.86884,-16.13178],[-70.87077,-16.13423],[-70.87201,-16.14119],[-70.87193,-16.14288],[-70.86747,-16.14669],[-70.86708,-16.14846],[-70.86783,-16.15387],[-70.87294,-16.16014],[-70.87418,-16.16108],[-70.87775,-16.16377],[-70.87824,-16.16471],[-70.87804,-16.16799],[-70.87431,-16.17104],[-70.87059,-16.17138],[-70.8651,-16.1728],[-70.86289,-16.1738],[-70.85983,-16.17622],[-70.85865,-16.17822],[-70.85487,-16.1896],[-70.86687,-16.22239],[-70.86633,-16.22577],[-70.86578,-16.22627],[-70.86219,-16.22665],[-70.86068,-16.22577],[-70.84447,-16.23588],[-70.86347,-16.25453],[-70.86758,-16.25864],[-70.86937,-16.26164],[-70.87079,-16.26364],[-70.87405,-16.27265],[-70.87553,-16.27881],[-70.88979,-16.28267],[-70.90343,-16.27761],[-70.92333,-16.28913],[-70.93963,-16.30437],[-70.93994,-16.30747],[-70.94035,-16.31032],[-70.94625,-16.31384],[-70.95112,-16.30975],[-70.96126,-16.30825],[-70.96431,-16.30877],[-70.96892,-16.30871],[-70.97226,-16.30882],[-70.97508,-16.30849],[-70.98578,-16.31897],[-70.98636,-16.32019],[-70.98386,-16.32695],[-70.98001,-16.3318],[-70.97868,-16.34721],[-70.97276,-16.35375],[-70.97361,-16.3564],[-70.97576,-16.36033],[-70.97375,-16.36397],[-70.9719,-16.36558],[-70.96928,-16.3711],[-70.9731,-16.37829],[-70.9751,-16.39103],[-70.97459,-16.39282],[-70.97143,-16.39517],[-70.96881,-16.39584],[-70.96632,-16.39714],[-70.96519,-16.39737],[-70.96446,-16.39846],[-70.96425,-16.39904],[-70.96381,-16.40022],[-70.96425,-16.40148],[-70.96593,-16.40427],[-70.96741,-16.40688],[-70.96753,-16.40764],[-70.97481,-16.41085],[-70.97436,-16.4219],[-70.9737,-16.42587],[-70.96721,-16.43294],[-70.96021,-16.45242],[-70.95397,-16.4646],[-70.95609,-16.47252],[-70.9584,-16.4735],[-70.95958,-16.47456],[-70.96588,-16.48072],[-70.97169,-16.48033],[-70.97289,-16.48001],[-70.98402,-16.48517],[-70.98646,-16.48884],[-71.0031,-16.49743],[-71.00391,-16.49696],[-71.00804,-16.49636],[-71.00949,-16.49726],[-71.01401,-16.49734],[-71.01511,-16.49564],[-71.01594,-16.49491],[-71.01607,-16.49442],[-71.01698,-16.49105],[-71.01715,-16.49],[-71.02072,-16.48676],[-71.02575,-16.48672],[-71.0304,-16.48585],[-71.0344,-16.48564],[-71.04256,-16.47436],[-71.04285,-16.4734],[-71.04367,-16.47273],[-71.04389,-16.47251],[-71.04459,-16.47063],[-71.04182,-16.46649],[-71.04402,-16.46267],[-71.04746,-16.46044],[-71.04759,-16.45891],[-71.04717,-16.45675],[-71.04811,-16.45508],[-71.05305,-16.46157],[-71.06392,-16.46165],[-71.07597,-16.46263],[-71.07827,-16.45856],[-71.08235,-16.45694],[-71.08311,-16.45743],[-71.086,-16.45856],[-71.08691,-16.45818],[-71.09161,-16.45758],[-71.09309,-16.46095],[-71.09447,-16.463],[-71.09916,-16.46417],[-71.10203,-16.46381],[-71.10547,-16.46122],[-71.11133,-16.46538],[-71.11343,-16.46401],[-71.11831,-16.46279],[-71.12753,-16.46269],[-71.12891,-16.46392],[-71.13226,-16.46672],[-71.13443,-16.46767],[-71.13617,-16.46904],[-71.13861,-16.47467],[-71.13952,-16.47497],[-71.14182,-16.47455],[-71.14623,-16.47368],[-71.14716,-16.47372],[-71.14861,-16.47368],[-71.14931,-16.47356],[-71.15204,-16.47316],[-71.1563,-16.47136],[-71.16759,-16.47177],[-71.17271,-16.47159],[-71.18269,-16.47263],[-71.18829,-16.47231],[-71.19405,-16.47201],[-71.22453,-16.46056],[-71.2275,-16.46141],[-71.23358,-16.46544],[-71.23621,-16.46601],[-71.23698,-16.46583],[-71.24271,-16.46393],[-71.24605,-16.46764],[-71.24358,-16.4756],[-71.24878,-16.48185],[-71.24934,-16.48236],[-71.24198,-16.49403],[-71.23917,-16.49892],[-71.23707,-16.50212],[-71.23614,-16.50648],[-71.24245,-16.52425],[-71.24279,-16.52723],[-71.24332,-16.53954],[-71.24713,-16.55436],[-71.2523,-16.57093],[-71.25275,-16.57257],[-71.263,-16.60694],[-71.26694,-16.60666],[-71.27418,-16.60751],[-71.27752,-16.61136],[-71.28036,-16.63012],[-71.28042,-16.63116],[-71.28071,-16.65386],[-71.2813,-16.65889],[-71.28368,-16.67742],[-71.2888,-16.68647],[-71.29291,-16.68997],[-71.29398,-16.69157],[-71.2943,-16.69423],[-71.29478,-16.69651],[-71.29566,-16.70295],[-71.29601,-16.70627],[-71.29254,-16.7124],[-71.29046,-16.71329],[-71.28635,-16.71739],[-71.28801,-16.71959],[-71.28928,-16.72272],[-71.29758,-16.7327],[-71.29914,-16.73324],[-71.30092,-16.73427],[-71.30524,-16.7356],[-71.30579,-16.73576],[-71.31017,-16.73819],[-71.31242,-16.74297],[-71.31855,-16.74644],[-71.31889,-16.74693],[-71.32038,-16.74823],[-71.32359,-16.75026],[-71.32608,-16.75218],[-71.32796,-16.75178],[-71.3287,-16.75082],[-71.34367,-16.74488],[-71.34577,-16.74306],[-71.34735,-16.74179],[-71.34853,-16.73644],[-71.3485,-16.73422],[-71.35066,-16.73003],[-71.35052,-16.7276],[-71.35257,-16.72562],[-71.35634,-16.72462],[-71.35752,-16.72373],[-71.37159,-16.7205],[-71.37859,-16.72459],[-71.38038,-16.72511],[-71.38141,-16.72558],[-71.39233,-16.73051],[-71.39456,-16.7312],[-71.40031,-16.72873],[-71.40785,-16.73054],[-71.41076,-16.73235],[-71.41313,-16.73412],[-71.4147,-16.73555],[-71.41801,-16.73843],[-71.42293,-16.7379],[-71.42349,-16.73863],[-71.42395,-16.73913],[-71.42593,-16.74138],[-71.42754,-16.74077],[-71.4321,-16.73617],[-71.43445,-16.73445],[-71.43568,-16.73361],[-71.43845,-16.73113],[-71.43954,-16.7306],[-71.44241,-16.73087],[-71.44675,-16.73122],[-71.44788,-16.73179],[-71.45568,-16.7425],[-71.45369,-16.74507],[-71.45312,-16.74551],[-71.4521,-16.74737],[-71.45235,-16.74958],[-71.45386,-16.75389],[-71.45813,-16.75727],[-71.4632,-16.75823],[-71.46952,-16.76241],[-71.47021,-16.76244],[-71.48122,-16.76381],[-71.48539,-16.76515],[-71.48949,-16.76638],[-71.49079,-16.76673],[-71.49212,-16.76756],[-71.49512,-16.76761],[-71.4974,-16.7669],[-71.50062,-16.76662],[-71.50363,-16.76416],[-71.50401,-16.76335],[-71.50469,-16.7623],[-71.50632,-16.76057],[-71.50858,-16.75901],[-71.51078,-16.75783],[-71.51198,-16.75599],[-71.51208,-16.75499],[-71.5149,-16.75224],[-71.51309,-16.74428],[-71.51358,-16.74313],[-71.5189,-16.73837],[-71.52171,-16.73587],[-71.52419,-16.73511],[-71.52548,-16.73509],[-71.53112,-16.72942],[-71.53147,-16.72635],[-71.53104,-16.72322],[-71.53043,-16.71913],[-71.53008,-16.71625],[-71.53064,-16.71482],[-71.5316,-16.71214],[-71.53445,-16.71037],[-71.53507,-16.70356],[-71.5352,-16.70225],[-71.53548,-16.70076],[-71.53725,-16.69811],[-71.53967,-16.6965],[-71.55698,-16.68651],[-71.55811,-16.68773],[-71.56216,-16.69244],[-71.56525,-16.69565],[-71.56915,-16.69727],[-71.57134,-16.69933],[-71.57256,-16.69989],[-71.5743,-16.69641],[-71.57484,-16.69596],[-71.57639,-16.69544],[-71.58385,-16.6911],[-71.59796,-16.68764],[-71.59988,-16.68703],[-71.60297,-16.68602],[-71.60397,-16.68499],[-71.61115,-16.68382],[-71.61176,-16.68336],[-71.61783,-16.68246],[-71.62267,-16.68203],[-71.62496,-16.68297],[-71.62756,-16.68329],[-71.62973,-16.68543],[-71.63216,-16.69234],[-71.63622,-16.69687],[-71.64094,-16.70548],[-71.64133,-16.70476],[-71.6412,-16.70135],[-71.64159,-16.70049],[-71.64586,-16.69642],[-71.65121,-16.69542],[-71.65273,-16.69752],[-71.65385,-16.69885],[-71.65836,-16.70027],[-71.65914,-16.70089],[-71.66319,-16.70148],[-71.66965,-16.70465],[-71.67355,-16.70509],[-71.71036,-16.69928],[-71.71471,-16.69942],[-71.72447,-16.69966],[-71.76524,-16.70824],[-71.86934,-16.76349],[-71.87008,-16.74329],[-71.86997,-16.73437],[-71.87045,-16.72154],[-71.87073,-16.71343],[-71.87833,-16.70609],[-71.88351,-16.70096],[-71.88845,-16.69635],[-71.89698,-16.68825],[-71.90997,-16.67504],[-71.92423,-16.69606],[-71.92817,-16.70169],[-71.9344,-16.71004],[-71.93617,-16.71239],[-71.98719,-16.78415],[-71.9902,-16.78884],[-71.9911,-16.79037],[-71.99336,-16.79401],[-71.99928,-16.79731],[-72.00117,-16.79665],[-72.00236,-16.79648],[-72.00327,-16.7969],[-72.00806,-16.79703],[-72.0124,-16.79761],[-72.0145,-16.79679],[-72.01929,-16.79264],[-72.02689,-16.7915],[-72.02925,-16.79154],[-72.03234,-16.79091],[-72.03488,-16.79172],[-72.03834,-16.79224],[-72.03847,-16.79195],[-72.04451,-16.78182],[-72.04623,-16.78094],[-72.04992,-16.77952],[-72.05267,-16.7808],[-72.05309,-16.78119],[-72.05371,-16.78133],[-72.05618,-16.78027],[-72.05749,-16.77997],[-72.05827,-16.78014],[-72.06147,-16.78051],[-72.06236,-16.78051],[-72.0645,-16.78161],[-72.06636,-16.78364],[-72.06691,-16.78443],[-72.0803,-16.77395],[-72.0826,-16.77032],[-72.08445,-16.76947],[-72.08881,-16.76868],[-72.08968,-16.76859],[-72.09183,-16.76841],[-72.09382,-16.7678],[-72.09986,-16.76967],[-72.10609,-16.77139],[-72.10896,-16.776],[-72.1135,-16.77716],[-72.12041,-16.77958],[-72.12461,-16.77261],[-72.13248,-16.76504],[-72.12759,-16.75659],[-72.13181,-16.75282],[-72.13214,-16.75035],[-72.13258,-16.74368],[-72.13378,-16.74354],[-72.136,-16.74368],[-72.13789,-16.74434],[-72.14374,-16.74426],[-72.14723,-16.74207],[-72.15334,-16.73723],[-72.15575,-16.73303],[-72.16136,-16.73087],[-72.16421,-16.72426],[-72.16718,-16.717],[-72.17128,-16.71552],[-72.17269,-16.71232],[-72.17882,-16.70804],[-72.1942,-16.70395],[-72.1964,-16.70064],[-72.19443,-16.69254],[-72.19427,-16.69026],[-72.19849,-16.68655],[-72.20501,-16.6851],[-72.2262,-16.66874],[-72.22803,-16.66709],[-72.23073,-16.66608],[-72.23449,-16.66623],[-72.23534,-16.66637],[-72.24447,-16.66847],[-72.24857,-16.66825],[-72.25192,-16.66756],[-72.25507,-16.66664],[-72.25586,-16.66618],[-72.26026,-16.6618],[-72.26484,-16.65914],[-72.26952,-16.65883],[-72.27299,-16.65682],[-72.27636,-16.65173],[-72.28339,-16.63531],[-72.28208,-16.62575],[-72.28289,-16.62271],[-72.28289,-16.62141],[-72.281,-16.61468],[-72.27967,-16.61214],[-72.2753,-16.60655],[-72.27409,-16.6008],[-72.24761,-16.56655],[-72.24293,-16.56146],[-72.23263,-16.541],[-72.22044,-16.52504],[-72.21938,-16.52322],[-72.21192,-16.51161],[-72.19699,-16.48815],[-72.19511,-16.48334],[-72.19728,-16.48024],[-72.19607,-16.46959],[-72.19593,-16.46828],[-72.19758,-16.4689],[-72.19962,-16.45771],[-72.18334,-16.41536],[-72.1805,-16.40859],[-72.17442,-16.39828],[-72.16707,-16.38575],[-72.16457,-16.37952],[-72.16296,-16.37523],[-72.15697,-16.36458],[-72.15528,-16.3624],[-72.14905,-16.35582],[-72.14787,-16.35401],[-72.14583,-16.35153],[-72.14432,-16.34871],[-72.14437,-16.34304],[-72.14336,-16.33821],[-72.13888,-16.32942],[-72.13841,-16.32837],[-72.13759,-16.32666],[-72.13688,-16.32529],[-72.13599,-16.32373],[-72.13383,-16.31745],[-72.13104,-16.31085],[-72.12939,-16.30854],[-72.12533,-16.30348],[-72.12019,-16.29762],[-72.11282,-16.28366],[-72.10341,-16.27274],[-72.10014,-16.26765],[-72.09502,-16.26003],[-72.08425,-16.23904],[-72.07969,-16.22527],[-72.07631,-16.22087],[-72.07652,-16.2218],[-72.07403,-16.21825],[-72.07331,-16.21145],[-72.08723,-16.20115],[-72.08486,-16.19032],[-72.08405,-16.19001],[-72.07944,-16.19131],[-72.07816,-16.19226],[-72.07469,-16.19557],[-72.06887,-16.1992],[-72.06848,-16.19937],[-72.06434,-16.20003],[-72.06185,-16.20185],[-72.05765,-16.20534],[-72.05731,-16.20615],[-72.0566,-16.20749],[-72.05411,-16.20315],[-72.05309,-16.20145],[-72.05139,-16.19896],[-72.04742,-16.19358],[-72.03973,-16.1848],[-72.0378,-16.18302],[-72.03426,-16.18009],[-72.03271,-16.17782],[-72.03069,-16.1741],[-72.02991,-16.17134],[-72.02731,-16.16942],[-72.02508,-16.16869],[-72.02073,-16.16541],[-72.01799,-16.16334],[-72.01669,-16.16266],[-72.01382,-16.1619],[-72.00891,-16.15723],[-72.00626,-16.1526],[-72.00551,-16.15219],[-72.00513,-16.1515],[-72.00482,-16.14905],[-72.00307,-16.14718],[-72.0016,-16.14499],[-71.99623,-16.13861],[-71.98716,-16.13803],[-71.98256,-16.13918],[-71.97807,-16.14028],[-71.96301,-16.13747],[-71.96083,-16.14041],[-71.95866,-16.1424],[-71.95639,-16.14433],[-71.95415,-16.14499],[-71.95328,-16.14495],[-71.94472,-16.14278],[-71.9398,-16.14454],[-71.91073,-16.15908],[-71.90827,-16.15878],[-71.8884,-16.1456],[-71.87668,-16.13444],[-71.86807,-16.12296],[-71.86771,-16.12151],[-71.86593,-16.11467],[-71.86575,-16.11132],[-71.84812,-16.09446],[-71.84258,-16.08827],[-71.83904,-16.08247],[-71.83858,-16.07916],[-71.83755,-16.0738],[-71.83691,-16.07045],[-71.8304,-16.06503],[-71.82846,-16.06158],[-71.82808,-16.06062],[-71.82638,-16.05873],[-71.82079,-16.06157],[-71.81559,-16.05772],[-71.81267,-16.0506],[-71.81136,-16.05023],[-71.8074,-16.04962],[-71.79375,-16.04113],[-71.79179,-16.0394],[-71.78931,-16.03795],[-71.78388,-16.03719],[-71.78151,-16.0361],[-71.77895,-16.0349],[-71.7765,-16.03404],[-71.76928,-16.03251],[-71.74535,-16.02261],[-71.74426,-16.02093],[-71.73866,-16.01674],[-71.73796,-16.0162],[-71.73724,-16.01259],[-71.73582,-16.0115],[-71.73527,-16.006],[-71.73566,-16.00389],[-71.72839,-15.99542],[-71.72744,-15.99315],[-71.72678,-15.99196],[-71.72485,-15.9893],[-71.72408,-15.98901],[-71.71385,-15.98642],[-71.70972,-15.9854],[-71.70657,-15.97572],[-71.70581,-15.97098],[-71.70673,-15.9658],[-71.71008,-15.95291],[-71.70629,-15.93647],[-71.68762,-15.93905],[-71.68578,-15.94286],[-71.68534,-15.94337],[-71.67815,-15.94872],[-71.6765,-15.94931],[-71.66233,-15.96265],[-71.66113,-15.96447],[-71.65981,-15.97004],[-71.65818,-15.97362],[-71.65758,-15.97438],[-71.6563,-15.97617],[-71.65334,-15.97997],[-71.65305,-15.98037],[-71.65205,-15.9832],[-71.6524,-15.98396],[-71.65268,-15.98579],[-71.65061,-15.98841],[-71.64871,-15.98889],[-71.64663,-15.98809],[-71.64126,-15.98654],[-71.60408,-15.98209],[-71.59857,-15.98309],[-71.59693,-15.98416],[-71.59068,-15.98721],[-71.58111,-15.99021],[-71.57832,-15.99078],[-71.56431,-15.97957],[-71.55771,-15.97329],[-71.55712,-15.97285],[-71.55604,-15.97105],[-71.55521,-15.96955],[-71.55479,-15.96892],[-71.54997,-15.96288],[-71.54696,-15.95919],[-71.54624,-15.95863],[-71.54369,-15.95747],[-71.54244,-15.95238],[-71.5418,-15.95119],[-71.54121,-15.95068],[-71.5386,-15.94862],[-71.53723,-15.94786],[-71.53434,-15.9441],[-71.5317,-15.93504],[-71.52271,-15.9283],[-71.5192,-15.92761],[-71.5043,-15.92543],[-71.50243,-15.92602],[-71.49278,-15.9306],[-71.4901,-15.93216],[-71.48668,-15.93169],[-71.48296,-15.92933],[-71.47979,-15.92837],[-71.47227,-15.92679],[-71.466,-15.92689],[-71.45318,-15.93295],[-71.44447,-15.92743],[-71.43284,-15.9277],[-71.42924,-15.92938],[-71.42248,-15.93041],[-71.41759,-15.93034],[-71.41238,-15.92881],[-71.41013,-15.92713],[-71.36687,-15.92945],[-71.36497,-15.93042],[-71.35062,-15.93528],[-71.34152,-15.93928],[-71.32198,-15.9416],[-71.31419,-15.94726],[-71.30708,-15.95443],[-71.30554,-15.95351],[-71.28357,-15.95705],[-71.27408,-15.96324],[-71.27398,-15.96584],[-71.26894,-15.97513],[-71.26909,-15.97901],[-71.26637,-15.98216],[-71.26,-15.98818],[-71.24835,-15.99854],[-71.23852,-16.0006],[-71.23157,-16.00194],[-71.22855,-16.00448],[-71.22308,-16.00944],[-71.2176,-16.01463],[-71.21628,-16.01708],[-71.21197,-16.02031],[-71.20168,-16.0256],[-71.19743,-16.02051],[-71.1916,-16.01473],[-71.1824,-16.01052],[-71.18026,-16.01026],[-71.17408,-16.00668],[-71.16038,-16.00475],[-71.15597,-16.00307],[-71.15154,-15.99668],[-71.14954,-15.99122],[-71.1452,-15.98747],[-71.14457,-15.98558],[-71.14445,-15.9837],[-71.12216,-15.98462],[-71.11706,-15.98804],[-71.10847,-15.98696],[-71.10569,-15.9849],[-71.09598,-15.98414],[-71.08667,-15.98105],[-71.08537,-15.98496],[-71.08624,-15.9877],[-71.08662,-15.99214],[-71.08655,-15.9927],[-71.08595,-15.99801],[-71.08134,-15.99962],[-71.0769,-16.0042],[-71.06653,-16.00369],[-71.06164,-15.99818],[-71.05138,-15.99114],[-71.04704,-15.98432],[-71.03609,-15.98023],[-71.01192,-15.97202],[-70.99827,-15.96793],[-70.9852,-15.96908],[-70.96321,-15.96924],[-70.95282,-15.96199],[-70.95084,-15.96184],[-70.94836,-15.96166],[-70.94495,-15.9625],[-70.9202,-15.95068],[-70.90961,-15.94454],[-70.90249,-15.94556],[-70.87798,-15.94798],[-70.87424,-15.94556],[-70.87348,-15.94428],[-70.86896,-15.94055],[-70.856,-15.92534],[-70.85452,-15.92473],[-70.84328,-15.92326]],[[-71.16252,-16.35188],[-71.13717,-16.3991],[-71.08733,-16.38896],[-71.12093,-16.32783],[-71.16252,-16.35188]]]}},{"type":"Feature","properties":{"COUNT":8,"FIRST_IDPR":"1302","NOMBPROV":"ASCOPE","FIRST_NOMB":"LA LIBERTAD","LAST_DCTO":"LEY","LAST_LEY":"26916","FIRST_FECH":"EPOCA INDEP.","LAST_FECHA":"21/01/1998","MIN_SHAPE_":265013.609011,"ha":265013.61},"geometry":{"type":"Polygon","coordinates":[[[-79.45482,-7.63802],[-79.38678,-7.59859],[-79.35844,-7.55909],[-79.31623,-7.58181],[-79.26767,-7.48973],[-79.18733,-7.38866],[-79.15272,-7.43982],[-79.06543,-7.47271],[-79.05985,-7.54668],[-79.04123,-7.59989],[-78.99215,-7.66095],[-78.94275,-7.62267],[-78.90776,-7.59807],[-78.79854,-7.5866],[-78.80377,-7.63411],[-78.89598,-7.64539],[-78.91229,-7.68608],[-78.89307,-7.74897],[-78.81626,-7.79687],[-78.88475,-7.84198],[-78.90337,-7.88738],[-78.99057,-7.90033],[-79.04001,-7.98832],[-79.10589,-7.98198],[-79.14951,-7.94366],[-79.2105,-7.99903],[-79.30729,-7.92597],[-79.37575,-7.8421],[-79.39243,-7.78781],[-79.46571,-7.71193],[-79.43529,-7.69336],[-79.45482,-7.63802]]]}},{"type":"Feature","properties":{"COUNT":2,"FIRST_IDPR":"0204","NOMBPROV":"ASUNCION","FIRST_NOMB":"ANCASH","LAST_DCTO":"LEY","LAST_LEY":"23764","FIRST_FECH":"EPOCA INDEP.","LAST_FECHA":"30/12/1983","MIN_SHAPE_":52824.6237496,"ha":52824.62},"geometry":{"type":"Polygon","coordinates":[[[-77.362,-9.06499],[-77.36221,-9.11218],[-77.26205,-9.20779],[-77.2753,-9.27827],[-77.31918,-9.32411],[-77.32568,-9.31005],[-77.48037,-9.25532],[-77.51083,-9.25435],[-77.53355,-9.17312],[-77.49046,-9.10667],[-77.43735,-9.05925],[-77.362,-9.06499]]]}},{"type":"Feature","properties":{"COUNT":4,"FIRST_IDPR":"2502","NOMBPROV":"ATALAYA","FIRST_NOMB":"UCAYALI","LAST_DCTO":"LEY","LAST_LEY":"9815","FIRST_FECH":"02/07/1943","LAST_FECHA":"02/07/1943","MIN_SHAPE_":3904975.4755,"ha":3904975.48},"geometry":{"type":"Polygon","coordinates":[[[-72.18181,-11.00972],[-72.17537,-11.04426],[-72.18486,-11.06581],[-72.12141,-11.10714],[-72.20024,-11.2053],[-72.19818,-11.2617],[-72.21766,-11.30018],[-72.20462,-11.34743],[-72.23926,-11.34506],[-72.30771,-11.307],[-72.37883,-11.33264],[-72.42513,-11.36849],[-72.47987,-11.38742],[-72.53509,-11.43508],[-72.60999,-11.42824],[-72.63212,-11.4064],[-72.70656,-11.38151],[-72.73824,-11.34743],[-72.79429,-11.38429],[-72.89702,-11.35793],[-72.95191,-11.33063],[-72.93913,-11.28208],[-72.96858,-11.26412],[-72.98966,-11.1988],[-73.02651,-11.26408],[-73.13737,-11.29377],[-73.2033,-11.28999],[-73.25745,-11.31271],[-73.33133,-11.31126],[-73.41975,-11.38394],[-73.48409,-11.31934],[-73.46011,-11.30271],[-73.4501,-11.22475],[-73.4826,-11.06524],[-73.54258,-11.04742],[-73.57149,-10.95809],[-73.56026,-10.86061],[-73.6104,-10.84657],[-73.69619,-10.77303],[-73.7572,-10.7359],[-73.81422,-10.7999],[-73.82341,-10.92107],[-73.85411,-10.95491],[-73.86657,-11.03735],[-73.8613,-11.14553],[-73.91649,-11.1431],[-73.97827,-11.12063],[-73.97874,-11.07003],[-74.0055,-10.99319],[-74.09178,-10.98681],[-74.20147,-11.01966],[-74.25644,-11.01822],[-74.37365,-11.05652],[-74.44541,-11.00485],[-74.50008,-10.996],[-74.50838,-10.9503],[-74.573,-10.9126],[-74.51004,-10.88035],[-74.48492,-10.83646],[-74.38568,-10.81177],[-74.37427,-10.75811],[-74.31731,-10.72671],[-74.28113,-10.67486],[-74.22985,-10.6355],[-74.16496,-10.63845],[-74.13267,-10.60491],[-74.18179,-10.50404],[-74.21873,-10.45211],[-74.25518,-10.45248],[-74.27671,-10.37407],[-74.22434,-10.27923],[-74.23166,-10.18505],[-74.30394,-10.16359],[-74.32776,-10.10965],[-74.36697,-10.1129],[-74.40061,-10.07052],[-74.42403,-9.98944],[-74.41233,-9.95396],[-74.33307,-9.8601],[-74.31696,-9.80158],[-74.25342,-9.77173],[-74.18398,-9.7638],[-74.1524,-9.70968],[-74.06579,-9.70554],[-74.04755,-9.65583],[-73.95975,-9.61079],[-73.87554,-9.59656],[-73.82096,-9.53197],[-73.74339,-9.54035],[-73.68453,-9.52984],[-73.60919,-9.64441],[-73.57008,-9.65745],[-73.53778,-9.70767],[-73.46938,-9.75078],[-73.45935,-9.79561],[-73.39347,-9.82257],[-73.35524,-9.8727],[-73.30922,-9.89299],[-73.2193,-9.99931],[-73.15274,-10.03953],[-73.11253,-10.01775],[-73.09318,-9.94954],[-73.1032,-9.87523],[-73.22849,-9.84651],[-73.21776,-9.82747],[-73.24293,-9.7311],[-73.2734,-9.66459],[-73.22714,-9.65685],[-73.21248,-9.57415],[-73.18963,-9.5268],[-73.20617,-9.48432],[-73.20044,-9.4114],[-72.71691,-9.41219],[-72.6977,-9.43596],[-72.64225,-9.44232],[-72.5304,-9.48231],[-72.40706,-9.47729],[-72.34082,-9.5066],[-72.31798,-9.54414],[-72.28133,-9.5423],[-72.28832,-9.60282],[-72.24602,-9.65728],[-72.25899,-9.71219],[-72.21487,-9.77882],[-72.15136,-9.79742],[-72.16206,-9.83107],[-72.15071,-9.90574],[-72.17389,-9.93019],[-72.1804,-9.99967],[-72.18935,-10.02087],[-72.14657,-10.09846],[-72.15695,-10.16526],[-72.21413,-10.15971],[-72.24255,-10.18881],[-72.3361,-10.17948],[-72.38177,-10.2225],[-72.44472,-10.25504],[-72.47306,-10.30171],[-72.4782,-10.36771],[-72.42245,-10.44647],[-72.40789,-10.51705],[-72.3808,-10.53783],[-72.4061,-10.64946],[-72.44337,-10.63649],[-72.48435,-10.79219],[-72.43721,-10.84259],[-72.40006,-10.92981],[-72.3203,-10.98028],[-72.26213,-10.97168],[-72.21027,-11.01328],[-72.18181,-11.00972]]]}},{"type":"Feature","properties":{"COUNT":10,"FIRST_IDPR":"2002","NOMBPROV":"AYABACA","FIRST_NOMB":"PIURA","LAST_DCTO":"LEY","LAST_LEY":"S/N","FIRST_FECH":"EPOCA INDEP.","LAST_FECHA":"02/01/1857","MIN_SHAPE_":522900.137013,"ha":522900.14},"geometry":{"type":"Polygon","coordinates":[[[-79.38914,-4.83428],[-79.39346,-4.88079],[-79.4514,-4.95474],[-79.4821,-5.02475],[-79.49241,-5.08526],[-79.55598,-5.076],[-79.64221,-5.10722],[-79.67826,-5.09355],[-79.78848,-4.99082],[-79.86243,-4.97204],[-79.90917,-5.0194],[-79.95932,-5.0367],[-80.00225,-5.01597],[-80.0388,-5.02636],[-80.08256,-5.00447],[-80.10245,-4.92904],[-80.11709,-4.88237],[-80.0964,-4.83845],[-80.07732,-4.73155],[-80.02569,-4.71823],[-80.03555,-4.65635],[-80.12357,-4.67301],[-80.15342,-4.60419],[-80.22143,-4.59545],[-80.20148,-4.56699],[-80.2338,-4.44182],[-80.28988,-4.43324],[-80.19486,-4.34636],[-80.17871,-4.30378],[-80.10424,-4.29096],[-79.99177,-4.37996],[-79.9207,-4.38561],[-79.87135,-4.41298],[-79.83984,-4.4676],[-79.79388,-4.49298],[-79.70876,-4.47149],[-79.65546,-4.43416],[-79.62814,-4.43911],[-79.56339,-4.51427],[-79.49794,-4.52123],[-79.47939,-4.57285],[-79.48825,-4.62599],[-79.38914,-4.83428]]]}},{"type":"Feature","properties":{"COUNT":17,"FIRST_IDPR":"0304","NOMBPROV":"AYMARAES","FIRST_NOMB":"APURIMAC","LAST_DCTO":"LEY","LAST_LEY":"13787","FIRST_FECH":"01/06/1914","LAST_FECHA":"27/12/1961","MIN_SHAPE_":412862.544002,"ha":412862.54},"geometry":{"type":"Polygon","coordinates":[[[-73.1719,-13.80364],[-73.07374,-13.89699],[-73.0376,-13.90528],[-73.02449,-13.99204],[-73.01974,-14.11262],[-73.04986,-14.12214],[-73.07634,-14.20631],[-73.04578,-14.2631],[-73.08264,-14.32878],[-73.04752,-14.34503],[-73.03806,-14.39018],[-72.9805,-14.44115],[-72.99776,-14.48208],[-72.99744,-14.5814],[-73.01427,-14.58539],[-73.01329,-14.61434],[-73.01638,-14.62078],[-73.0174,-14.63071],[-73.02203,-14.62732],[-73.03316,-14.62632],[-73.03437,-14.62537],[-73.03959,-14.62433],[-73.04361,-14.62567],[-73.0414,-14.64695],[-73.04039,-14.64939],[-73.04419,-14.65781],[-73.05221,-14.65921],[-73.05439,-14.65988],[-73.06312,-14.6658],[-73.0649,-14.66557],[-73.06937,-14.66167],[-73.07447,-14.65832],[-73.07843,-14.65606],[-73.09632,-14.65048],[-73.10444,-14.66787],[-73.10669,-14.66886],[-73.10675,-14.67695],[-73.10464,-14.68299],[-73.12115,-14.69158],[-73.12207,-14.69026],[-73.12352,-14.68194],[-73.13196,-14.68153],[-73.13338,-14.68095],[-73.14729,-14.67778],[-73.17222,-14.68501],[-73.17963,-14.68818],[-73.18183,-14.69177],[-73.18399,-14.6969],[-73.18801,-14.70339],[-73.19041,-14.70577],[-73.2023,-14.70452],[-73.21827,-14.70161],[-73.21988,-14.703],[-73.22549,-14.70748],[-73.22737,-14.70842],[-73.23298,-14.71043],[-73.23904,-14.71107],[-73.25122,-14.71139],[-73.26722,-14.7181],[-73.27006,-14.72131],[-73.27305,-14.72384],[-73.27641,-14.72758],[-73.2775,-14.72853],[-73.28973,-14.73273],[-73.32174,-14.71621],[-73.32833,-14.71736],[-73.33771,-14.71067],[-73.35194,-14.70265],[-73.3522,-14.70163],[-73.35473,-14.69196],[-73.35636,-14.68697],[-73.37009,-14.68816],[-73.37058,-14.69403],[-73.37544,-14.7011],[-73.3843,-14.70818],[-73.40062,-14.74393],[-73.40455,-14.7655],[-73.41534,-14.77119],[-73.42483,-14.77775],[-73.43292,-14.78182],[-73.43789,-14.78487],[-73.44011,-14.78806],[-73.45249,-14.80284],[-73.45426,-14.81074],[-73.4607,-14.82925],[-73.46562,-14.84026],[-73.46827,-14.839],[-73.47451,-14.83991],[-73.47614,-14.84049],[-73.47994,-14.8417],[-73.48017,-14.84192],[-73.48503,-14.84257],[-73.48633,-14.84159],[-73.49152,-14.83755],[-73.4924,-14.83695],[-73.49486,-14.83463],[-73.49736,-14.83127],[-73.4986,-14.82938],[-73.49995,-14.82845],[-73.50107,-14.82826],[-73.50784,-14.82534],[-73.51237,-14.82633],[-73.51484,-14.82467],[-73.51432,-14.82218],[-73.5198,-14.8131],[-73.5203,-14.81204],[-73.51999,-14.81112],[-73.52021,-14.81067],[-73.52219,-14.80827],[-73.52317,-14.80752],[-73.52696,-14.80348],[-73.52819,-14.8017],[-73.52981,-14.80079],[-73.53248,-14.79992],[-73.5346,-14.79891],[-73.54117,-14.8005],[-73.54901,-14.80161],[-73.55228,-14.79516],[-73.55368,-14.79086],[-73.55352,-14.78936],[-73.55721,-14.78569],[-73.55844,-14.78447],[-73.55892,-14.78319],[-73.56034,-14.7826],[-73.5627,-14.78018],[-73.56575,-14.77241],[-73.56441,-14.76896],[-73.56405,-14.76604],[-73.56372,-14.76484],[-73.56408,-14.76038],[-73.56305,-14.75478],[-73.56234,-14.75352],[-73.56314,-14.75145],[-73.56449,-14.74766],[-73.56369,-14.74624],[-73.56254,-14.74411],[-73.56255,-14.7436],[-73.5628,-14.74216],[-73.56371,-14.73686],[-73.56585,-14.7336],[-73.56793,-14.73343],[-73.57075,-14.72823],[-73.57149,-14.72679],[-73.57089,-14.72542],[-73.57055,-14.72544],[-73.56949,-14.71976],[-73.57285,-14.72053],[-73.5757,-14.71818],[-73.5769,-14.71551],[-73.57678,-14.71303],[-73.57673,-14.71169],[-73.57155,-14.70636],[-73.57332,-14.70302],[-73.57472,-14.70155],[-73.57502,-14.70141],[-73.5751,-14.69958],[-73.57364,-14.6981],[-73.57361,-14.69755],[-73.57419,-14.6962],[-73.5746,-14.6958],[-73.57538,-14.69492],[-73.57429,-14.69499],[-73.57088,-14.69413],[-73.5705,-14.69312],[-73.57071,-14.69267],[-73.5721,-14.68855],[-73.5711,-14.68727],[-73.56337,-14.68104],[-73.53908,-14.67328],[-73.53736,-14.67341],[-73.53575,-14.67359],[-73.51015,-14.64626],[-73.52992,-14.59492],[-73.53086,-14.59356],[-73.53333,-14.58707],[-73.53338,-14.58102],[-73.51912,-14.57067],[-73.51537,-14.56769],[-73.50999,-14.54745],[-73.50701,-14.54431],[-73.45313,-14.40255],[-73.40903,-14.33609],[-73.36877,-14.31074],[-73.40981,-14.10734],[-73.37865,-14.09185],[-73.37875,-14.03355],[-73.3538,-13.98434],[-73.35454,-13.92656],[-73.28557,-13.89354],[-73.24501,-13.81506],[-73.1719,-13.80364]]]}},{"type":"Feature","properties":{"COUNT":15,"FIRST_IDPR":"2102","NOMBPROV":"AZANGARO","FIRST_NOMB":"PUNO","LAST_DCTO":"DEC.","LAST_LEY":"S/N","FIRST_FECH":"EPOCA INDEP.","LAST_FECHA":"02/05/1854","MIN_SHAPE_":512576.432696,"ha":512576.43},"geometry":{"type":"Polygon","coordinates":[[[-69.88987,-14.43569],[-69.89059,-14.43606],[-69.89087,-14.43672],[-69.89128,-14.4391],[-69.89185,-14.44012],[-69.89291,-14.4483],[-69.89277,-14.44954],[-69.89084,-14.45568],[-69.88982,-14.45895],[-69.89013,-14.46095],[-69.89012,-14.46621],[-69.89012,-14.46697],[-69.89061,-14.47118],[-69.89193,-14.47429],[-69.89303,-14.47599],[-69.89526,-14.47857],[-69.89719,-14.47904],[-69.89973,-14.48049],[-69.90369,-14.4807],[-69.90503,-14.48025],[-69.91051,-14.48371],[-69.9153,-14.48458],[-69.91886,-14.48368],[-69.92048,-14.48389],[-69.93318,-14.4883],[-69.94065,-14.49123],[-69.94488,-14.49171],[-69.94867,-14.49138],[-69.95041,-14.49262],[-69.9503,-14.49288],[-69.95013,-14.49346],[-69.95001,-14.49363],[-69.95004,-14.49464],[-69.95001,-14.49603],[-69.95066,-14.49817],[-69.95178,-14.49838],[-69.95207,-14.49879],[-69.95267,-14.50057],[-69.95287,-14.50126],[-69.95291,-14.50161],[-69.95335,-14.50245],[-69.95404,-14.5039],[-69.95599,-14.50494],[-69.95643,-14.50554],[-69.95692,-14.5057],[-69.9577,-14.50531],[-69.96131,-14.50732],[-69.96202,-14.50744],[-69.96522,-14.51082],[-69.9655,-14.51117],[-69.96616,-14.5133],[-69.96712,-14.51445],[-69.9681,-14.51465],[-69.97052,-14.51448],[-69.97172,-14.51424],[-69.97373,-14.51447],[-69.9745,-14.51493],[-69.9762,-14.51747],[-69.97821,-14.52345],[-69.97909,-14.52447],[-69.98162,-14.52493],[-69.98508,-14.52342],[-69.98637,-14.52401],[-69.98757,-14.52568],[-69.98925,-14.5273],[-69.99007,-14.52829],[-69.99113,-14.52939],[-69.9937,-14.53469],[-69.9961,-14.53733],[-70.00067,-14.54172],[-70.00331,-14.55065],[-70.00306,-14.55178],[-70.00935,-14.55842],[-70.01091,-14.55849],[-70.00901,-14.55999],[-70.00346,-14.56587],[-70.00371,-14.56697],[-70.00193,-14.57009],[-70.00033,-14.5708],[-69.99918,-14.57243],[-69.99858,-14.57471],[-69.99197,-14.57865],[-69.99161,-14.57879],[-69.99106,-14.57966],[-69.98859,-14.58332],[-69.98758,-14.58367],[-69.98582,-14.58379],[-69.98449,-14.58379],[-69.97951,-14.5826],[-69.97078,-14.5753],[-69.96287,-14.57354],[-69.96153,-14.57401],[-69.95676,-14.5718],[-69.95132,-14.5708],[-69.94307,-14.57184],[-69.93797,-14.5696],[-69.93277,-14.56879],[-69.92201,-14.57461],[-69.92046,-14.57716],[-69.91903,-14.5785],[-69.91162,-14.57847],[-69.90971,-14.57711],[-69.90772,-14.57506],[-69.90181,-14.56594],[-69.89938,-14.56623],[-69.89225,-14.56911],[-69.88676,-14.57769],[-69.88974,-14.58448],[-69.88976,-14.5852],[-69.88481,-14.59256],[-69.87882,-14.59898],[-69.87683,-14.60129],[-69.87653,-14.60104],[-69.87403,-14.59974],[-69.87278,-14.59946],[-69.87074,-14.59545],[-69.8694,-14.59343],[-69.86843,-14.59052],[-69.86856,-14.588],[-69.86706,-14.58554],[-69.8643,-14.58712],[-69.86375,-14.58807],[-69.85993,-14.59477],[-69.8602,-14.59826],[-69.85968,-14.59979],[-69.85909,-14.60175],[-69.85879,-14.60493],[-69.85801,-14.60608],[-69.85665,-14.60726],[-69.85647,-14.60807],[-69.85523,-14.6115],[-69.85752,-14.6156],[-69.85955,-14.61917],[-69.8591,-14.6236],[-69.85853,-14.62498],[-69.85667,-14.62915],[-69.85667,-14.64159],[-69.85602,-14.64313],[-69.85643,-14.64532],[-69.85514,-14.6508],[-69.85441,-14.65212],[-69.8518,-14.65394],[-69.85047,-14.65418],[-69.84859,-14.6558],[-69.85145,-14.66438],[-69.85227,-14.66623],[-69.8502,-14.67572],[-69.85067,-14.67755],[-69.85257,-14.68072],[-69.85592,-14.68266],[-69.85772,-14.68398],[-69.85866,-14.68555],[-69.85644,-14.68971],[-69.85575,-14.69065],[-69.85522,-14.70107],[-69.84919,-14.71216],[-69.84804,-14.71488],[-69.84849,-14.71889],[-69.84568,-14.72071],[-69.84124,-14.72267],[-69.83798,-14.73041],[-69.83839,-14.73271],[-69.83831,-14.73324],[-69.83616,-14.73924],[-69.83649,-14.74072],[-69.8369,-14.74266],[-69.83821,-14.74475],[-69.8392,-14.74573],[-69.84106,-14.74826],[-69.84906,-14.75671],[-69.85169,-14.75799],[-69.85321,-14.75927],[-69.85397,-14.76471],[-69.85418,-14.76604],[-69.85348,-14.76746],[-69.85372,-14.76883],[-69.85358,-14.76942],[-69.853,-14.77101],[-69.85785,-14.77686],[-69.85712,-14.77873],[-69.85093,-14.7873],[-69.84957,-14.78969],[-69.84954,-14.7899],[-69.84957,-14.79008],[-69.84995,-14.79047],[-69.85131,-14.79153],[-69.85209,-14.79213],[-69.90437,-14.83275],[-69.90323,-14.8385],[-69.90166,-14.84483],[-69.89761,-14.85157],[-69.90722,-14.86026],[-69.9203,-14.86312],[-69.93155,-14.8501],[-69.94873,-14.84975],[-69.96229,-14.85145],[-69.96994,-14.86026],[-69.97331,-14.86247],[-69.97575,-14.86612],[-69.97722,-14.86679],[-69.98116,-14.86739],[-69.98384,-14.87786],[-69.97981,-14.8821],[-69.97656,-14.89907],[-69.97672,-14.90264],[-69.97691,-14.90537],[-69.96757,-14.9223],[-69.96673,-14.92382],[-69.96868,-14.927],[-69.97516,-14.94617],[-69.97083,-14.94958],[-69.96681,-14.95237],[-69.96421,-14.95484],[-69.96321,-14.95602],[-69.95828,-14.96518],[-69.96043,-14.96767],[-69.96132,-14.96872],[-69.96158,-14.97776],[-69.95979,-14.98064],[-69.96022,-14.98142],[-69.96116,-14.98395],[-69.96431,-14.99518],[-69.9585,-15.03923],[-69.95588,-15.04317],[-69.94331,-15.05698],[-69.93557,-15.05841],[-69.9295,-15.05853],[-69.92229,-15.05915],[-69.92095,-15.07172],[-69.9189,-15.07267],[-69.91604,-15.07953],[-69.92188,-15.09098],[-69.91576,-15.09904],[-69.91111,-15.09508],[-69.91042,-15.09454],[-69.90619,-15.10079],[-69.90569,-15.10287],[-69.90201,-15.10622],[-69.90066,-15.10989],[-69.89826,-15.1108],[-69.8839,-15.10268],[-69.8823,-15.10442],[-69.87925,-15.11515],[-69.88019,-15.11672],[-69.8903,-15.12933],[-69.89147,-15.13098],[-69.89143,-15.13129],[-69.89663,-15.14675],[-69.8975,-15.15576],[-69.8975,-15.15656],[-69.89943,-15.17144],[-69.89931,-15.17492],[-69.89935,-15.17494],[-69.89424,-15.18342],[-69.88257,-15.19348],[-69.9107,-15.19592],[-70.02036,-15.15363],[-70.04495,-15.11066],[-70.11616,-15.16793],[-70.06054,-15.19405],[-69.95182,-15.21972],[-69.89149,-15.20648],[-69.89362,-15.20983],[-69.89686,-15.21797],[-69.89704,-15.22668],[-69.90111,-15.23337],[-69.9034,-15.23549],[-69.90556,-15.23431],[-69.91438,-15.23341],[-69.92074,-15.2325],[-69.92218,-15.23292],[-69.92709,-15.2372],[-69.9301,-15.24264],[-69.93884,-15.24183],[-69.99836,-15.27843],[-70.0041,-15.29407],[-70.00353,-15.29465],[-70.00419,-15.31678],[-70.006,-15.32709],[-70.0039,-15.32891],[-69.9974,-15.33667],[-69.99509,-15.33924],[-69.99179,-15.34402],[-69.98915,-15.34564],[-69.98876,-15.346],[-69.98874,-15.34994],[-69.98907,-15.35056],[-69.99059,-15.35459],[-69.98706,-15.36395],[-69.97771,-15.37878],[-69.97605,-15.38218],[-69.97539,-15.38341],[-69.97527,-15.38585],[-69.97803,-15.38885],[-69.98184,-15.39116],[-69.98229,-15.39171],[-69.98473,-15.39344],[-69.98809,-15.39221],[-69.99467,-15.39254],[-69.9955,-15.39285],[-69.99971,-15.39552],[-70.01087,-15.39996],[-70.02252,-15.39903],[-70.02545,-15.39837],[-70.03093,-15.39154],[-70.07297,-15.36056],[-70.08582,-15.37353],[-70.1342,-15.37894],[-70.14479,-15.36855],[-70.1569,-15.37301],[-70.15504,-15.32402],[-70.1537,-15.32021],[-70.14809,-15.31263],[-70.15266,-15.30719],[-70.15836,-15.29346],[-70.16364,-15.2943],[-70.16426,-15.29524],[-70.16703,-15.29785],[-70.16938,-15.29917],[-70.17204,-15.30196],[-70.17318,-15.30272],[-70.17782,-15.30123],[-70.18008,-15.30034],[-70.18371,-15.30017],[-70.18959,-15.30003],[-70.19543,-15.29927],[-70.20429,-15.2982],[-70.20717,-15.27932],[-70.20782,-15.27321],[-70.22113,-15.25135],[-70.22739,-15.25197],[-70.22613,-15.23558],[-70.22678,-15.22632],[-70.2262,-15.2247],[-70.22757,-15.20966],[-70.23334,-15.19927],[-70.27879,-15.16725],[-70.28672,-15.1671],[-70.31633,-15.16614],[-70.35509,-15.1646],[-70.35691,-15.16255],[-70.35711,-15.16095],[-70.3542,-15.15882],[-70.3505,-15.15755],[-70.34994,-15.15686],[-70.34913,-15.1554],[-70.34905,-15.15461],[-70.35036,-15.14781],[-70.35179,-15.14654],[-70.35379,-15.14645],[-70.35804,-15.1457],[-70.35972,-15.14499],[-70.34739,-15.13846],[-70.34722,-15.13776],[-70.34776,-15.13481],[-70.34901,-15.13282],[-70.35759,-15.13038],[-70.35909,-15.12294],[-70.358,-15.12171],[-70.35643,-15.12101],[-70.35537,-15.12079],[-70.34813,-15.12092],[-70.35098,-15.11555],[-70.35564,-15.11818],[-70.36008,-15.11707],[-70.36016,-15.11444],[-70.35988,-15.11333],[-70.35768,-15.10513],[-70.35681,-15.10338],[-70.3522,-15.09403],[-70.35164,-15.09191],[-70.34937,-15.08348],[-70.3467,-15.0839],[-70.34543,-15.083],[-70.34798,-15.08186],[-70.34599,-15.07677],[-70.34476,-15.07459],[-70.34754,-15.07062],[-70.34921,-15.06932],[-70.35227,-15.06489],[-70.35489,-15.0606],[-70.35482,-15.05811],[-70.35494,-15.05689],[-70.35672,-15.05418],[-70.3586,-15.05246],[-70.3606,-15.04819],[-70.36016,-15.04729],[-70.35693,-15.04595],[-70.35424,-15.0443],[-70.35402,-15.04014],[-70.36165,-15.03138],[-70.35899,-15.03172],[-70.35612,-15.03328],[-70.35484,-15.03336],[-70.35285,-15.03368],[-70.3452,-15.03246],[-70.34507,-15.03197],[-70.34795,-15.02958],[-70.34891,-15.02916],[-70.35677,-15.02373],[-70.35969,-15.02222],[-70.36095,-15.02135],[-70.36284,-15.01872],[-70.36453,-15.01517],[-70.36524,-15.0136],[-70.3654,-15.01194],[-70.36516,-15.0111],[-70.36283,-15.0079],[-70.36393,-14.99668],[-70.36487,-14.99644],[-70.36776,-14.99692],[-70.37054,-15.00181],[-70.37374,-15.00307],[-70.38416,-14.99675],[-70.38378,-14.99596],[-70.38342,-14.99494],[-70.37431,-14.99695],[-70.37328,-14.99072],[-70.3745,-14.99105],[-70.3779,-14.99249],[-70.37921,-14.98858],[-70.3782,-14.98783],[-70.37563,-14.98508],[-70.38322,-14.98296],[-70.38562,-14.9833],[-70.39027,-14.98173],[-70.39154,-14.97981],[-70.38996,-14.97765],[-70.38601,-14.97382],[-70.38583,-14.97351],[-70.39159,-14.97132],[-70.3927,-14.97196],[-70.39621,-14.97452],[-70.39766,-14.97413],[-70.39937,-14.9713],[-70.40063,-14.96925],[-70.40136,-14.96886],[-70.40215,-14.96592],[-70.40156,-14.96426],[-70.40257,-14.95943],[-70.40398,-14.95843],[-70.40469,-14.9581],[-70.4064,-14.95901],[-70.40675,-14.95972],[-70.41137,-14.96585],[-70.41347,-14.96595],[-70.41581,-14.96593],[-70.42052,-14.96356],[-70.4278,-14.95814],[-70.42792,-14.95753],[-70.42782,-14.95641],[-70.42819,-14.95512],[-70.42857,-14.95427],[-70.42976,-14.95286],[-70.43003,-14.95242],[-70.4393,-14.9542],[-70.44389,-14.95231],[-70.44771,-14.9497],[-70.44821,-14.94862],[-70.44608,-14.94544],[-70.44542,-14.94491],[-70.44824,-14.94053],[-70.44892,-14.94027],[-70.46088,-14.93494],[-70.46453,-14.93357],[-70.46553,-14.93139],[-70.465,-14.9304],[-70.46407,-14.92948],[-70.46285,-14.92872],[-70.46295,-14.92767],[-70.46362,-14.92764],[-70.46552,-14.92815],[-70.4657,-14.92799],[-70.46793,-14.92602],[-70.46617,-14.92422],[-70.46593,-14.92283],[-70.46682,-14.92123],[-70.46614,-14.92067],[-70.46524,-14.91136],[-70.46389,-14.90641],[-70.46295,-14.90111],[-70.46102,-14.89214],[-70.46104,-14.89112],[-70.45754,-14.88468],[-70.45628,-14.88295],[-70.45598,-14.88081],[-70.44934,-14.8749],[-70.44884,-14.87405],[-70.44387,-14.87097],[-70.44111,-14.86763],[-70.43767,-14.8609],[-70.43733,-14.86024],[-70.43748,-14.85552],[-70.43814,-14.85521],[-70.44021,-14.85273],[-70.44319,-14.83661],[-70.44207,-14.83346],[-70.45043,-14.82759],[-70.45193,-14.82742],[-70.45397,-14.82584],[-70.45298,-14.82038],[-70.44846,-14.81065],[-70.44674,-14.80353],[-70.44681,-14.80116],[-70.44552,-14.79813],[-70.44554,-14.78799],[-70.43056,-14.7735],[-70.42672,-14.76867],[-70.41767,-14.73375],[-70.41185,-14.72748],[-70.40421,-14.72061],[-70.40199,-14.71847],[-70.39853,-14.70352],[-70.38848,-14.68367],[-70.38597,-14.67972],[-70.38475,-14.67696],[-70.38359,-14.67332],[-70.38273,-14.6704],[-70.3821,-14.66787],[-70.38385,-14.66323],[-70.38579,-14.65823],[-70.38763,-14.64525],[-70.38772,-14.64264],[-70.38775,-14.63671],[-70.39193,-14.63325],[-70.39526,-14.63265],[-70.4032,-14.62452],[-70.41109,-14.61832],[-70.41446,-14.61659],[-70.41644,-14.61582],[-70.4181,-14.61117],[-70.41794,-14.61018],[-70.41596,-14.60582],[-70.42428,-14.58496],[-70.42487,-14.58401],[-70.42348,-14.57374],[-70.40578,-14.56328],[-70.40404,-14.5623],[-70.3909,-14.57019],[-70.38957,-14.57121],[-70.38842,-14.57216],[-70.38729,-14.57362],[-70.37683,-14.58455],[-70.37062,-14.59222],[-70.36846,-14.59494],[-70.36467,-14.59732],[-70.36253,-14.59561],[-70.35618,-14.58868],[-70.35506,-14.58803],[-70.34493,-14.58343],[-70.34349,-14.58055],[-70.34206,-14.57803],[-70.34281,-14.5733],[-70.35134,-14.55874],[-70.35398,-14.55767],[-70.3653,-14.55114],[-70.36664,-14.55067],[-70.36875,-14.54347],[-70.3692,-14.54105],[-70.3614,-14.53902],[-70.3543,-14.53328],[-70.35256,-14.5304],[-70.35262,-14.52984],[-70.35258,-14.52871],[-70.35332,-14.52587],[-70.35397,-14.52394],[-70.35437,-14.52182],[-70.35406,-14.52116],[-70.35291,-14.5161],[-70.35253,-14.51437],[-70.35215,-14.51205],[-70.35278,-14.50916],[-70.35285,-14.50895],[-70.3528,-14.50767],[-70.35242,-14.50694],[-70.35159,-14.50622],[-70.34967,-14.50482],[-70.34935,-14.50409],[-70.34901,-14.50316],[-70.34855,-14.50243],[-70.34837,-14.50221],[-70.34745,-14.5016],[-70.34679,-14.50127],[-70.34557,-14.49981],[-70.34524,-14.49784],[-70.34272,-14.49589],[-70.33828,-14.48861],[-70.3378,-14.48658],[-70.33805,-14.48197],[-70.33822,-14.48126],[-70.33636,-14.47757],[-70.33268,-14.47208],[-70.33059,-14.46977],[-70.3304,-14.46911],[-70.32964,-14.46826],[-70.32923,-14.46235],[-70.33028,-14.45947],[-70.33018,-14.45805],[-70.33084,-14.45681],[-70.33163,-14.45629],[-70.33215,-14.45498],[-70.33396,-14.45329],[-70.33401,-14.45264],[-70.33282,-14.44983],[-70.33253,-14.44887],[-70.332,-14.44803],[-70.33191,-14.44757],[-70.33222,-14.44701],[-70.33153,-14.44598],[-70.33066,-14.4433],[-70.32978,-14.43915],[-70.32985,-14.437],[-70.32927,-14.43293],[-70.3291,-14.43116],[-70.32838,-14.43088],[-70.32669,-14.42741],[-70.32646,-14.42634],[-70.32668,-14.42318],[-70.32717,-14.4193],[-70.3268,-14.41885],[-70.32444,-14.41413],[-70.32321,-14.41285],[-70.31803,-14.40601],[-70.31826,-14.40492],[-70.31935,-14.39816],[-70.31932,-14.39704],[-70.31948,-14.39359],[-70.31905,-14.39214],[-70.31795,-14.3878],[-70.3176,-14.38649],[-70.31546,-14.37932],[-70.31992,-14.37547],[-70.3229,-14.37319],[-70.32363,-14.37064],[-70.32361,-14.36613],[-70.32397,-14.36356],[-70.32357,-14.3621],[-70.32342,-14.3612],[-70.32665,-14.35664],[-70.32665,-14.3499],[-70.32229,-14.3459],[-70.31753,-14.34263],[-70.31669,-14.34189],[-70.31473,-14.34024],[-70.31429,-14.34011],[-70.30128,-14.34357],[-70.29194,-14.33888],[-70.28615,-14.33366],[-70.28355,-14.33148],[-70.28114,-14.3294],[-70.28023,-14.32829],[-70.27651,-14.32256],[-70.27383,-14.31434],[-70.2731,-14.31221],[-70.27267,-14.31063],[-70.27168,-14.3095],[-70.27117,-14.30808],[-70.26903,-14.30334],[-70.2681,-14.30094],[-70.2676,-14.29671],[-70.26726,-14.29408],[-70.26669,-14.2895],[-70.26753,-14.28572],[-70.26824,-14.28297],[-70.26644,-14.28305],[-70.25129,-14.30545],[-70.24978,-14.30617],[-70.24441,-14.30726],[-70.24061,-14.30877],[-70.23862,-14.30913],[-70.22592,-14.30284],[-70.2234,-14.29476],[-70.22371,-14.29047],[-70.22261,-14.28268],[-70.22072,-14.27751],[-70.20937,-14.26842],[-70.20407,-14.27461],[-70.20183,-14.27811],[-70.19857,-14.28132],[-70.19396,-14.28672],[-70.18907,-14.2897],[-70.17977,-14.29391],[-70.18035,-14.30107],[-70.18039,-14.30218],[-70.18193,-14.30966],[-70.18184,-14.31223],[-70.18273,-14.31538],[-70.18297,-14.31607],[-70.18302,-14.31758],[-70.18283,-14.31808],[-70.18328,-14.31932],[-70.18142,-14.31857],[-70.18079,-14.31933],[-70.18066,-14.31942],[-70.17976,-14.3212],[-70.17793,-14.32151],[-70.17585,-14.32115],[-70.17534,-14.3205],[-70.17265,-14.31872],[-70.17213,-14.319],[-70.17149,-14.31977],[-70.1711,-14.32121],[-70.17118,-14.32154],[-70.17055,-14.32358],[-70.16921,-14.32289],[-70.16912,-14.32257],[-70.17035,-14.32036],[-70.16822,-14.31768],[-70.16831,-14.31915],[-70.1683,-14.31948],[-70.16765,-14.32307],[-70.16705,-14.32394],[-70.16637,-14.32322],[-70.16669,-14.3217],[-70.16626,-14.3212],[-70.16463,-14.32127],[-70.16417,-14.32197],[-70.1641,-14.32396],[-70.15797,-14.32504],[-70.1582,-14.32539],[-70.15965,-14.32685],[-70.16005,-14.32811],[-70.15979,-14.32857],[-70.15939,-14.33157],[-70.1582,-14.33324],[-70.1577,-14.33158],[-70.15764,-14.3313],[-70.15568,-14.3324],[-70.15621,-14.33383],[-70.15528,-14.33521],[-70.15259,-14.33615],[-70.15085,-14.33992],[-70.1488,-14.3407],[-70.14819,-14.33916],[-70.14622,-14.33708],[-70.14406,-14.33834],[-70.14487,-14.34121],[-70.14243,-14.34206],[-70.14131,-14.34497],[-70.13933,-14.3467],[-70.13751,-14.34703],[-70.13755,-14.35031],[-70.13765,-14.35364],[-70.13542,-14.35514],[-70.13504,-14.35496],[-70.13458,-14.35262],[-70.13261,-14.34984],[-70.13203,-14.34945],[-70.13012,-14.35203],[-70.12949,-14.35247],[-70.12591,-14.35278],[-70.12503,-14.35304],[-70.12006,-14.35529],[-70.11978,-14.35239],[-70.11972,-14.35224],[-70.11864,-14.35157],[-70.11702,-14.35215],[-70.11658,-14.35249],[-70.11686,-14.35472],[-70.11663,-14.3551],[-70.11494,-14.3547],[-70.11403,-14.35491],[-70.11345,-14.35622],[-70.11296,-14.35739],[-70.11131,-14.35873],[-70.1106,-14.35879],[-70.107,-14.35893],[-70.10636,-14.35922],[-70.10291,-14.35998],[-70.10201,-14.36031],[-70.1013,-14.36037],[-70.09897,-14.36034],[-70.09755,-14.35907],[-70.09223,-14.36112],[-70.08938,-14.36166],[-70.08816,-14.36296],[-70.08563,-14.36342],[-70.08359,-14.36272],[-70.08163,-14.36227],[-70.0793,-14.36227],[-70.07808,-14.36268],[-70.0775,-14.36397],[-70.07638,-14.36457],[-70.07319,-14.36523],[-70.06918,-14.36636],[-70.06583,-14.3663],[-70.06368,-14.3678],[-70.06286,-14.36804],[-70.06211,-14.36819],[-70.06054,-14.36737],[-70.06008,-14.36742],[-70.05601,-14.36895],[-70.05389,-14.36995],[-70.05234,-14.3701],[-70.05011,-14.36933],[-70.04854,-14.36906],[-70.04551,-14.36776],[-70.04473,-14.36603],[-70.04192,-14.3653],[-70.03942,-14.36685],[-70.0371,-14.36853],[-70.02688,-14.36798],[-70.02538,-14.36794],[-70.02199,-14.36716],[-70.02023,-14.36676],[-70.01784,-14.36701],[-70.01582,-14.36741],[-70.0117,-14.3677],[-70.0103,-14.36784],[-70.0046,-14.36949],[-70.00366,-14.37019],[-70.00258,-14.36994],[-70.00136,-14.36954],[-69.99999,-14.37056],[-69.99693,-14.36869],[-69.99426,-14.36889],[-69.99115,-14.36929],[-69.98663,-14.36858],[-69.98472,-14.3681],[-69.97592,-14.36783],[-69.97428,-14.36783],[-69.96895,-14.37145],[-69.96295,-14.37377],[-69.9358,-14.4],[-69.93549,-14.40091],[-69.93214,-14.40159],[-69.92554,-14.40426],[-69.92127,-14.4053],[-69.9175,-14.40724],[-69.91575,-14.40752],[-69.90404,-14.41407],[-69.90225,-14.41514],[-69.89719,-14.42219],[-69.89774,-14.42431],[-69.89551,-14.42652],[-69.89469,-14.42682],[-69.8917,-14.43095],[-69.88987,-14.43569]]]}},{"type":"Feature","properties":{"COUNT":6,"FIRST_IDPR":"0102","NOMBPROV":"BAGUA","FIRST_NOMB":"AMAZONAS","LAST_DCTO":"LEY","LAST_LEY":"S/N","FIRST_FECH":"01/09/1941","LAST_FECHA":"05/02/1861","MIN_SHAPE_":573354.36072,"ha":573354.36},"geometry":{"type":"Polygon","coordinates":[[[-78.58981,-5.32494],[-78.68424,-5.26749],[-78.70911,-5.17963],[-78.70062,-5.10408],[-78.65771,-5.06742],[-78.61963,-5.00053],[-78.64582,-4.96227],[-78.60065,-4.77339],[-78.64466,-4.73645],[-78.63794,-4.65798],[-78.70596,-4.62387],[-78.66081,-4.58606],[-78.66112,-4.53008],[-78.63575,-4.50088],[-78.59892,-4.50909],[-78.58872,-4.56197],[-78.52243,-4.58575],[-78.46583,-4.64849],[-78.41693,-4.65953],[-78.36126,-4.6477],[-78.32948,-4.67954],[-78.27721,-4.66275],[-78.25335,-4.70521],[-78.2189,-4.65854],[-78.14729,-4.64319],[-78.12014,-4.69951],[-78.14524,-4.7581],[-78.11941,-4.84024],[-78.19484,-5.03789],[-78.15881,-5.10995],[-78.09932,-5.14609],[-78.0569,-5.20859],[-78.06761,-5.26527],[-78.10615,-5.342],[-78.14628,-5.33988],[-78.19222,-5.41721],[-78.23887,-5.47039],[-78.31183,-5.48599],[-78.32613,-5.56619],[-78.31651,-5.61763],[-78.36813,-5.62679],[-78.40557,-5.69026],[-78.45946,-5.71584],[-78.50331,-5.69156],[-78.56536,-5.58788],[-78.55475,-5.53807],[-78.55852,-5.49909],[-78.51518,-5.45435],[-78.5184,-5.39928],[-78.58981,-5.32494]]]}},{"type":"Feature","properties":{"COUNT":5,"FIRST_IDPR":"1502","NOMBPROV":"BARRANCA","FIRST_NOMB":"LIMA","LAST_DCTO":"-","LAST_LEY":"-","FIRST_FECH":"23/11/1976","LAST_FECHA":"EPOC.INDEP.","MIN_SHAPE_":137025.082121,"ha":137025.08},"geometry":{"type":"Polygon","coordinates":[[[-77.38557,-10.70759],[-77.40249,-10.76798],[-77.45815,-10.80996],[-77.46222,-10.87007],[-77.44429,-10.9161],[-77.52571,-10.93198],[-77.56139,-10.8784],[-77.59953,-10.86003],[-77.70152,-10.88612],[-77.70366,-10.85773],[-77.75018,-10.81774],[-77.74404,-10.79454],[-77.81066,-10.69989],[-77.88627,-10.61192],[-77.83299,-10.56748],[-77.77138,-10.57161],[-77.77244,-10.51248],[-77.79618,-10.48329],[-77.76021,-10.43022],[-77.75704,-10.34422],[-77.69875,-10.3221],[-77.6492,-10.34347],[-77.61943,-10.32783],[-77.59937,-10.38333],[-77.68392,-10.43139],[-77.73678,-10.56321],[-77.64426,-10.52741],[-77.64073,-10.59627],[-77.57665,-10.58375],[-77.58637,-10.64694],[-77.57717,-10.72857],[-77.49496,-10.7461],[-77.38557,-10.70759]]]}},{"type":"Feature","properties":{"COUNT":6,"FIRST_IDPR":"2202","NOMBPROV":"BELLAVISTA","FIRST_NOMB":"SAN MARTIN","LAST_DCTO":"LEY","LAST_LEY":"10164","FIRST_FECH":"05/01/1945","LAST_FECHA":"05/01/1945","MIN_SHAPE_":806890.527195,"ha":806890.53},"geometry":{"type":"Polygon","coordinates":[[[-75.98496,-8.32215],[-76.08718,-8.33691],[-76.10917,-8.37961],[-76.14578,-8.36755],[-76.16583,-8.31123],[-76.1971,-8.29444],[-76.23673,-8.21131],[-76.29965,-8.21746],[-76.33321,-8.20369],[-76.33081,-8.153],[-76.39274,-8.12022],[-76.45692,-8.05482],[-76.52005,-8.03136],[-76.56328,-7.99212],[-76.61433,-7.98571],[-76.62452,-7.9068],[-76.60573,-7.88143],[-76.63166,-7.84261],[-76.63024,-7.75348],[-76.59772,-7.68929],[-76.56561,-7.65719],[-76.57968,-7.60762],[-76.55148,-7.50429],[-76.57431,-7.38682],[-76.55779,-7.30708],[-76.6145,-7.21351],[-76.63377,-7.15228],[-76.6704,-7.12725],[-76.63265,-7.09897],[-76.63392,-6.98627],[-76.7108,-6.87223],[-76.73447,-6.80269],[-76.68553,-6.81022],[-76.62121,-6.77617],[-76.59627,-6.79445],[-76.52387,-6.72538],[-76.48149,-6.80742],[-76.47135,-6.85598],[-76.54864,-6.92833],[-76.52351,-6.97604],[-76.41768,-7.01832],[-76.38064,-7.01483],[-76.319,-7.05845],[-76.18599,-7.07591],[-76.15776,-7.10275],[-76.15794,-7.19829],[-76.14353,-7.20396],[-76.16666,-7.2676],[-76.21311,-7.31014],[-76.19604,-7.33353],[-76.21455,-7.40452],[-76.16615,-7.49431],[-76.09137,-7.56036],[-76.07989,-7.59116],[-76.09768,-7.64224],[-76.10159,-7.72266],[-76.08488,-7.76181],[-76.0438,-7.79234],[-75.96698,-7.96036],[-75.85939,-7.92117],[-75.82949,-7.9735],[-75.84493,-8.05964],[-75.91701,-8.07178],[-75.94959,-8.09923],[-75.94116,-8.18618],[-75.91336,-8.25439],[-75.93489,-8.31155],[-75.98496,-8.32215]]]}},{"type":"Feature","properties":{"COUNT":6,"FIRST_IDPR":"1303","NOMBPROV":"BOLIVAR","FIRST_NOMB":"LA LIBERTAD","LAST_DCTO":"LEY","LAST_LEY":"S/N","FIRST_FECH":"20/11/1916","LAST_FECHA":"02/01/1857","MIN_SHAPE_":173630.95565,"ha":173630.96},"geometry":{"type":"Polygon","coordinates":[[[-77.53095,-7.65448],[-77.54556,-7.67218],[-77.60594,-7.64713],[-77.62204,-7.62217],[-77.70093,-7.59354],[-77.74598,-7.47916],[-77.77199,-7.41846],[-77.81344,-7.39254],[-77.8296,-7.34764],[-77.83105,-7.31003],[-77.92269,-7.15746],[-77.95115,-7.06461],[-77.99951,-6.97053],[-77.92753,-6.98671],[-77.88034,-6.9625],[-77.84586,-6.9764],[-77.75893,-6.96451],[-77.71338,-7.10789],[-77.64353,-7.149],[-77.60553,-7.21916],[-77.64675,-7.24074],[-77.62865,-7.32002],[-77.63571,-7.35745],[-77.61027,-7.43486],[-77.55954,-7.46482],[-77.52692,-7.50484],[-77.5367,-7.58228],[-77.53095,-7.65448]]]}},{"type":"Feature","properties":{"COUNT":15,"FIRST_IDPR":"0205","NOMBPROV":"BOLOGNESI","FIRST_NOMB":"ANCASH","LAST_DCTO":"LEY","LAST_LEY":"S/N","FIRST_FECH":"29/01/1965","LAST_FECHA":"02/01/1857","MIN_SHAPE_":312887.533362,"ha":312887.53},"geometry":{"type":"Polygon","coordinates":[[[-77.18713,-9.83621],[-77.09279,-9.83675],[-77.0278,-9.76412],[-77.02384,-9.70433],[-76.98104,-9.72457],[-76.94539,-9.70257],[-76.90138,-9.7705],[-76.89521,-9.8156],[-76.81368,-9.96157],[-76.82405,-10.011],[-76.80842,-10.08485],[-76.91546,-10.11991],[-76.90625,-10.27419],[-76.96545,-10.30538],[-77.00672,-10.28423],[-77.02471,-10.32753],[-77.07161,-10.3381],[-77.11099,-10.40334],[-77.17604,-10.4831],[-77.17287,-10.40087],[-77.15821,-10.36192],[-77.22968,-10.33],[-77.24376,-10.26717],[-77.3595,-10.29203],[-77.39915,-10.27205],[-77.46252,-10.27566],[-77.48148,-10.34623],[-77.52364,-10.3874],[-77.59937,-10.38333],[-77.61943,-10.32783],[-77.6492,-10.34347],[-77.69875,-10.3221],[-77.69643,-10.25685],[-77.6744,-10.20671],[-77.57532,-10.24986],[-77.55465,-10.18846],[-77.51526,-10.1474],[-77.45867,-10.15616],[-77.40065,-10.13215],[-77.34581,-10.16053],[-77.32053,-10.12704],[-77.28367,-10.15421],[-77.21277,-10.13371],[-77.2016,-10.09338],[-77.21412,-10.02373],[-77.2056,-9.96703],[-77.17379,-9.91313],[-77.18713,-9.83621]]]}},{"type":"Feature","properties":{"COUNT":12,"FIRST_IDPR":"0103","NOMBPROV":"BONGARA","FIRST_NOMB":"AMAZONAS","LAST_DCTO":"LEY","LAST_LEY":"S/N","FIRST_FECH":"03/11/1933","LAST_FECHA":"26/12/1870","MIN_SHAPE_":283842.079303,"ha":283842.08},"geometry":{"type":"Polygon","coordinates":[[[-77.89095,-6.10269],[-77.98208,-5.96847],[-78.05031,-5.97717],[-78.07445,-5.92037],[-78.1308,-5.90256],[-78.07636,-5.76943],[-78.10397,-5.75504],[-77.98808,-5.56772],[-77.99127,-5.51408],[-77.94142,-5.48939],[-77.93136,-5.46081],[-77.95552,-5.39972],[-77.74529,-5.13302],[-77.69598,-5.16366],[-77.73956,-5.2126],[-77.69308,-5.26769],[-77.68207,-5.3384],[-77.69596,-5.41105],[-77.74483,-5.4069],[-77.76845,-5.43805],[-77.76576,-5.53898],[-77.73689,-5.60514],[-77.77371,-5.68521],[-77.76393,-5.81971],[-77.67788,-5.85965],[-77.65189,-5.93533],[-77.67167,-5.9741],[-77.71726,-5.9442],[-77.7745,-5.97432],[-77.80623,-6.03187],[-77.82187,-6.1305],[-77.89095,-6.10269]]]}},{"type":"Feature","properties":{"COUNT":4,"FIRST_IDPR":"0602","NOMBPROV":"CAJABAMBA","FIRST_NOMB":"CAJAMARCA","LAST_DCTO":"DEC.","LAST_LEY":"S/N","FIRST_FECH":"EPOCA INDEP.","LAST_FECHA":"11/02/1855","MIN_SHAPE_":178954.55983,"ha":178954.56},"geometry":{"type":"Polygon","coordinates":[[[-78.26115,-7.75402],[-78.3028,-7.69646],[-78.34796,-7.68572],[-78.37606,-7.63996],[-78.35679,-7.57401],[-78.36083,-7.52996],[-78.33583,-7.49525],[-78.34367,-7.41738],[-78.27738,-7.37345],[-78.21984,-7.38762],[-78.17438,-7.45727],[-78.13175,-7.48031],[-78.08497,-7.45431],[-78.01332,-7.46216],[-77.98263,-7.38746],[-77.94255,-7.34566],[-77.8831,-7.36419],[-77.8296,-7.34764],[-77.81344,-7.39254],[-77.77199,-7.41846],[-77.74598,-7.47916],[-77.84417,-7.51438],[-77.87044,-7.58533],[-77.91278,-7.6249],[-77.99864,-7.67907],[-78.08122,-7.69617],[-78.11605,-7.65401],[-78.22465,-7.75933],[-78.26115,-7.75402]]]}},{"type":"Feature","properties":{"COUNT":12,"FIRST_IDPR":"0601","NOMBPROV":"CAJAMARCA","FIRST_NOMB":"CAJAMARCA","LAST_DCTO":"LEY","LAST_LEY":"S/N","FIRST_FECH":"14/12/1870","LAST_FECHA":"02/01/1857","MIN_SHAPE_":298330.882677,"ha":298330.88},"geometry":{"type":"Polygon","coordinates":[[[-78.45348,-6.83419],[-78.42664,-6.93116],[-78.38619,-6.9258],[-78.34051,-6.95418],[-78.29145,-7.02327],[-78.21946,-7.07158],[-78.18369,-7.14915],[-78.23956,-7.20654],[-78.21621,-7.29654],[-78.27175,-7.29361],[-78.3073,-7.33362],[-78.27738,-7.37345],[-78.34367,-7.41738],[-78.33583,-7.49525],[-78.41563,-7.48507],[-78.49139,-7.55487],[-78.62457,-7.54856],[-78.6496,-7.52902],[-78.62984,-7.4455],[-78.69623,-7.41336],[-78.66541,-7.37901],[-78.62165,-7.28536],[-78.64985,-7.25563],[-78.74599,-7.21933],[-78.72,-7.17082],[-78.66171,-7.10299],[-78.62368,-7.01066],[-78.60498,-6.99725],[-78.61351,-6.92073],[-78.60138,-6.86763],[-78.53096,-6.79937],[-78.46596,-6.80684],[-78.45348,-6.83419]]]}},{"type":"Feature","properties":{"COUNT":5,"FIRST_IDPR":"1503","NOMBPROV":"CAJATAMBO","FIRST_NOMB":"LIMA","LAST_DCTO":"L.R.","LAST_LEY":"457","FIRST_FECH":"25/09/1868","LAST_FECHA":"22/01/1921","MIN_SHAPE_":152718.474354,"ha":152718.47},"geometry":{"type":"Polygon","coordinates":[[[-76.7999,-10.41913],[-76.82817,-10.42898],[-76.8572,-10.49336],[-76.86331,-10.62182],[-76.87947,-10.65622],[-76.95341,-10.69461],[-77.01097,-10.69599],[-77.05509,-10.69138],[-77.12272,-10.64896],[-77.19723,-10.68683],[-77.29433,-10.66039],[-77.3447,-10.60798],[-77.31063,-10.56769],[-77.25187,-10.54524],[-77.19099,-10.55213],[-77.17604,-10.4831],[-77.11099,-10.40334],[-77.07161,-10.3381],[-77.02471,-10.32753],[-77.00672,-10.28423],[-76.96545,-10.30538],[-76.90625,-10.27419],[-76.85639,-10.37727],[-76.7999,-10.41913]]]}},{"type":"Feature","properties":{"COUNT":8,"FIRST_IDPR":"0804","NOMBPROV":"CALCA","FIRST_NOMB":"CUSCO","LAST_DCTO":"LEY","LAST_LEY":"23383","FIRST_FECH":"28/02/1946","LAST_FECHA":"18/05/1982","MIN_SHAPE_":353947.81538,"ha":353947.82},"geometry":{"type":"Polygon","coordinates":[[[-71.71952,-13.55247],[-71.73767,-13.57012],[-71.80463,-13.50826],[-71.87546,-13.49935],[-71.98022,-13.4295],[-71.96868,-13.3986],[-72.04413,-13.29057],[-72.05768,-13.21945],[-72.1488,-13.17708],[-72.15242,-13.1386],[-72.19063,-13.09615],[-72.16932,-13.02424],[-72.21589,-12.99133],[-72.22619,-12.95312],[-72.31194,-12.92365],[-72.36226,-12.82441],[-72.36289,-12.71856],[-72.31642,-12.64894],[-72.22658,-12.66484],[-72.18577,-12.65714],[-72.13538,-12.61697],[-72.12451,-12.5485],[-72.07113,-12.51148],[-72.03146,-12.52477],[-71.9814,-12.58049],[-71.95638,-12.65487],[-71.90035,-12.73336],[-71.89141,-12.83321],[-71.8285,-12.95423],[-71.90637,-13.02079],[-71.88889,-13.05349],[-71.86384,-13.22778],[-71.8213,-13.3196],[-71.73968,-13.38559],[-71.7465,-13.42093],[-71.71952,-13.55247]]]}},{"type":"Feature","properties":{"COUNT":6,"FIRST_IDPR":"0701","NOMBPROV":"CALLAO","FIRST_NOMB":"CALLAO","LAST_DCTO":"D.L.","LAST_LEY":"17392","FIRST_FECH":"06/10/1915","LAST_FECHA":"28/01/1969","MIN_SHAPE_":14140.9543718,"ha":14140.95},"geometry":{"type":"Polygon","coordinates":[[[-77.11153,-12.07949],[-77.15113,-12.06703],[-77.13274,-11.97649],[-77.15683,-11.8743],[-77.1871,-11.82836],[-77.12605,-11.82079],[-77.0899,-11.90179],[-77.11755,-11.95697],[-77.08294,-12.03642],[-77.11153,-12.07949]]]}},{"type":"Feature","properties":{"COUNT":8,"FIRST_IDPR":"0402","NOMBPROV":"CAMANA","FIRST_NOMB":"AREQUIPA","LAST_DCTO":"LEY","LAST_LEY":"9999","FIRST_FECH":"EPOCA INDEP.","LAST_FECHA":"03/11/1944","MIN_SHAPE_":399892.39742,"ha":399892.4},"geometry":{"type":"Polygon","coordinates":[[[-72.59363,-16.43048],[-72.46635,-16.38316],[-72.48471,-16.45109],[-72.51196,-16.49142],[-72.57157,-16.51208],[-72.58299,-16.55948],[-72.49844,-16.57159],[-72.45364,-16.55897],[-72.43433,-16.60572],[-72.2887,-16.58621],[-72.25423,-16.53341],[-72.19933,-16.48381],[-72.19951,-16.45872],[-72.19758,-16.4689],[-72.19593,-16.46828],[-72.19607,-16.46959],[-72.19728,-16.48024],[-72.19511,-16.48334],[-72.19699,-16.48815],[-72.21192,-16.51161],[-72.21938,-16.52322],[-72.22044,-16.52504],[-72.23263,-16.541],[-72.24293,-16.56146],[-72.24761,-16.56655],[-72.27409,-16.6008],[-72.2753,-16.60655],[-72.27967,-16.61214],[-72.281,-16.61468],[-72.28289,-16.62141],[-72.28289,-16.62271],[-72.28208,-16.62575],[-72.28339,-16.63531],[-72.27636,-16.65173],[-72.27299,-16.65682],[-72.26952,-16.65883],[-72.26484,-16.65914],[-72.26026,-16.6618],[-72.25586,-16.66618],[-72.25507,-16.66664],[-72.25192,-16.66756],[-72.24857,-16.66825],[-72.24447,-16.66847],[-72.23534,-16.66637],[-72.23449,-16.66623],[-72.23073,-16.66608],[-72.22803,-16.66709],[-72.2262,-16.66874],[-72.20501,-16.6851],[-72.19849,-16.68655],[-72.19427,-16.69026],[-72.19443,-16.69254],[-72.1964,-16.70064],[-72.1942,-16.70395],[-72.17882,-16.70804],[-72.17269,-16.71232],[-72.17128,-16.71552],[-72.16718,-16.717],[-72.16421,-16.72426],[-72.16136,-16.73087],[-72.15575,-16.73303],[-72.15334,-16.73723],[-72.14723,-16.74207],[-72.14374,-16.74426],[-72.13789,-16.74434],[-72.136,-16.74368],[-72.13378,-16.74354],[-72.13258,-16.74368],[-72.13214,-16.75035],[-72.13181,-16.75282],[-72.12759,-16.75659],[-72.13248,-16.76504],[-72.1319,-16.76666],[-72.15295,-16.79468],[-72.20558,-16.79903],[-72.22384,-16.83455],[-72.17199,-16.84989],[-72.18449,-16.92477],[-72.28828,-16.87525],[-72.29542,-16.82742],[-72.35928,-16.76415],[-72.44722,-16.70396],[-72.54319,-16.67806],[-72.70905,-16.65269],[-72.7719,-16.6288],[-72.91629,-16.52037],[-72.98685,-16.51744],[-73.05334,-16.4894],[-73.15916,-16.41993],[-73.21523,-16.40016],[-73.2916,-16.40541],[-73.24226,-16.35631],[-73.19631,-16.28052],[-73.20323,-16.15299],[-73.22204,-16.11923],[-73.24029,-15.99821],[-73.22499,-15.98497],[-73.23325,-15.87405],[-73.17404,-15.91211],[-73.15117,-15.97967],[-73.06492,-16.01859],[-72.91215,-16.0302],[-72.8758,-16.05752],[-72.84334,-16.12618],[-72.84122,-16.17446],[-72.81013,-16.22145],[-72.79793,-16.3085],[-72.72128,-16.35524],[-72.6699,-16.42443],[-72.62335,-16.45701],[-72.59363,-16.43048]]]}},{"type":"Feature","properties":{"COUNT":8,"FIRST_IDPR":"0805","NOMBPROV":"CANAS","FIRST_NOMB":"CUSCO","LAST_DCTO":"LEY","LAST_LEY":"9363","FIRST_FECH":"02/01/1857","LAST_FECHA":"01/09/1941","MIN_SHAPE_":208744.198647,"ha":208744.2},"geometry":{"type":"Polygon","coordinates":[[[-71.43709,-14.10145],[-71.43619,-14.10238],[-71.43526,-14.10307],[-71.43491,-14.10313],[-71.43427,-14.10353],[-71.43334,-14.10439],[-71.43304,-14.10452],[-71.43277,-14.10455],[-71.43098,-14.10482],[-71.42956,-14.10613],[-71.428,-14.10658],[-71.42447,-14.10638],[-71.42069,-14.11089],[-71.42057,-14.11173],[-71.42039,-14.11255],[-71.41683,-14.11512],[-71.41674,-14.11532],[-71.42275,-14.1189],[-71.42634,-14.12329],[-71.42653,-14.12369],[-71.42665,-14.12585],[-71.42695,-14.12615],[-71.42721,-14.12677],[-71.42735,-14.12816],[-71.42719,-14.12938],[-71.42728,-14.12955],[-71.42745,-14.1318],[-71.43003,-14.13769],[-71.43041,-14.13829],[-71.43556,-14.14249],[-71.43623,-14.14308],[-71.43662,-14.14452],[-71.43547,-14.14518],[-71.43531,-14.14535],[-71.43492,-14.14715],[-71.43416,-14.15009],[-71.4364,-14.15089],[-71.4397,-14.15175],[-71.44092,-14.15213],[-71.43639,-14.16379],[-71.43306,-14.1701],[-71.43128,-14.17324],[-71.42843,-14.17742],[-71.42747,-14.18061],[-71.4258,-14.18377],[-71.42529,-14.18537],[-71.42443,-14.18635],[-71.42244,-14.18727],[-71.42132,-14.18791],[-71.41887,-14.18957],[-71.41823,-14.19035],[-71.41827,-14.19195],[-71.41913,-14.19435],[-71.41902,-14.19524],[-71.41827,-14.197],[-71.41689,-14.20009],[-71.41738,-14.20202],[-71.41692,-14.20513],[-71.41601,-14.20989],[-71.41498,-14.20929],[-71.4145,-14.20729],[-71.41268,-14.2055],[-71.40991,-14.20376],[-71.40957,-14.20339],[-71.40866,-14.20148],[-71.40835,-14.20114],[-71.40536,-14.20066],[-71.40499,-14.2008],[-71.40051,-14.20217],[-71.39952,-14.20191],[-71.39761,-14.20057],[-71.39678,-14.20085],[-71.39692,-14.20202],[-71.39732,-14.20499],[-71.39735,-14.20761],[-71.39633,-14.20971],[-71.3945,-14.21219],[-71.3906,-14.21567],[-71.38517,-14.21907],[-71.38424,-14.22151],[-71.38252,-14.22294],[-71.38023,-14.22419],[-71.37471,-14.22537],[-71.36684,-14.23266],[-71.36721,-14.2366],[-71.36745,-14.23971],[-71.36708,-14.24502],[-71.36706,-14.24922],[-71.36802,-14.24946],[-71.36888,-14.25134],[-71.36815,-14.25394],[-71.36763,-14.25516],[-71.36751,-14.25688],[-71.36756,-14.26355],[-71.36916,-14.26431],[-71.37059,-14.26786],[-71.37175,-14.27817],[-71.36782,-14.28077],[-71.36575,-14.27927],[-71.3651,-14.27925],[-71.36455,-14.2797],[-71.36351,-14.28237],[-71.36269,-14.28373],[-71.35673,-14.28645],[-71.3502,-14.28723],[-71.34218,-14.28513],[-71.3376,-14.28054],[-71.33494,-14.27936],[-71.33368,-14.27995],[-71.33028,-14.2811],[-71.32854,-14.28365],[-71.32766,-14.28864],[-71.32711,-14.29007],[-71.32717,-14.2952],[-71.32646,-14.2991],[-71.32633,-14.30017],[-71.32649,-14.30886],[-71.32912,-14.31013],[-71.32954,-14.31023],[-71.32932,-14.31272],[-71.32997,-14.31593],[-71.33104,-14.31672],[-71.33296,-14.31972],[-71.33277,-14.32089],[-71.33405,-14.32263],[-71.33545,-14.32339],[-71.33732,-14.32458],[-71.33755,-14.32494],[-71.33734,-14.32793],[-71.33612,-14.33099],[-71.33534,-14.33136],[-71.33262,-14.33126],[-71.3315,-14.33102],[-71.32538,-14.3301],[-71.31987,-14.3282],[-71.31606,-14.32494],[-71.31705,-14.32347],[-71.31701,-14.32205],[-71.31684,-14.32154],[-71.31586,-14.32065],[-71.31565,-14.32021],[-71.31402,-14.31858],[-71.30593,-14.31875],[-71.30372,-14.32038],[-71.30114,-14.31916],[-71.29737,-14.31409],[-71.29604,-14.31351],[-71.29291,-14.31355],[-71.29237,-14.31406],[-71.28982,-14.31654],[-71.28811,-14.31797],[-71.28503,-14.32009],[-71.28386,-14.32057],[-71.27861,-14.31983],[-71.2712,-14.3259],[-71.2686,-14.32573],[-71.26716,-14.32508],[-71.26517,-14.32543],[-71.26079,-14.3253],[-71.25884,-14.32512],[-71.25691,-14.32521],[-71.25604,-14.32536],[-71.25023,-14.33049],[-71.24882,-14.33127],[-71.24938,-14.33637],[-71.24938,-14.33731],[-71.24954,-14.33962],[-71.25015,-14.3417],[-71.24993,-14.344],[-71.25031,-14.34737],[-71.25009,-14.34866],[-71.24963,-14.351],[-71.25003,-14.35222],[-71.25009,-14.35269],[-71.24831,-14.35775],[-71.24899,-14.36107],[-71.2492,-14.36236],[-71.24754,-14.36544],[-71.24588,-14.3674],[-71.24625,-14.36857],[-71.24804,-14.369],[-71.25332,-14.36967],[-71.25671,-14.36977],[-71.25854,-14.37321],[-71.25881,-14.37632],[-71.2587,-14.37755],[-71.25328,-14.3856],[-71.25145,-14.38566],[-71.24931,-14.38775],[-71.24732,-14.38931],[-71.23972,-14.39387],[-71.23511,-14.39797],[-71.23455,-14.39865],[-71.23315,-14.39936],[-71.23259,-14.39988],[-71.23203,-14.40159],[-71.23212,-14.40311],[-71.23144,-14.40481],[-71.23153,-14.4061],[-71.23188,-14.40714],[-71.23227,-14.40812],[-71.23223,-14.40845],[-71.23135,-14.40996],[-71.23103,-14.41061],[-71.23087,-14.41253],[-71.22916,-14.41354],[-71.22884,-14.41394],[-71.22677,-14.41747],[-71.22627,-14.41797],[-71.22343,-14.41697],[-71.22208,-14.41552],[-71.2198,-14.41646],[-71.21923,-14.41875],[-71.21789,-14.42111],[-71.21391,-14.42425],[-71.20472,-14.42996],[-71.20045,-14.42908],[-71.19929,-14.43246],[-71.19838,-14.43327],[-71.19105,-14.42939],[-71.1905,-14.42986],[-71.18982,-14.43145],[-71.18974,-14.4331],[-71.18822,-14.43443],[-71.18639,-14.43539],[-71.18388,-14.43764],[-71.17755,-14.44035],[-71.17699,-14.44058],[-71.17346,-14.44242],[-71.1724,-14.44311],[-71.16976,-14.44507],[-71.16824,-14.44595],[-71.16639,-14.44561],[-71.16497,-14.44544],[-71.16254,-14.44493],[-71.16064,-14.44344],[-71.15889,-14.44162],[-71.1585,-14.44111],[-71.15549,-14.43885],[-71.15459,-14.43851],[-71.15047,-14.43929],[-71.1493,-14.44067],[-71.14665,-14.44126],[-71.14583,-14.44113],[-71.14542,-14.4414],[-71.14425,-14.44186],[-71.14383,-14.44179],[-71.14121,-14.44121],[-71.13997,-14.44135],[-71.13911,-14.44629],[-71.13889,-14.44882],[-71.13882,-14.4505],[-71.13551,-14.45222],[-71.13565,-14.45342],[-71.13471,-14.45564],[-71.13535,-14.45933],[-71.13651,-14.46043],[-71.13581,-14.46358],[-71.13319,-14.46447],[-71.13233,-14.46461],[-71.12854,-14.46459],[-71.12144,-14.46103],[-71.12111,-14.46119],[-71.12009,-14.46273],[-71.11818,-14.46336],[-71.11646,-14.46247],[-71.11416,-14.46061],[-71.11355,-14.45996],[-71.11104,-14.46071],[-71.10978,-14.46131],[-71.10853,-14.46115],[-71.10734,-14.45966],[-71.10424,-14.45917],[-71.10156,-14.45863],[-71.09916,-14.45817],[-71.09587,-14.45896],[-71.09217,-14.46301],[-71.0915,-14.46369],[-71.08987,-14.46671],[-71.08093,-14.47112],[-71.08133,-14.46754],[-71.08153,-14.46631],[-71.08078,-14.4583],[-71.08023,-14.45782],[-71.07646,-14.45421],[-71.07555,-14.45289],[-71.07228,-14.44999],[-71.07046,-14.44966],[-71.06298,-14.45044],[-71.06019,-14.45113],[-71.05733,-14.45165],[-71.05098,-14.45168],[-71.0498,-14.45161],[-71.04831,-14.45197],[-71.04651,-14.45286],[-71.04463,-14.4525],[-71.04275,-14.4524],[-71.0409,-14.45204],[-71.03999,-14.45204],[-71.03787,-14.45218],[-71.03648,-14.45165],[-71.03581,-14.44949],[-71.03174,-14.44417],[-71.03066,-14.44319],[-71.03047,-14.44264],[-71.0308,-14.44064],[-71.03109,-14.43951],[-71.03015,-14.43879],[-71.02789,-14.43602],[-71.02751,-14.43477],[-71.02715,-14.43417],[-71.02669,-14.43013],[-71.02356,-14.429],[-71.01307,-14.42745],[-71.01085,-14.42791],[-71.00892,-14.42796],[-71.00814,-14.42822],[-71.00045,-14.42894],[-70.99836,-14.42914],[-70.9955,-14.42854],[-70.9945,-14.42887],[-70.98254,-14.42105],[-70.98106,-14.42002],[-70.97817,-14.41715],[-70.97705,-14.41746],[-70.97699,-14.41748],[-70.97597,-14.41779],[-70.97357,-14.41832],[-70.97186,-14.42134],[-70.97278,-14.42408],[-70.97325,-14.42653],[-70.97388,-14.42813],[-70.97377,-14.42929],[-70.97313,-14.42955],[-70.97158,-14.43019],[-70.97083,-14.43064],[-70.97004,-14.43158],[-70.96841,-14.43344],[-70.96595,-14.43895],[-70.9649,-14.44154],[-70.96368,-14.4425],[-70.96235,-14.44454],[-70.96428,-14.44516],[-70.96908,-14.44724],[-70.97377,-14.44711],[-70.98137,-14.44902],[-70.98336,-14.45058],[-70.98755,-14.45491],[-70.98782,-14.45697],[-70.98807,-14.4602],[-70.98834,-14.46086],[-70.98818,-14.46189],[-70.98636,-14.46298],[-70.98572,-14.46419],[-70.98501,-14.4654],[-70.98472,-14.46663],[-70.98467,-14.46806],[-70.98469,-14.46879],[-70.98383,-14.47066],[-70.98346,-14.47155],[-70.9826,-14.47433],[-70.98339,-14.4767],[-70.98485,-14.47912],[-70.98923,-14.48883],[-70.98916,-14.48944],[-70.98866,-14.49049],[-70.98747,-14.49307],[-70.98736,-14.4943],[-70.98659,-14.49573],[-70.98659,-14.49872],[-70.98731,-14.49922],[-70.9934,-14.50022],[-70.99463,-14.50072],[-70.9981,-14.50168],[-70.99917,-14.50227],[-70.99933,-14.50284],[-70.99803,-14.50391],[-70.99599,-14.50739],[-70.99492,-14.51054],[-70.99221,-14.51619],[-70.98861,-14.52437],[-70.9884,-14.52567],[-70.98585,-14.52909],[-70.98448,-14.53078],[-70.98361,-14.53157],[-70.98299,-14.53253],[-70.98109,-14.53664],[-70.97906,-14.54057],[-70.97927,-14.54212],[-70.98237,-14.54307],[-70.98264,-14.54439],[-70.98185,-14.54775],[-70.97818,-14.55049],[-70.97062,-14.56016],[-70.96902,-14.56229],[-70.96799,-14.56483],[-70.96723,-14.56629],[-70.96643,-14.5675],[-70.9669,-14.56891],[-70.97323,-14.57052],[-70.97351,-14.57137],[-70.97343,-14.57223],[-70.9777,-14.58302],[-70.98471,-14.58023],[-70.98982,-14.57908],[-70.99274,-14.57577],[-71.00262,-14.57234],[-71.0164,-14.57924],[-71.01969,-14.5834],[-71.01965,-14.58595],[-71.01511,-14.58829],[-71.01231,-14.59158],[-71.01005,-14.59754],[-71.0249,-14.59193],[-71.03877,-14.59819],[-71.05017,-14.61014],[-71.05312,-14.61516],[-71.05388,-14.61571],[-71.05492,-14.61685],[-71.06054,-14.62027],[-71.06565,-14.6241],[-71.06937,-14.62605],[-71.07548,-14.63194],[-71.08069,-14.6299],[-71.09399,-14.63252],[-71.0958,-14.63304],[-71.09901,-14.63269],[-71.10912,-14.63395],[-71.10993,-14.63469],[-71.10993,-14.63567],[-71.11246,-14.64349],[-71.11298,-14.64393],[-71.11794,-14.64892],[-71.1227,-14.64651],[-71.12812,-14.64343],[-71.14712,-14.64084],[-71.17326,-14.62119],[-71.17578,-14.61801],[-71.18615,-14.62562],[-71.18689,-14.62584],[-71.18793,-14.62798],[-71.19508,-14.63495],[-71.20802,-14.64223],[-71.21543,-14.64824],[-71.22363,-14.64785],[-71.24893,-14.64119],[-71.24918,-14.64425],[-71.25192,-14.64901],[-71.25297,-14.64971],[-71.26131,-14.65224],[-71.26716,-14.64857],[-71.27144,-14.6505],[-71.28091,-14.6463],[-71.28563,-14.64403],[-71.28907,-14.64298],[-71.29686,-14.6416],[-71.29925,-14.64371],[-71.30866,-14.65952],[-71.31032,-14.659],[-71.31377,-14.65879],[-71.33125,-14.62667],[-71.33392,-14.61809],[-71.35579,-14.61801],[-71.35753,-14.61841],[-71.36156,-14.61775],[-71.36769,-14.61938],[-71.38239,-14.61089],[-71.3917,-14.60656],[-71.39382,-14.60645],[-71.39433,-14.60642],[-71.3963,-14.60723],[-71.40299,-14.60714],[-71.40411,-14.60637],[-71.4067,-14.60558],[-71.40743,-14.60409],[-71.40828,-14.60269],[-71.40954,-14.60284],[-71.41047,-14.60311],[-71.41072,-14.60346],[-71.41167,-14.60374],[-71.41832,-14.60647],[-71.41868,-14.60742],[-71.42986,-14.62128],[-71.43042,-14.61883],[-71.43515,-14.61347],[-71.43766,-14.61255],[-71.44203,-14.61301],[-71.44523,-14.61245],[-71.44716,-14.61185],[-71.44795,-14.61156],[-71.44888,-14.61091],[-71.45547,-14.60054],[-71.46117,-14.59773],[-71.46843,-14.59562],[-71.4737,-14.59427],[-71.48048,-14.59058],[-71.48246,-14.58911],[-71.4877,-14.58155],[-71.48821,-14.57928],[-71.48846,-14.57898],[-71.49022,-14.57854],[-71.49648,-14.58019],[-71.49758,-14.58063],[-71.50592,-14.57964],[-71.50888,-14.57678],[-71.51915,-14.57437],[-71.52075,-14.57254],[-71.52435,-14.57176],[-71.52526,-14.57192],[-71.52845,-14.57167],[-71.52946,-14.57119],[-71.53122,-14.57027],[-71.53306,-14.56594],[-71.53561,-14.56063],[-71.53972,-14.55591],[-71.54034,-14.55303],[-71.53876,-14.54761],[-71.53832,-14.5435],[-71.54357,-14.53799],[-71.54899,-14.53782],[-71.55921,-14.5397],[-71.57434,-14.54525],[-71.57679,-14.54603],[-71.59186,-14.54596],[-71.59247,-14.54578],[-71.59469,-14.54653],[-71.59875,-14.54563],[-71.60188,-14.54611],[-71.60847,-14.54412],[-71.61317,-14.53758],[-71.61402,-14.53452],[-71.61651,-14.53349],[-71.62216,-14.53354],[-71.62602,-14.53208],[-71.63284,-14.52939],[-71.64776,-14.53217],[-71.64875,-14.53066],[-71.65049,-14.52902],[-71.65119,-14.52859],[-71.65138,-14.52469],[-71.64879,-14.51786],[-71.64959,-14.51528],[-71.64898,-14.51306],[-71.64619,-14.50799],[-71.64449,-14.50083],[-71.6379,-14.4975],[-71.62814,-14.49948],[-71.62319,-14.49724],[-71.61621,-14.49003],[-71.60547,-14.47858],[-71.60497,-14.47757],[-71.60569,-14.47412],[-71.60627,-14.47253],[-71.60691,-14.47044],[-71.60929,-14.45906],[-71.60947,-14.45795],[-71.60788,-14.45569],[-71.60925,-14.45113],[-71.60884,-14.44828],[-71.6093,-14.44634],[-71.60782,-14.44358],[-71.60016,-14.44181],[-71.59807,-14.44085],[-71.59419,-14.43897],[-71.58721,-14.43708],[-71.58637,-14.43548],[-71.58593,-14.43179],[-71.58228,-14.42991],[-71.58156,-14.42938],[-71.57614,-14.42064],[-71.57642,-14.41976],[-71.5762,-14.4185],[-71.56732,-14.41439],[-71.56556,-14.41431],[-71.56291,-14.41451],[-71.56211,-14.41415],[-71.55441,-14.41074],[-71.55317,-14.40938],[-71.55186,-14.40788],[-71.55118,-14.40733],[-71.54975,-14.40552],[-71.55118,-14.40281],[-71.5518,-14.40187],[-71.55505,-14.39514],[-71.55342,-14.38987],[-71.55319,-14.38746],[-71.56452,-14.37952],[-71.56785,-14.37732],[-71.5682,-14.37382],[-71.56759,-14.37215],[-71.55987,-14.36575],[-71.55637,-14.36444],[-71.55523,-14.36347],[-71.55485,-14.35315],[-71.55432,-14.34974],[-71.55507,-14.349],[-71.56014,-14.34576],[-71.56023,-14.34414],[-71.55935,-14.33942],[-71.55852,-14.33517],[-71.55808,-14.33447],[-71.55682,-14.33071],[-71.5541,-14.32791],[-71.55612,-14.32231],[-71.55813,-14.32021],[-71.55804,-14.31584],[-71.55752,-14.31273],[-71.55677,-14.31186],[-71.55437,-14.3098],[-71.55008,-14.30092],[-71.55388,-14.29466],[-71.5545,-14.29211],[-71.55413,-14.29126],[-71.55217,-14.28667],[-71.55149,-14.28303],[-71.55017,-14.27986],[-71.54901,-14.26677],[-71.54912,-14.26238],[-71.54378,-14.2635],[-71.53641,-14.26523],[-71.53122,-14.26481],[-71.53049,-14.2646],[-71.52906,-14.26486],[-71.52685,-14.26598],[-71.52345,-14.26425],[-71.51974,-14.259],[-71.51515,-14.25296],[-71.51512,-14.25227],[-71.51954,-14.24164],[-71.52032,-14.23805],[-71.52067,-14.23648],[-71.52173,-14.23389],[-71.52138,-14.23287],[-71.52119,-14.23228],[-71.52088,-14.23048],[-71.52148,-14.22837],[-71.5218,-14.22681],[-71.52177,-14.22573],[-71.5218,-14.22453],[-71.52247,-14.22189],[-71.52338,-14.22117],[-71.52378,-14.22102],[-71.52393,-14.22093],[-71.52501,-14.22075],[-71.5253,-14.22063],[-71.52682,-14.21981],[-71.52763,-14.21899],[-71.52807,-14.21843],[-71.52905,-14.21642],[-71.52933,-14.21494],[-71.52939,-14.21462],[-71.52988,-14.21353],[-71.5306,-14.21259],[-71.53347,-14.20996],[-71.53401,-14.20933],[-71.53455,-14.20839],[-71.53613,-14.20462],[-71.53685,-14.20333],[-71.53847,-14.20066],[-71.53868,-14.20021],[-71.53978,-14.19913],[-71.54018,-14.19884],[-71.54169,-14.19813],[-71.54183,-14.19807],[-71.54296,-14.19721],[-71.54311,-14.19711],[-71.54436,-14.19454],[-71.54426,-14.19296],[-71.54359,-14.18958],[-71.54367,-14.18845],[-71.54371,-14.18793],[-71.54408,-14.18671],[-71.54653,-14.18387],[-71.54735,-14.18219],[-71.54754,-14.18156],[-71.54766,-14.18089],[-71.54853,-14.179],[-71.54888,-14.17822],[-71.54893,-14.17802],[-71.54902,-14.17746],[-71.54929,-14.17652],[-71.54966,-14.17571],[-71.54988,-14.1752],[-71.55116,-14.1736],[-71.5514,-14.17344],[-71.55331,-14.17318],[-71.55363,-14.17302],[-71.55414,-14.17287],[-71.55564,-14.17159],[-71.55595,-14.17117],[-71.55609,-14.171],[-71.5573,-14.16997],[-71.55841,-14.16818],[-71.5586,-14.16641],[-71.55906,-14.16532],[-71.56026,-14.16378],[-71.56277,-14.16171],[-71.56462,-14.16054],[-71.56709,-14.15907],[-71.56759,-14.15886],[-71.56886,-14.15825],[-71.56903,-14.15819],[-71.57003,-14.15811],[-71.57051,-14.15826],[-71.57305,-14.15892],[-71.57359,-14.15897],[-71.57409,-14.1589],[-71.57486,-14.15893],[-71.57505,-14.1589],[-71.57545,-14.15874],[-71.57595,-14.15848],[-71.57775,-14.15756],[-71.57887,-14.15704],[-71.57964,-14.15663],[-71.58073,-14.15615],[-71.58085,-14.1561],[-71.58107,-14.15599],[-71.58116,-14.15592],[-71.58184,-14.15465],[-71.58225,-14.15397],[-71.5838,-14.15174],[-71.58569,-14.15035],[-71.5874,-14.14941],[-71.58752,-14.14933],[-71.58823,-14.14912],[-71.59239,-14.14938],[-71.59477,-14.14888],[-71.59539,-14.14653],[-71.59582,-14.14275],[-71.59484,-14.13911],[-71.59456,-14.1329],[-71.59332,-14.12978],[-71.59258,-14.12769],[-71.59156,-14.12585],[-71.59024,-14.12223],[-71.58918,-14.1164],[-71.58391,-14.10901],[-71.58379,-14.1056],[-71.58448,-14.1034],[-71.58429,-14.10182],[-71.58114,-14.1005],[-71.57622,-14.09874],[-71.57358,-14.09659],[-71.56846,-14.09266],[-71.56172,-14.08888],[-71.55926,-14.0861],[-71.55817,-14.08387],[-71.55739,-14.08346],[-71.55279,-14.08528],[-71.54962,-14.08813],[-71.54848,-14.0887],[-71.54438,-14.09189],[-71.53926,-14.09646],[-71.53863,-14.09705],[-71.53621,-14.09885],[-71.53566,-14.09966],[-71.53418,-14.10275],[-71.53176,-14.10514],[-71.52596,-14.10991],[-71.52084,-14.11416],[-71.51446,-14.11941],[-71.51124,-14.12098],[-71.51023,-14.12126],[-71.50571,-14.12209],[-71.50289,-14.12562],[-71.47669,-14.13387],[-71.4703,-14.13042],[-71.46722,-14.12881],[-71.45916,-14.1156],[-71.46056,-14.11183],[-71.46142,-14.11017],[-71.46092,-14.10874],[-71.45828,-14.10718],[-71.45564,-14.1063],[-71.44855,-14.10826],[-71.44695,-14.10816],[-71.44071,-14.105],[-71.43709,-14.10145]],[[-71.2244,-14.50232],[-71.15651,-14.5],[-71.24817,-14.43888],[-71.26771,-14.4656],[-71.2244,-14.50232]]]}},{"type":"Feature","properties":{"COUNT":8,"FIRST_IDPR":"0806","NOMBPROV":"CANCHIS","FIRST_NOMB":"CUSCO","LAST_DCTO":"LEY","LAST_LEY":"629","FIRST_FECH":"29/08/1834","LAST_FECHA":"11/11/1907","MIN_SHAPE_":396207.017226,"ha":396207.02},"geometry":{"type":"Polygon","coordinates":[[[-70.8625,-13.80029],[-70.88123,-13.83284],[-70.83127,-13.85893],[-70.83304,-13.9381],[-70.86181,-14.02623],[-70.84819,-14.05555],[-70.78982,-14.07882],[-70.80893,-14.1242],[-70.86683,-14.16908],[-70.89935,-14.2293],[-70.88058,-14.27088],[-70.91297,-14.32758],[-70.96258,-14.36185],[-70.97872,-14.41666],[-70.98106,-14.42002],[-70.98254,-14.42105],[-70.9945,-14.42887],[-70.9955,-14.42854],[-70.99836,-14.42914],[-71.00045,-14.42894],[-71.00814,-14.42822],[-71.00892,-14.42796],[-71.01085,-14.42791],[-71.01307,-14.42745],[-71.02356,-14.429],[-71.02669,-14.43013],[-71.02715,-14.43417],[-71.02751,-14.43477],[-71.02789,-14.43602],[-71.03015,-14.43879],[-71.03109,-14.43951],[-71.0308,-14.44064],[-71.03047,-14.44264],[-71.03066,-14.44319],[-71.03174,-14.44417],[-71.03581,-14.44949],[-71.03648,-14.45165],[-71.03787,-14.45218],[-71.03999,-14.45204],[-71.0409,-14.45204],[-71.04275,-14.4524],[-71.04463,-14.4525],[-71.04651,-14.45286],[-71.04831,-14.45197],[-71.0498,-14.45161],[-71.05098,-14.45168],[-71.05733,-14.45165],[-71.06019,-14.45113],[-71.06298,-14.45044],[-71.07046,-14.44966],[-71.07228,-14.44999],[-71.07555,-14.45289],[-71.07646,-14.45421],[-71.08023,-14.45782],[-71.08078,-14.4583],[-71.08153,-14.46631],[-71.08133,-14.46754],[-71.08093,-14.47112],[-71.08987,-14.46671],[-71.0915,-14.46369],[-71.09217,-14.46301],[-71.09587,-14.45896],[-71.09916,-14.45817],[-71.10156,-14.45863],[-71.10424,-14.45917],[-71.10734,-14.45966],[-71.10853,-14.46115],[-71.10978,-14.46131],[-71.11104,-14.46071],[-71.11355,-14.45996],[-71.11416,-14.46061],[-71.11646,-14.46247],[-71.11818,-14.46336],[-71.12009,-14.46273],[-71.12111,-14.46119],[-71.12144,-14.46103],[-71.12854,-14.46459],[-71.13233,-14.46461],[-71.13319,-14.46447],[-71.13581,-14.46358],[-71.13651,-14.46043],[-71.13535,-14.45933],[-71.13471,-14.45564],[-71.13565,-14.45342],[-71.13551,-14.45222],[-71.13882,-14.4505],[-71.13889,-14.44882],[-71.13911,-14.44629],[-71.13997,-14.44135],[-71.14121,-14.44121],[-71.14383,-14.44179],[-71.14425,-14.44186],[-71.14542,-14.4414],[-71.14583,-14.44113],[-71.14665,-14.44126],[-71.1493,-14.44067],[-71.15047,-14.43929],[-71.15459,-14.43851],[-71.15549,-14.43885],[-71.1585,-14.44111],[-71.15889,-14.44162],[-71.16064,-14.44344],[-71.16254,-14.44493],[-71.16497,-14.44544],[-71.16639,-14.44561],[-71.16824,-14.44595],[-71.16976,-14.44507],[-71.1724,-14.44311],[-71.17346,-14.44242],[-71.17699,-14.44058],[-71.17755,-14.44035],[-71.18388,-14.43764],[-71.18639,-14.43539],[-71.18822,-14.43443],[-71.18974,-14.4331],[-71.18982,-14.43145],[-71.1905,-14.42986],[-71.19105,-14.42939],[-71.19838,-14.43327],[-71.19929,-14.43246],[-71.20045,-14.42908],[-71.20472,-14.42996],[-71.21391,-14.42425],[-71.21789,-14.42111],[-71.21923,-14.41875],[-71.2198,-14.41646],[-71.22208,-14.41552],[-71.22343,-14.41697],[-71.22627,-14.41797],[-71.22677,-14.41747],[-71.22884,-14.41394],[-71.22916,-14.41354],[-71.23087,-14.41253],[-71.23103,-14.41061],[-71.23135,-14.40996],[-71.23223,-14.40845],[-71.23227,-14.40812],[-71.23188,-14.40714],[-71.23153,-14.4061],[-71.23144,-14.40481],[-71.23212,-14.40311],[-71.23203,-14.40159],[-71.23259,-14.39988],[-71.23315,-14.39936],[-71.23455,-14.39865],[-71.23511,-14.39797],[-71.23972,-14.39387],[-71.24732,-14.38931],[-71.24931,-14.38775],[-71.25145,-14.38566],[-71.25328,-14.3856],[-71.2587,-14.37755],[-71.25881,-14.37632],[-71.25854,-14.37321],[-71.25671,-14.36977],[-71.25332,-14.36967],[-71.24804,-14.369],[-71.24625,-14.36857],[-71.24588,-14.3674],[-71.24754,-14.36544],[-71.2492,-14.36236],[-71.24899,-14.36107],[-71.24831,-14.35775],[-71.25009,-14.35269],[-71.25003,-14.35222],[-71.24963,-14.351],[-71.25009,-14.34866],[-71.25031,-14.34737],[-71.24993,-14.344],[-71.25015,-14.3417],[-71.24954,-14.33962],[-71.24938,-14.33731],[-71.24938,-14.33637],[-71.24882,-14.33127],[-71.25023,-14.33049],[-71.25604,-14.32536],[-71.25691,-14.32521],[-71.25884,-14.32512],[-71.26079,-14.3253],[-71.26517,-14.32543],[-71.26716,-14.32508],[-71.2686,-14.32573],[-71.2712,-14.3259],[-71.27861,-14.31983],[-71.28386,-14.32057],[-71.28503,-14.32009],[-71.28811,-14.31797],[-71.28982,-14.31654],[-71.29237,-14.31406],[-71.29291,-14.31355],[-71.29604,-14.31351],[-71.29737,-14.31409],[-71.30114,-14.31916],[-71.30372,-14.32038],[-71.30593,-14.31875],[-71.31402,-14.31858],[-71.31565,-14.32021],[-71.31586,-14.32065],[-71.31684,-14.32154],[-71.31701,-14.32205],[-71.31705,-14.32347],[-71.31606,-14.32494],[-71.31987,-14.3282],[-71.32538,-14.3301],[-71.3315,-14.33102],[-71.33262,-14.33126],[-71.33534,-14.33136],[-71.33612,-14.33099],[-71.33734,-14.32793],[-71.33755,-14.32494],[-71.33732,-14.32458],[-71.33545,-14.32339],[-71.33405,-14.32263],[-71.33277,-14.32089],[-71.33296,-14.31972],[-71.33104,-14.31672],[-71.32997,-14.31593],[-71.32932,-14.31272],[-71.32954,-14.31023],[-71.32912,-14.31013],[-71.32649,-14.30886],[-71.32633,-14.30017],[-71.32646,-14.2991],[-71.32717,-14.2952],[-71.32711,-14.29007],[-71.32766,-14.28864],[-71.32854,-14.28365],[-71.33028,-14.2811],[-71.33368,-14.27995],[-71.33494,-14.27936],[-71.3376,-14.28054],[-71.34218,-14.28513],[-71.3502,-14.28723],[-71.35673,-14.28645],[-71.36269,-14.28373],[-71.36351,-14.28237],[-71.36455,-14.2797],[-71.3651,-14.27925],[-71.36575,-14.27927],[-71.36782,-14.28077],[-71.37175,-14.27817],[-71.37059,-14.26786],[-71.36916,-14.26431],[-71.36756,-14.26355],[-71.36751,-14.25688],[-71.36763,-14.25516],[-71.36815,-14.25394],[-71.36888,-14.25134],[-71.36802,-14.24946],[-71.36706,-14.24922],[-71.36708,-14.24502],[-71.36745,-14.23971],[-71.36721,-14.2366],[-71.36684,-14.23266],[-71.37471,-14.22537],[-71.38023,-14.22419],[-71.38252,-14.22294],[-71.38424,-14.22151],[-71.38517,-14.21907],[-71.3906,-14.21567],[-71.3945,-14.21219],[-71.39633,-14.20971],[-71.39735,-14.20761],[-71.39732,-14.20499],[-71.39692,-14.20202],[-71.39678,-14.20085],[-71.39761,-14.20057],[-71.39952,-14.20191],[-71.40051,-14.20217],[-71.40499,-14.2008],[-71.40536,-14.20066],[-71.40835,-14.20114],[-71.40866,-14.20148],[-71.40957,-14.20339],[-71.40991,-14.20376],[-71.41268,-14.2055],[-71.4145,-14.20729],[-71.41498,-14.20929],[-71.41601,-14.20989],[-71.41692,-14.20513],[-71.41738,-14.20202],[-71.41689,-14.20009],[-71.41827,-14.197],[-71.41902,-14.19524],[-71.41913,-14.19435],[-71.41827,-14.19195],[-71.41823,-14.19035],[-71.41887,-14.18957],[-71.42132,-14.18791],[-71.42244,-14.18727],[-71.42443,-14.18635],[-71.42529,-14.18537],[-71.4258,-14.18377],[-71.42747,-14.18061],[-71.42843,-14.17742],[-71.43128,-14.17324],[-71.43306,-14.1701],[-71.43639,-14.16379],[-71.44092,-14.15213],[-71.4397,-14.15175],[-71.4364,-14.15089],[-71.43416,-14.15009],[-71.43492,-14.14715],[-71.43531,-14.14535],[-71.43547,-14.14518],[-71.43662,-14.14452],[-71.43623,-14.14308],[-71.43556,-14.14249],[-71.43041,-14.13829],[-71.43003,-14.13769],[-71.42745,-14.1318],[-71.42728,-14.12955],[-71.42719,-14.12938],[-71.42735,-14.12816],[-71.42721,-14.12677],[-71.42695,-14.12615],[-71.42665,-14.12585],[-71.42653,-14.12369],[-71.42634,-14.12329],[-71.42275,-14.1189],[-71.41674,-14.11532],[-71.41683,-14.11512],[-71.42039,-14.11255],[-71.42057,-14.11173],[-71.42069,-14.11089],[-71.42447,-14.10638],[-71.428,-14.10658],[-71.42956,-14.10613],[-71.43098,-14.10482],[-71.43277,-14.10455],[-71.43304,-14.10452],[-71.43334,-14.10439],[-71.43427,-14.10353],[-71.43491,-14.10313],[-71.43526,-14.10307],[-71.43619,-14.10238],[-71.43709,-14.10145],[-71.44034,-14.10367],[-71.51688,-13.96722],[-71.47848,-13.92978],[-71.37346,-13.92034],[-71.30782,-13.89001],[-71.28931,-13.82771],[-71.1931,-13.79315],[-71.16377,-13.7432],[-71.10354,-13.76038],[-71.08097,-13.7255],[-70.99164,-13.76134],[-70.95655,-13.80471],[-70.8625,-13.80029]]]}},{"type":"Feature","properties":{"COUNT":6,"FIRST_IDPR":"2302","NOMBPROV":"CANDARAVE","FIRST_NOMB":"TACNA","LAST_DCTO":"-","LAST_LEY":"-","FIRST_FECH":"05/02/1875","LAST_FECHA":"EPOCA INDEP.","MIN_SHAPE_":232161.56518,"ha":232161.57},"geometry":{"type":"Polygon","coordinates":[[[-70.14662,-16.93873],[-70.09577,-16.98523],[-70.07315,-17.03491],[-70.07,-17.08118],[-70.09531,-17.12289],[-70.09332,-17.29005],[-70.12447,-17.31991],[-70.19438,-17.3243],[-70.2438,-17.35871],[-70.34579,-17.46074],[-70.40051,-17.42123],[-70.36391,-17.37391],[-70.43529,-17.33468],[-70.45427,-17.30064],[-70.57251,-17.19411],[-70.5278,-17.16831],[-70.49186,-17.09137],[-70.44958,-17.08129],[-70.46472,-16.94568],[-70.44161,-16.84123],[-70.30761,-16.77305],[-70.20557,-16.80812],[-70.18407,-16.83469],[-70.24377,-16.86024],[-70.25907,-16.90203],[-70.24718,-16.95244],[-70.18129,-16.93212],[-70.14662,-16.93873]]]}},{"type":"Feature","properties":{"COUNT":6,"FIRST_IDPR":"0502","NOMBPROV":"CANGALLO","FIRST_NOMB":"AYACUCHO","LAST_DCTO":"-","LAST_LEY":"-","FIRST_FECH":"EPOCA INDEP.","LAST_FECHA":"EPOCA INDEP.","MIN_SHAPE_":186904.18511,"ha":186904.19},"geometry":{"type":"Polygon","coordinates":[[[-74.63283,-13.34478],[-74.56689,-13.34123],[-74.57168,-13.38712],[-74.47575,-13.45314],[-74.43176,-13.44912],[-74.37838,-13.41904],[-74.33602,-13.43875],[-74.26213,-13.39635],[-74.20181,-13.40619],[-74.16013,-13.49701],[-74.12336,-13.53095],[-74.05563,-13.53574],[-74.03932,-13.60484],[-74.05007,-13.68265],[-74.13948,-13.63294],[-74.30133,-13.63272],[-74.36839,-13.6028],[-74.44375,-13.58553],[-74.51654,-13.6023],[-74.59927,-13.5779],[-74.62717,-13.55675],[-74.70949,-13.58516],[-74.78242,-13.57851],[-74.86218,-13.48179],[-74.9021,-13.46644],[-74.89772,-13.39531],[-74.86875,-13.3599],[-74.76386,-13.34139],[-74.69946,-13.36351],[-74.63283,-13.34478]]]}},{"type":"Feature","properties":{"COUNT":7,"FIRST_IDPR":"1504","NOMBPROV":"CANTA","FIRST_NOMB":"LIMA","LAST_DCTO":"LEY","LAST_LEY":"10151","FIRST_FECH":"EPOC.INDEP.","LAST_FECHA":"30/12/1944","MIN_SHAPE_":169044.426619,"ha":169044.43},"geometry":{"type":"Polygon","coordinates":[[[-76.80487,-11.75587],[-76.89692,-11.72938],[-76.93268,-11.7553],[-76.98034,-11.72442],[-76.97608,-11.68538],[-77.03499,-11.6524],[-77.00489,-11.61347],[-76.85909,-11.50834],[-76.89225,-11.49219],[-76.76828,-11.42045],[-76.69457,-11.42933],[-76.59818,-11.32658],[-76.54607,-11.31609],[-76.48348,-11.34442],[-76.45702,-11.33443],[-76.42268,-11.35486],[-76.41183,-11.4146],[-76.37151,-11.47552],[-76.37684,-11.50149],[-76.40058,-11.50717],[-76.4881,-11.45751],[-76.54292,-11.51749],[-76.53611,-11.55909],[-76.57498,-11.63238],[-76.66549,-11.65877],[-76.74005,-11.69812],[-76.75339,-11.73153],[-76.80487,-11.75587]]]}},{"type":"Feature","properties":{"COUNT":16,"FIRST_IDPR":"1505","NOMBPROV":"CAÑETE","FIRST_NOMB":"LIMA","LAST_DCTO":"-","LAST_LEY":"-","FIRST_FECH":"22/06/1962","LAST_FECHA":"EPOC.INDEP.","MIN_SHAPE_":451700.757242,"ha":451700.76},"geometry":{"type":"Polygon","coordinates":[[[-76.78416,-12.51993],[-76.75168,-12.46269],[-76.75548,-12.39821],[-76.68341,-12.38211],[-76.66799,-12.36023],[-76.61668,-12.37283],[-76.59583,-12.31487],[-76.55733,-12.27573],[-76.53766,-12.33937],[-76.5012,-12.40065],[-76.45277,-12.40426],[-76.39383,-12.32364],[-76.346,-12.33773],[-76.3454,-12.388],[-76.31355,-12.43062],[-76.35212,-12.52002],[-76.29104,-12.57424],[-76.25167,-12.59159],[-76.29955,-12.71534],[-76.28301,-12.75212],[-76.19937,-12.81345],[-76.14444,-12.82042],[-76.04517,-12.78196],[-75.98393,-12.7823],[-75.94253,-12.80214],[-75.95941,-12.84897],[-76.00855,-12.85387],[-75.98998,-12.92209],[-75.95743,-12.96989],[-75.9614,-13.00138],[-75.9692,-13.04164],[-76.01194,-13.0855],[-76.15597,-13.19373],[-76.20732,-13.3061],[-76.24479,-13.32351],[-76.43421,-13.09033],[-76.48978,-13.03185],[-76.51381,-12.95209],[-76.50579,-12.92581],[-76.52986,-12.83967],[-76.63568,-12.74334],[-76.67243,-12.62778],[-76.74676,-12.53912],[-76.78416,-12.51993]]]}},{"type":"Feature","properties":{"COUNT":10,"FIRST_IDPR":"2103","NOMBPROV":"CARABAYA","FIRST_NOMB":"PUNO","LAST_DCTO":"-","LAST_LEY":"-","FIRST_FECH":"EPOCA INDEP.","LAST_FECHA":"EPOCA INDEP.","MIN_SHAPE_":1179106.03863,"ha":1179106.04},"geometry":{"type":"Polygon","coordinates":[[[-69.69096,-14.51782],[-69.7274,-14.50873],[-69.77774,-14.4486],[-69.8084,-14.45562],[-69.88988,-14.43427],[-69.8917,-14.43095],[-69.89469,-14.42682],[-69.89551,-14.42652],[-69.89774,-14.42431],[-69.89719,-14.42219],[-69.90225,-14.41514],[-69.90404,-14.41407],[-69.91575,-14.40752],[-69.9175,-14.40724],[-69.92127,-14.4053],[-69.92554,-14.40426],[-69.93214,-14.40159],[-69.93549,-14.40091],[-69.9358,-14.4],[-69.96295,-14.37377],[-69.96895,-14.37145],[-69.97428,-14.36783],[-69.97592,-14.36783],[-69.98472,-14.3681],[-69.98663,-14.36858],[-69.99115,-14.36929],[-69.99426,-14.36889],[-69.99693,-14.36869],[-69.99999,-14.37056],[-70.00136,-14.36954],[-70.00258,-14.36994],[-70.00366,-14.37019],[-70.0046,-14.36949],[-70.0103,-14.36784],[-70.0117,-14.3677],[-70.01582,-14.36741],[-70.01784,-14.36701],[-70.02023,-14.36676],[-70.02199,-14.36716],[-70.02538,-14.36794],[-70.02688,-14.36798],[-70.0371,-14.36853],[-70.03942,-14.36685],[-70.04192,-14.3653],[-70.04473,-14.36603],[-70.04551,-14.36776],[-70.04854,-14.36906],[-70.05011,-14.36933],[-70.05234,-14.3701],[-70.05389,-14.36995],[-70.05601,-14.36895],[-70.06008,-14.36742],[-70.06054,-14.36737],[-70.06211,-14.36819],[-70.06286,-14.36804],[-70.06368,-14.3678],[-70.06583,-14.3663],[-70.06918,-14.36636],[-70.07319,-14.36523],[-70.07638,-14.36457],[-70.0775,-14.36397],[-70.07808,-14.36268],[-70.0793,-14.36227],[-70.08163,-14.36227],[-70.08359,-14.36272],[-70.08563,-14.36342],[-70.08816,-14.36296],[-70.08938,-14.36166],[-70.09223,-14.36112],[-70.09755,-14.35907],[-70.09897,-14.36034],[-70.1013,-14.36037],[-70.10201,-14.36031],[-70.10291,-14.35998],[-70.10636,-14.35922],[-70.107,-14.35893],[-70.1106,-14.35879],[-70.11131,-14.35873],[-70.11296,-14.35739],[-70.11345,-14.35622],[-70.11403,-14.35491],[-70.11494,-14.3547],[-70.11663,-14.3551],[-70.11686,-14.35472],[-70.11658,-14.35249],[-70.11702,-14.35215],[-70.11864,-14.35157],[-70.11972,-14.35224],[-70.11978,-14.35239],[-70.12006,-14.35529],[-70.12503,-14.35304],[-70.12591,-14.35278],[-70.12949,-14.35247],[-70.13012,-14.35203],[-70.13203,-14.34945],[-70.13261,-14.34984],[-70.13458,-14.35262],[-70.13504,-14.35496],[-70.13542,-14.35514],[-70.13765,-14.35364],[-70.13755,-14.35031],[-70.13751,-14.34703],[-70.13933,-14.3467],[-70.14131,-14.34497],[-70.14243,-14.34206],[-70.14487,-14.34121],[-70.14406,-14.33834],[-70.14622,-14.33708],[-70.14819,-14.33916],[-70.1488,-14.3407],[-70.15085,-14.33992],[-70.15259,-14.33615],[-70.15528,-14.33521],[-70.15621,-14.33383],[-70.15568,-14.3324],[-70.15764,-14.3313],[-70.1577,-14.33158],[-70.1582,-14.33324],[-70.15939,-14.33157],[-70.15979,-14.32857],[-70.16005,-14.32811],[-70.15965,-14.32685],[-70.1582,-14.32539],[-70.15797,-14.32504],[-70.1641,-14.32396],[-70.16417,-14.32197],[-70.16463,-14.32127],[-70.16626,-14.3212],[-70.16669,-14.3217],[-70.16637,-14.32322],[-70.16705,-14.32394],[-70.16765,-14.32307],[-70.1683,-14.31948],[-70.16831,-14.31915],[-70.16822,-14.31768],[-70.17035,-14.32036],[-70.16912,-14.32257],[-70.16921,-14.32289],[-70.17055,-14.32358],[-70.17118,-14.32154],[-70.1711,-14.32121],[-70.17149,-14.31977],[-70.17213,-14.319],[-70.17265,-14.31872],[-70.17534,-14.3205],[-70.17585,-14.32115],[-70.17793,-14.32151],[-70.17976,-14.3212],[-70.18066,-14.31942],[-70.18079,-14.31933],[-70.18142,-14.31857],[-70.18328,-14.31932],[-70.18283,-14.31808],[-70.18302,-14.31758],[-70.18297,-14.31607],[-70.18273,-14.31538],[-70.18184,-14.31223],[-70.18193,-14.30966],[-70.18039,-14.30218],[-70.18035,-14.30107],[-70.17977,-14.29391],[-70.18907,-14.2897],[-70.19396,-14.28672],[-70.19857,-14.28132],[-70.20183,-14.27811],[-70.20407,-14.27461],[-70.20937,-14.26842],[-70.22072,-14.27751],[-70.22261,-14.28268],[-70.22371,-14.29047],[-70.2234,-14.29476],[-70.22592,-14.30284],[-70.23862,-14.30913],[-70.24061,-14.30877],[-70.24441,-14.30726],[-70.24978,-14.30617],[-70.25129,-14.30545],[-70.26644,-14.28305],[-70.26824,-14.28297],[-70.32946,-14.17518],[-70.38691,-14.19602],[-70.42517,-14.17809],[-70.47963,-14.22315],[-70.54119,-14.18971],[-70.55105,-14.15532],[-70.61929,-14.15936],[-70.65014,-14.12457],[-70.69202,-14.12392],[-70.71985,-14.07498],[-70.78982,-14.07882],[-70.84819,-14.05555],[-70.86181,-14.02623],[-70.83304,-13.9381],[-70.83127,-13.85893],[-70.88123,-13.83284],[-70.8625,-13.80029],[-70.82655,-13.82724],[-70.76837,-13.81433],[-70.72136,-13.82934],[-70.69886,-13.80317],[-70.73475,-13.73902],[-70.71513,-13.66225],[-70.65391,-13.65594],[-70.61619,-13.60906],[-70.54172,-13.57449],[-70.53403,-13.52527],[-70.45262,-13.44792],[-70.44255,-13.39336],[-70.40007,-13.37174],[-70.39284,-13.31416],[-70.42041,-13.25857],[-70.38847,-13.19239],[-70.40287,-13.11441],[-70.03255,-13.22375],[-69.97416,-13.2451],[-69.64986,-13.34172],[-69.63276,-13.4063],[-69.68164,-13.49984],[-69.71314,-13.50558],[-69.72653,-13.63375],[-69.74946,-13.66922],[-69.75372,-13.73789],[-69.78574,-13.75072],[-69.73282,-13.83609],[-69.6635,-13.88464],[-69.7232,-13.97697],[-69.72519,-14.01878],[-69.7632,-14.03059],[-69.8059,-14.08283],[-69.85092,-14.26272],[-69.79937,-14.26833],[-69.78323,-14.31199],[-69.72786,-14.34969],[-69.72407,-14.41808],[-69.65978,-14.45333],[-69.69096,-14.51782]]]}},{"type":"Feature","properties":{"COUNT":13,"FIRST_IDPR":"0403","NOMBPROV":"CARAVELI","FIRST_NOMB":"AREQUIPA","LAST_DCTO":"LEY","LAST_LEY":"12450","FIRST_FECH":"09/12/1897","LAST_FECHA":"24/11/1955","MIN_SHAPE_":1300147.81174,"ha":1300147.81},"geometry":{"type":"Polygon","coordinates":[[[-73.60351,-15.41138],[-73.59972,-15.40707],[-73.59411,-15.4037],[-73.5877,-15.40482],[-73.57464,-15.40726],[-73.54157,-15.4009],[-73.53664,-15.39792],[-73.49362,-15.38223],[-73.4894,-15.38187],[-73.48589,-15.38019],[-73.48374,-15.37972],[-73.48188,-15.37953],[-73.45661,-15.36464],[-73.44698,-15.35798],[-73.4411,-15.35572],[-73.39217,-15.39874],[-73.33628,-15.40515],[-73.2748,-15.39295],[-73.20541,-15.5106],[-73.22634,-15.5703],[-73.21731,-15.64639],[-73.23898,-15.68007],[-73.26244,-15.8255],[-73.23325,-15.87405],[-73.22499,-15.98497],[-73.24029,-15.99821],[-73.22204,-16.11923],[-73.20323,-16.15299],[-73.19631,-16.28052],[-73.24226,-16.35631],[-73.2916,-16.40541],[-73.3142,-16.3387],[-73.45126,-16.28131],[-73.61993,-16.23009],[-73.69937,-16.2207],[-73.72788,-16.19525],[-73.86935,-16.13554],[-73.88939,-16.10935],[-74.03308,-16.01806],[-74.05445,-15.95452],[-74.16719,-15.90085],[-74.2416,-15.8787],[-74.2752,-15.84046],[-74.3279,-15.84872],[-74.3933,-15.82931],[-74.43929,-15.79456],[-74.46283,-15.72652],[-74.66128,-15.65284],[-74.74968,-15.60038],[-74.83075,-15.56719],[-74.90997,-15.51211],[-75.00684,-15.46004],[-75.07333,-15.44294],[-75.04965,-15.4345],[-75.00388,-15.33023],[-74.9682,-15.29942],[-74.93987,-15.20601],[-74.8706,-15.15123],[-74.81592,-15.1395],[-74.7623,-15.09805],[-74.7186,-15.13566],[-74.60597,-15.1485],[-74.55252,-15.13994],[-74.45142,-15.17597],[-74.39872,-15.18146],[-74.38788,-15.25178],[-74.40946,-15.30849],[-74.30972,-15.35894],[-74.32843,-15.39099],[-74.30012,-15.47839],[-74.24118,-15.48104],[-74.23436,-15.4857],[-74.2044,-15.48873],[-74.19623,-15.49136],[-74.19374,-15.49166],[-74.16209,-15.47952],[-74.15969,-15.47278],[-74.15013,-15.45102],[-74.15178,-15.44779],[-74.15365,-15.44253],[-74.15375,-15.44072],[-74.15126,-15.42875],[-74.14632,-15.4264],[-74.13724,-15.4246],[-74.12807,-15.41254],[-74.12195,-15.41135],[-74.11501,-15.41157],[-74.11472,-15.41082],[-74.11497,-15.4091],[-74.11308,-15.40498],[-74.08166,-15.39575],[-74.08088,-15.3967],[-74.07775,-15.39843],[-74.07523,-15.39882],[-74.06543,-15.40219],[-74.06492,-15.40304],[-74.0619,-15.40668],[-74.06042,-15.40754],[-74.05626,-15.41489],[-74.05514,-15.41622],[-74.05373,-15.41773],[-74.05171,-15.42477],[-74.04553,-15.44338],[-74.04187,-15.44846],[-74.03847,-15.45076],[-74.03784,-15.45415],[-74.03729,-15.45608],[-74.03758,-15.45662],[-74.04172,-15.46221],[-74.04257,-15.46481],[-74.04241,-15.46671],[-74.04269,-15.46793],[-74.04095,-15.47487],[-74.03888,-15.47954],[-74.03864,-15.48159],[-74.04234,-15.48844],[-74.04304,-15.48996],[-74.04437,-15.49231],[-74.04513,-15.49282],[-74.0585,-15.49815],[-74.07442,-15.50266],[-74.07548,-15.50461],[-74.07548,-15.50558],[-74.0746,-15.50859],[-74.07465,-15.50961],[-74.07594,-15.51109],[-74.0778,-15.51299],[-74.07872,-15.51702],[-74.07626,-15.52262],[-74.07451,-15.52609],[-74.07149,-15.52957],[-74.07145,-15.5311],[-74.07127,-15.53415],[-74.0708,-15.53526],[-74.06816,-15.53763],[-74.06821,-15.54129],[-74.07205,-15.5449],[-74.07237,-15.54587],[-74.07655,-15.55286],[-74.07655,-15.55481],[-74.07409,-15.56162],[-74.07395,-15.56305],[-74.07701,-15.56745],[-74.07747,-15.56931],[-74.07881,-15.57597],[-74.07919,-15.58098],[-74.08089,-15.58227],[-74.08391,-15.58996],[-74.0846,-15.59353],[-74.08391,-15.59668],[-74.08359,-15.59783],[-74.08257,-15.60826],[-74.08196,-15.61038],[-74.08159,-15.61168],[-74.0606,-15.6282],[-74.05833,-15.62646],[-74.05232,-15.62313],[-74.05095,-15.62228],[-74.04993,-15.61997],[-74.02854,-15.60656],[-74.02314,-15.60042],[-74.02167,-15.60038],[-74.01943,-15.59838],[-74.01943,-15.59758],[-74.01837,-15.59369],[-74.01916,-15.59149],[-74.01487,-15.58242],[-74.01328,-15.57135],[-74.01083,-15.56938],[-74.01091,-15.56503],[-74.01118,-15.56408],[-74.00043,-15.55395],[-73.99532,-15.55198],[-73.99439,-15.55039],[-73.99387,-15.54969],[-73.99287,-15.54841],[-73.99191,-15.54711],[-73.98479,-15.54093],[-73.97802,-15.53762],[-73.97746,-15.53721],[-73.97262,-15.53409],[-73.97056,-15.53366],[-73.9685,-15.53131],[-73.96391,-15.52585],[-73.95872,-15.51995],[-73.95422,-15.51093],[-73.95148,-15.50527],[-73.94993,-15.50299],[-73.9499,-15.5019],[-73.95007,-15.49975],[-73.94618,-15.49391],[-73.94267,-15.48673],[-73.9409,-15.48425],[-73.93987,-15.48296],[-73.93858,-15.48253],[-73.93485,-15.48064],[-73.93291,-15.4781],[-73.9273,-15.47238],[-73.92072,-15.46483],[-73.91478,-15.45825],[-73.89127,-15.44456],[-73.88744,-15.43878],[-73.87809,-15.43809],[-73.87687,-15.43878],[-73.87656,-15.43915],[-73.86951,-15.42893],[-73.86808,-15.42144],[-73.8688,-15.41726],[-73.87016,-15.40377],[-73.86977,-15.40162],[-73.87401,-15.39353],[-73.87518,-15.3919],[-73.87212,-15.38362],[-73.87082,-15.37991],[-73.8744,-15.36406],[-73.87486,-15.35507],[-73.88389,-15.33792],[-73.88408,-15.33746],[-73.88029,-15.33738],[-73.87936,-15.33723],[-73.87711,-15.33623],[-73.87093,-15.33294],[-73.86565,-15.32416],[-73.86404,-15.3247],[-73.86297,-15.32531],[-73.86005,-15.32612],[-73.8252,-15.326],[-73.81547,-15.32553],[-73.80096,-15.32857],[-73.79919,-15.33379],[-73.79858,-15.33469],[-73.79599,-15.33666],[-73.78928,-15.33897],[-73.78585,-15.33801],[-73.77988,-15.33841],[-73.77808,-15.33874],[-73.77645,-15.34032],[-73.77955,-15.34274],[-73.77932,-15.3464],[-73.77515,-15.35124],[-73.77206,-15.35428],[-73.76624,-15.36772],[-73.76286,-15.37609],[-73.75972,-15.38314],[-73.72684,-15.40998],[-73.71743,-15.41421],[-73.70432,-15.423],[-73.69456,-15.43478],[-73.67452,-15.43147],[-73.65975,-15.4235],[-73.65161,-15.41628],[-73.64204,-15.41779],[-73.63012,-15.41896],[-73.62802,-15.42006],[-73.60351,-15.41138]]]}},{"type":"Feature","properties":{"COUNT":11,"FIRST_IDPR":"0206","NOMBPROV":"CARHUAZ","FIRST_NOMB":"ANCASH","LAST_DCTO":"LEY","LAST_LEY":"7951","FIRST_FECH":"22/11/1868","LAST_FECHA":"14/12/1934","MIN_SHAPE_":81429.38542640001,"ha":81429.39},"geometry":{"type":"Polygon","coordinates":[[[-77.31918,-9.32411],[-77.33009,-9.38239],[-77.40209,-9.34734],[-77.46847,-9.36734],[-77.5764,-9.37412],[-77.61301,-9.42208],[-77.65554,-9.44227],[-77.69048,-9.37784],[-77.7442,-9.37071],[-77.77125,-9.33395],[-77.76565,-9.29232],[-77.72451,-9.2764],[-77.6893,-9.22416],[-77.66138,-9.23984],[-77.6199,-9.21445],[-77.58892,-9.1587],[-77.60132,-9.10894],[-77.53034,-9.08292],[-77.49046,-9.10667],[-77.53355,-9.17312],[-77.51083,-9.25435],[-77.48037,-9.25532],[-77.32568,-9.31005],[-77.31918,-9.32411]]]}},{"type":"Feature","properties":{"COUNT":3,"FIRST_IDPR":"0207","NOMBPROV":"CARLOS FERMIN FITZCARRALD","FIRST_NOMB":"ANCASH","LAST_DCTO":"LEY","LAST_LEY":"23609","FIRST_FECH":"EPOCA INDEP.","LAST_FECHA":"06/06/1983","MIN_SHAPE_":62742.6841026,"ha":62742.68},"geometry":{"type":"Polygon","coordinates":[[[-77.3595,-8.97724],[-77.32047,-8.94544],[-77.18857,-8.92838],[-77.15953,-8.8971],[-77.10314,-8.97243],[-77.11133,-9.00836],[-77.15239,-9.03372],[-77.14411,-9.09566],[-77.17387,-9.15996],[-77.22156,-9.16758],[-77.26205,-9.20779],[-77.36221,-9.11218],[-77.362,-9.06499],[-77.3595,-8.97724]]]}},{"type":"Feature","properties":{"COUNT":4,"FIRST_IDPR":"0208","NOMBPROV":"CASMA","FIRST_NOMB":"ANCASH","LAST_DCTO":"-","LAST_LEY":"-","FIRST_FECH":"21/10/1870","LAST_FECHA":"EPOCA INDEP.","MIN_SHAPE_":227590.80181,"ha":227590.8},"geometry":{"type":"Polygon","coordinates":[[[-78.0561,-9.2747],[-78.05975,-9.33085],[-78.00332,-9.38097],[-78.03018,-9.41849],[-77.99295,-9.44661],[-77.93291,-9.39898],[-77.901,-9.44223],[-77.93633,-9.52807],[-77.98433,-9.54038],[-77.96079,-9.61537],[-78.00609,-9.68064],[-78.04189,-9.6899],[-78.0874,-9.72049],[-78.14483,-9.71458],[-78.22621,-9.79528],[-78.27201,-9.75607],[-78.32182,-9.66175],[-78.36485,-9.62047],[-78.36799,-9.55531],[-78.39774,-9.47212],[-78.38011,-9.44549],[-78.42794,-9.41129],[-78.42789,-9.3493],[-78.40381,-9.34713],[-78.35965,-9.26302],[-78.2608,-9.20092],[-78.21128,-9.20897],[-78.14389,-9.26719],[-78.0561,-9.2747]]]}},{"type":"Feature","properties":{"COUNT":14,"FIRST_IDPR":"0404","NOMBPROV":"CASTILLA","FIRST_NOMB":"AREQUIPA","LAST_DCTO":"-","LAST_LEY":"-","FIRST_FECH":"EPOCA INDEP.","LAST_FECHA":"EPOCA INDEP.","MIN_SHAPE_":692911.42571,"ha":692911.43},"geometry":{"type":"Polygon","coordinates":[[[-71.95185,-14.83733],[-71.93958,-14.91979],[-71.9138,-14.95729],[-71.95192,-14.98847],[-71.98238,-15.0637],[-71.94703,-15.11027],[-71.96976,-15.13597],[-71.90141,-15.1708],[-71.94598,-15.22696],[-71.9841,-15.33787],[-72.00102,-15.46191],[-72.0034,-15.58188],[-72.10131,-15.60343],[-72.16315,-15.65971],[-72.20907,-15.68151],[-72.27619,-15.78339],[-72.29619,-15.83081],[-72.29653,-15.92104],[-72.24127,-15.94944],[-72.25285,-16.09429],[-72.27404,-16.13868],[-72.35475,-16.15809],[-72.37502,-16.28212],[-72.4425,-16.33142],[-72.46635,-16.38316],[-72.59363,-16.43048],[-72.65554,-16.29112],[-72.65108,-16.24781],[-72.68741,-16.21851],[-72.6872,-16.11981],[-72.71312,-16.05379],[-72.70159,-16.0084],[-72.6031,-16.01725],[-72.57912,-15.93753],[-72.51865,-15.90881],[-72.54256,-15.81331],[-72.62319,-15.70462],[-72.66332,-15.7106],[-72.72352,-15.60302],[-72.6607,-15.54589],[-72.60882,-15.55967],[-72.54361,-15.53438],[-72.50759,-15.47506],[-72.51167,-15.39874],[-72.42714,-15.36814],[-72.43842,-15.30156],[-72.41959,-15.27053],[-72.36467,-15.2419],[-72.37693,-15.19779],[-72.35558,-15.09784],[-72.317,-15.0944],[-72.26547,-15.04325],[-72.25336,-14.94626],[-72.14771,-14.8814],[-72.07192,-14.93739],[-72.02683,-14.87602],[-72.00494,-14.88632],[-71.95185,-14.83733]]]}},{"type":"Feature","properties":{"COUNT":13,"FIRST_IDPR":"0904","NOMBPROV":"CASTROVIRREYNA","FIRST_NOMB":"HUANCAVELICA","LAST_DCTO":"-","LAST_LEY":"-","FIRST_FECH":"06/09/1920","LAST_FECHA":"EPOCA INDEP.","MIN_SHAPE_":395269.60603,"ha":395269.61},"geometry":{"type":"Polygon","coordinates":[[[-75.61439,-12.96493],[-75.63612,-12.91618],[-75.61309,-12.86698],[-75.53108,-12.82221],[-75.51389,-12.78865],[-75.442,-12.77522],[-75.37131,-12.82565],[-75.38098,-12.84256],[-75.33478,-12.93617],[-75.24982,-12.87924],[-75.19208,-12.94729],[-75.14947,-12.96006],[-75.12065,-12.93183],[-75.05723,-12.91426],[-75.03703,-12.93963],[-75.02919,-13.10586],[-74.98895,-13.14152],[-75.04911,-13.18656],[-75.168,-13.22451],[-75.16393,-13.27394],[-75.20417,-13.31197],[-75.20551,-13.34443],[-75.25583,-13.41747],[-75.29113,-13.40168],[-75.31035,-13.45025],[-75.43461,-13.46964],[-75.47731,-13.52548],[-75.46578,-13.43216],[-75.50292,-13.36595],[-75.53892,-13.40501],[-75.58512,-13.40267],[-75.68928,-13.43967],[-75.71216,-13.41642],[-75.80599,-13.40143],[-75.79021,-13.34251],[-75.70648,-13.28829],[-75.70634,-13.18676],[-75.69377,-13.1475],[-75.71877,-13.10976],[-75.69496,-13.07479],[-75.62861,-13.05707],[-75.61439,-12.96493]]]}},{"type":"Feature","properties":{"COUNT":20,"FIRST_IDPR":"0405","NOMBPROV":"CAYLLOMA","FIRST_NOMB":"AREQUIPA","LAST_DCTO":"-","LAST_LEY":"-","FIRST_FECH":"20/12/1999","LAST_FECHA":"EPOCA INDEP.","MIN_SHAPE_":1410845.90829,"ha":1410845.91},"geometry":{"type":"Polygon","coordinates":[[[-70.89054,-15.85125],[-70.84534,-15.92193],[-70.85452,-15.92473],[-70.856,-15.92534],[-70.86896,-15.94055],[-70.87348,-15.94428],[-70.87424,-15.94556],[-70.87798,-15.94798],[-70.90249,-15.94556],[-70.90961,-15.94454],[-70.9202,-15.95068],[-70.94495,-15.9625],[-70.94836,-15.96166],[-70.95084,-15.96184],[-70.95282,-15.96199],[-70.96321,-15.96924],[-70.9852,-15.96908],[-70.99827,-15.96793],[-71.01192,-15.97202],[-71.03609,-15.98023],[-71.04704,-15.98432],[-71.05138,-15.99114],[-71.06164,-15.99818],[-71.06653,-16.00369],[-71.0769,-16.0042],[-71.08134,-15.99962],[-71.08595,-15.99801],[-71.08655,-15.9927],[-71.08662,-15.99214],[-71.08624,-15.9877],[-71.08537,-15.98496],[-71.08667,-15.98105],[-71.09598,-15.98414],[-71.10569,-15.9849],[-71.10847,-15.98696],[-71.11706,-15.98804],[-71.12216,-15.98462],[-71.14445,-15.9837],[-71.14457,-15.98558],[-71.1452,-15.98747],[-71.14954,-15.99122],[-71.15154,-15.99668],[-71.15597,-16.00307],[-71.16038,-16.00475],[-71.17408,-16.00668],[-71.18026,-16.01026],[-71.1824,-16.01052],[-71.1916,-16.01473],[-71.19743,-16.02051],[-71.20168,-16.0256],[-71.21197,-16.02031],[-71.21628,-16.01708],[-71.2176,-16.01463],[-71.22308,-16.00944],[-71.22855,-16.00448],[-71.23157,-16.00194],[-71.23852,-16.0006],[-71.24835,-15.99854],[-71.26,-15.98818],[-71.26637,-15.98216],[-71.26909,-15.97901],[-71.26894,-15.97513],[-71.27398,-15.96584],[-71.27408,-15.96324],[-71.28357,-15.95705],[-71.30554,-15.95351],[-71.30708,-15.95443],[-71.31419,-15.94726],[-71.32198,-15.9416],[-71.34152,-15.93928],[-71.35062,-15.93528],[-71.36497,-15.93042],[-71.36687,-15.92945],[-71.41013,-15.92713],[-71.41238,-15.92881],[-71.41759,-15.93034],[-71.42248,-15.93041],[-71.42924,-15.92938],[-71.43284,-15.9277],[-71.44447,-15.92743],[-71.45318,-15.93295],[-71.466,-15.92689],[-71.47227,-15.92679],[-71.47979,-15.92837],[-71.48296,-15.92933],[-71.48668,-15.93169],[-71.4901,-15.93216],[-71.49278,-15.9306],[-71.50243,-15.92602],[-71.5043,-15.92543],[-71.5192,-15.92761],[-71.52271,-15.9283],[-71.5317,-15.93504],[-71.53434,-15.9441],[-71.53723,-15.94786],[-71.5386,-15.94862],[-71.54121,-15.95068],[-71.5418,-15.95119],[-71.54244,-15.95238],[-71.54369,-15.95747],[-71.54624,-15.95863],[-71.54696,-15.95919],[-71.54997,-15.96288],[-71.55479,-15.96892],[-71.55521,-15.96955],[-71.55604,-15.97105],[-71.55712,-15.97285],[-71.55771,-15.97329],[-71.56431,-15.97957],[-71.57832,-15.99078],[-71.58111,-15.99021],[-71.59068,-15.98721],[-71.59693,-15.98416],[-71.59857,-15.98309],[-71.60408,-15.98209],[-71.64126,-15.98654],[-71.64663,-15.98809],[-71.64871,-15.98889],[-71.65061,-15.98841],[-71.65268,-15.98579],[-71.6524,-15.98396],[-71.65205,-15.9832],[-71.65305,-15.98037],[-71.65334,-15.97997],[-71.6563,-15.97617],[-71.65758,-15.97438],[-71.65818,-15.97362],[-71.65981,-15.97004],[-71.66113,-15.96447],[-71.66233,-15.96265],[-71.6765,-15.94931],[-71.67815,-15.94872],[-71.68534,-15.94337],[-71.68578,-15.94286],[-71.68762,-15.93905],[-71.70629,-15.93647],[-71.71008,-15.95291],[-71.70673,-15.9658],[-71.70581,-15.97098],[-71.70657,-15.97572],[-71.70972,-15.9854],[-71.71385,-15.98642],[-71.72408,-15.98901],[-71.72485,-15.9893],[-71.72678,-15.99196],[-71.72744,-15.99315],[-71.72839,-15.99542],[-71.73566,-16.00389],[-71.73527,-16.006],[-71.73582,-16.0115],[-71.73724,-16.01259],[-71.73796,-16.0162],[-71.73866,-16.01674],[-71.74426,-16.02093],[-71.74535,-16.02261],[-71.76928,-16.03251],[-71.7765,-16.03404],[-71.77895,-16.0349],[-71.78151,-16.0361],[-71.78388,-16.03719],[-71.78931,-16.03795],[-71.79179,-16.0394],[-71.79375,-16.04113],[-71.8074,-16.04962],[-71.81136,-16.05023],[-71.81267,-16.0506],[-71.81559,-16.05772],[-71.82079,-16.06157],[-71.82638,-16.05873],[-71.82808,-16.06062],[-71.82846,-16.06158],[-71.8304,-16.06503],[-71.83691,-16.07045],[-71.83755,-16.0738],[-71.83858,-16.07916],[-71.83904,-16.08247],[-71.84258,-16.08827],[-71.84812,-16.09446],[-71.86575,-16.11132],[-71.86593,-16.11467],[-71.86771,-16.12151],[-71.86807,-16.12296],[-71.87668,-16.13444],[-71.8884,-16.1456],[-71.90827,-16.15878],[-71.91073,-16.15908],[-71.9398,-16.14454],[-71.94472,-16.14278],[-71.95328,-16.14495],[-71.95415,-16.14499],[-71.95639,-16.14433],[-71.95866,-16.1424],[-71.96083,-16.14041],[-71.96301,-16.13747],[-71.97807,-16.14028],[-71.98256,-16.13918],[-71.98716,-16.13803],[-71.99623,-16.13861],[-72.0016,-16.14499],[-72.00307,-16.14718],[-72.00482,-16.14905],[-72.00513,-16.1515],[-72.00551,-16.15219],[-72.00626,-16.1526],[-72.00891,-16.15723],[-72.01382,-16.1619],[-72.01669,-16.16266],[-72.01799,-16.16334],[-72.02073,-16.16541],[-72.02508,-16.16869],[-72.02731,-16.16942],[-72.02991,-16.17134],[-72.03069,-16.1741],[-72.03271,-16.17782],[-72.03426,-16.18009],[-72.0378,-16.18302],[-72.03973,-16.1848],[-72.04742,-16.19358],[-72.05139,-16.19896],[-72.05309,-16.20145],[-72.05411,-16.20315],[-72.0566,-16.20749],[-72.05731,-16.20615],[-72.05765,-16.20534],[-72.06185,-16.20185],[-72.06434,-16.20003],[-72.06848,-16.19937],[-72.06887,-16.1992],[-72.07469,-16.19557],[-72.07816,-16.19226],[-72.07944,-16.19131],[-72.08405,-16.19001],[-72.08486,-16.19032],[-72.08723,-16.20115],[-72.07331,-16.21145],[-72.07403,-16.21825],[-72.07652,-16.2218],[-72.07631,-16.22087],[-72.07969,-16.22527],[-72.08425,-16.23904],[-72.09502,-16.26003],[-72.10014,-16.26765],[-72.10341,-16.27274],[-72.11282,-16.28366],[-72.12019,-16.29762],[-72.12533,-16.30348],[-72.12939,-16.30854],[-72.13104,-16.31085],[-72.13383,-16.31745],[-72.13599,-16.32373],[-72.13688,-16.32529],[-72.13759,-16.32666],[-72.13841,-16.32837],[-72.13888,-16.32942],[-72.14336,-16.33821],[-72.14437,-16.34304],[-72.14432,-16.34871],[-72.14583,-16.35153],[-72.14787,-16.35401],[-72.14905,-16.35582],[-72.15528,-16.3624],[-72.15697,-16.36458],[-72.16296,-16.37523],[-72.16457,-16.37952],[-72.16707,-16.38575],[-72.17442,-16.39828],[-72.1805,-16.40859],[-72.18334,-16.41536],[-72.19962,-16.45771],[-72.19951,-16.45872],[-72.19933,-16.48381],[-72.25423,-16.53341],[-72.2887,-16.58621],[-72.43433,-16.60572],[-72.45364,-16.55897],[-72.49844,-16.57159],[-72.58299,-16.55948],[-72.57157,-16.51208],[-72.51196,-16.49142],[-72.48471,-16.45109],[-72.46635,-16.38316],[-72.4425,-16.33142],[-72.37502,-16.28212],[-72.35475,-16.15809],[-72.27404,-16.13868],[-72.25285,-16.09429],[-72.24127,-15.94944],[-72.29653,-15.92104],[-72.29619,-15.83081],[-72.27619,-15.78339],[-72.20907,-15.68151],[-72.16315,-15.65971],[-72.10131,-15.60343],[-72.0034,-15.58188],[-72.00102,-15.46191],[-71.9841,-15.33787],[-71.94598,-15.22696],[-71.90141,-15.1708],[-71.96976,-15.13597],[-71.94703,-15.11027],[-71.98238,-15.0637],[-71.95192,-14.98847],[-71.9138,-14.95729],[-71.93958,-14.91979],[-71.95185,-14.83733],[-71.91748,-14.83142],[-71.8939,-14.7896],[-71.87667,-14.80044],[-71.85209,-14.88809],[-71.79762,-14.89598],[-71.74596,-14.93987],[-71.76746,-15.01052],[-71.84932,-15.04509],[-71.80296,-15.06744],[-71.66795,-15.0919],[-71.63602,-15.13914],[-71.5876,-15.1256],[-71.57063,-15.06121],[-71.51171,-15.07945],[-71.48587,-15.0591],[-71.50705,-14.97628],[-71.43082,-14.99808],[-71.37268,-15.07911],[-71.31563,-15.12022],[-71.26023,-15.07691],[-71.20684,-15.07189],[-71.14358,-15.12056],[-71.18039,-15.16262],[-71.16033,-15.20777],[-71.20184,-15.24545],[-71.1654,-15.28888],[-71.15115,-15.36394],[-71.17433,-15.42446],[-71.07175,-15.44927],[-71.03897,-15.40517],[-70.99396,-15.45484],[-71.01517,-15.48917],[-71.00818,-15.56397],[-70.91798,-15.6438],[-70.90013,-15.71215],[-70.93614,-15.78484],[-70.89054,-15.85125]]]}},{"type":"Feature","properties":{"COUNT":12,"FIRST_IDPR":"0603","NOMBPROV":"CELENDIN","FIRST_NOMB":"CAJAMARCA","LAST_DCTO":"LEY","LAST_LEY":"7855","FIRST_FECH":"27/12/1923","LAST_FECHA":"16/10/1933","MIN_SHAPE_":265469.006981,"ha":265469.01},"geometry":{"type":"Polygon","coordinates":[[[-78.45348,-6.83419],[-78.40197,-6.81506],[-78.40484,-6.71153],[-78.38547,-6.68525],[-78.41297,-6.59586],[-78.3526,-6.56463],[-78.36546,-6.47215],[-78.32135,-6.44997],[-78.27793,-6.38896],[-78.19003,-6.45702],[-78.13603,-6.5263],[-78.1076,-6.64233],[-78.0582,-6.67615],[-78.03587,-6.74324],[-78.01406,-6.8223],[-77.99951,-6.97053],[-77.95115,-7.06461],[-78.01595,-7.0968],[-78.05653,-7.13479],[-78.18369,-7.14915],[-78.21946,-7.07158],[-78.29145,-7.02327],[-78.34051,-6.95418],[-78.38619,-6.9258],[-78.42664,-6.93116],[-78.45348,-6.83419]]]}},{"type":"Feature","properties":{"COUNT":21,"FIRST_IDPR":"0101","NOMBPROV":"CHACHAPOYAS","FIRST_NOMB":"AMAZONAS","LAST_DCTO":"-","LAST_LEY":"-","FIRST_FECH":"EPOCA INDEP.","LAST_FECHA":"EPOCA INDEP.","MIN_SHAPE_":298037.227229,"ha":298037.23},"geometry":{"type":"Polygon","coordinates":[[[-77.62666,-6.61274],[-77.69336,-6.67853],[-77.74561,-6.66516],[-77.74671,-6.75184],[-77.76172,-6.80775],[-77.72332,-6.89346],[-77.75893,-6.96451],[-77.84586,-6.9764],[-77.88034,-6.9625],[-77.92753,-6.98671],[-77.99951,-6.97053],[-78.01406,-6.8223],[-78.03587,-6.74324],[-77.93597,-6.68979],[-77.85316,-6.67654],[-77.80225,-6.6557],[-77.85141,-6.50898],[-77.86258,-6.4455],[-77.91989,-6.3685],[-77.94201,-6.26883],[-77.90203,-6.19935],[-77.89095,-6.10269],[-77.82187,-6.1305],[-77.80623,-6.03187],[-77.7745,-5.97432],[-77.71726,-5.9442],[-77.67167,-5.9741],[-77.59346,-6.00935],[-77.53381,-6.06337],[-77.50992,-6.08649],[-77.49977,-6.153],[-77.46981,-6.18235],[-77.52976,-6.24571],[-77.56788,-6.30946],[-77.61757,-6.28076],[-77.6352,-6.31611],[-77.69903,-6.33559],[-77.75226,-6.40355],[-77.7326,-6.45315],[-77.72618,-6.55206],[-77.62666,-6.61274]]]}},{"type":"Feature","properties":{"COUNT":6,"FIRST_IDPR":"1203","NOMBPROV":"CHANCHAMAYO","FIRST_NOMB":"JUNIN","LAST_DCTO":"LEY","LAST_LEY":"24445","FIRST_FECH":"27/01/1871","LAST_FECHA":"14/01/1986","MIN_SHAPE_":467686.179106,"ha":467686.18},"geometry":{"type":"Polygon","coordinates":[[[-75.43479,-11.25821],[-75.50673,-11.22408],[-75.57931,-11.22873],[-75.58837,-11.17713],[-75.63768,-11.1642],[-75.66739,-11.09827],[-75.5844,-11.0514],[-75.52777,-11.05006],[-75.46412,-11.02421],[-75.4235,-10.93689],[-75.45335,-10.9003],[-75.40638,-10.85613],[-75.3173,-10.86357],[-75.26236,-10.82529],[-75.24405,-10.76695],[-75.19102,-10.71571],[-75.1198,-10.73022],[-75.07432,-10.66581],[-75.01666,-10.67713],[-74.97926,-10.74689],[-74.95648,-10.73279],[-74.89331,-10.76913],[-74.83131,-10.7805],[-74.7918,-10.83113],[-74.73269,-10.83573],[-74.70017,-10.87789],[-74.69744,-10.95536],[-74.62262,-10.97586],[-74.64742,-11.00905],[-74.72964,-11.01723],[-74.74594,-11.06743],[-74.87694,-11.15567],[-74.91105,-11.21308],[-74.89122,-11.27063],[-74.96824,-11.3003],[-75.04735,-11.30164],[-75.0284,-11.35023],[-75.30659,-11.30085],[-75.43479,-11.25821]]]}},{"type":"Feature","properties":{"COUNT":3,"FIRST_IDPR":"1304","NOMBPROV":"CHEPEN","FIRST_NOMB":"LA LIBERTAD","LAST_DCTO":"LEY","LAST_LEY":"9222","FIRST_FECH":"18/04/1935","LAST_FECHA":"05/12/1940","MIN_SHAPE_":115282.3327,"ha":115282.33},"geometry":{"type":"Polygon","coordinates":[[[-79.32259,-7.02568],[-79.3053,-7.14715],[-79.2518,-7.19835],[-79.28263,-7.27506],[-79.36928,-7.32412],[-79.40397,-7.30235],[-79.45879,-7.22546],[-79.54181,-7.25393],[-79.56109,-7.28855],[-79.59972,-7.28575],[-79.69062,-7.17713],[-79.49639,-6.97171],[-79.45501,-6.94631],[-79.40076,-6.95693],[-79.32259,-7.02568]]]}},{"type":"Feature","properties":{"COUNT":20,"FIRST_IDPR":"1401","NOMBPROV":"CHICLAYO","FIRST_NOMB":"LAMBAYEQUE","LAST_DCTO":"DEC.","LAST_LEY":"S/N","FIRST_FECH":"19/12/1906","LAST_FECHA":"30/07/1840","MIN_SHAPE_":334599.052528,"ha":334599.05},"geometry":{"type":"Polygon","coordinates":[[[-79.43388,-6.48127],[-79.40328,-6.54073],[-79.36699,-6.54952],[-79.29642,-6.67567],[-79.22906,-6.67141],[-79.21379,-6.69563],[-79.14156,-6.70154],[-79.12085,-6.77697],[-79.20709,-6.82144],[-79.22907,-6.86047],[-79.26274,-6.85916],[-79.31101,-6.90134],[-79.29663,-6.99983],[-79.32259,-7.02568],[-79.40076,-6.95693],[-79.45501,-6.94631],[-79.49639,-6.97171],[-79.69062,-7.17713],[-79.68347,-7.1249],[-79.73984,-7.05754],[-79.93185,-6.87331],[-79.9424,-6.8205],[-79.89343,-6.72883],[-79.82948,-6.72171],[-79.78143,-6.67959],[-79.69776,-6.68473],[-79.62542,-6.70182],[-79.59267,-6.62434],[-79.64148,-6.5729],[-79.62424,-6.51326],[-79.56288,-6.50384],[-79.49117,-6.52031],[-79.43388,-6.48127]]]}},{"type":"Feature","properties":{"COUNT":11,"FIRST_IDPR":"1102","NOMBPROV":"CHINCHA","FIRST_NOMB":"ICA","LAST_DCTO":"LEY","LAST_LEY":"11620","FIRST_FECH":"EPOCA INDEP.","LAST_FECHA":"22/09/1951","MIN_SHAPE_":290803.738705,"ha":290803.74},"geometry":{"type":"Polygon","coordinates":[[[-75.68928,-13.43967],[-75.81446,-13.61956],[-75.86385,-13.61143],[-75.93556,-13.63105],[-75.98697,-13.57164],[-76.08849,-13.56448],[-76.19161,-13.5945],[-76.19147,-13.42393],[-76.24479,-13.32351],[-76.20732,-13.3061],[-76.15597,-13.19373],[-76.01194,-13.0855],[-75.9692,-13.04164],[-75.9614,-13.00138],[-75.93768,-12.99132],[-75.80206,-13.06043],[-75.76216,-13.01889],[-75.72546,-13.03812],[-75.67036,-13.02261],[-75.66324,-12.99404],[-75.61439,-12.96493],[-75.62861,-13.05707],[-75.69496,-13.07479],[-75.71877,-13.10976],[-75.69377,-13.1475],[-75.70634,-13.18676],[-75.70648,-13.28829],[-75.79021,-13.34251],[-75.80599,-13.40143],[-75.71216,-13.41642],[-75.68928,-13.43967]]]}},{"type":"Feature","properties":{"COUNT":8,"FIRST_IDPR":"0306","NOMBPROV":"CHINCHEROS","FIRST_NOMB":"APURIMAC","LAST_DCTO":"LEY","LAST_LEY":"24167","FIRST_FECH":"19/11/1985","LAST_FECHA":"12/06/1985","MIN_SHAPE_":150788.010794,"ha":150788.01},"geometry":{"type":"Polygon","coordinates":[[[-73.44539,-13.43036],[-73.48346,-13.50631],[-73.49208,-13.57733],[-73.52844,-13.61562],[-73.5704,-13.59626],[-73.62896,-13.73658],[-73.67371,-13.73074],[-73.74362,-13.65556],[-73.79192,-13.64096],[-73.81424,-13.50921],[-73.83349,-13.47179],[-73.83803,-13.38443],[-73.82282,-13.28505],[-73.79703,-13.19994],[-73.75644,-13.17071],[-73.72622,-13.26866],[-73.64195,-13.29948],[-73.57176,-13.34183],[-73.48091,-13.43137],[-73.44539,-13.43036]]]}},{"type":"Feature","properties":{"COUNT":19,"FIRST_IDPR":"0604","NOMBPROV":"CHOTA","FIRST_NOMB":"CAJAMARCA","LAST_DCTO":"LEY","LAST_LEY":"S/N","FIRST_FECH":"02/01/1857","LAST_FECHA":"02/01/1857","MIN_SHAPE_":377270.637208,"ha":377270.64},"geometry":{"type":"Polygon","coordinates":[[[-79.22906,-6.67141],[-79.29642,-6.67567],[-79.36699,-6.54952],[-79.40328,-6.54073],[-79.43388,-6.48127],[-79.42289,-6.45188],[-79.45349,-6.39684],[-79.42266,-6.31043],[-79.35356,-6.30429],[-79.32179,-6.26306],[-79.24917,-6.22178],[-79.22228,-6.21198],[-79.19916,-6.27041],[-79.11965,-6.2912],[-79.08562,-6.32003],[-78.98685,-6.29591],[-78.91777,-6.36819],[-78.89296,-6.43118],[-78.7958,-6.44144],[-78.83471,-6.49583],[-78.78669,-6.53768],[-78.75687,-6.5356],[-78.74535,-6.42443],[-78.71133,-6.3919],[-78.66774,-6.31504],[-78.51506,-6.28982],[-78.50968,-6.24576],[-78.53407,-6.19165],[-78.50906,-6.08531],[-78.41973,-6.18842],[-78.33539,-6.31868],[-78.33373,-6.35098],[-78.27793,-6.38896],[-78.32135,-6.44997],[-78.36546,-6.47215],[-78.3526,-6.56463],[-78.41297,-6.59586],[-78.45828,-6.56047],[-78.52966,-6.60912],[-78.5604,-6.59785],[-78.6437,-6.67564],[-78.72309,-6.62946],[-78.75802,-6.63212],[-78.77751,-6.56429],[-78.82326,-6.52574],[-78.95234,-6.52724],[-78.98918,-6.51202],[-79.05594,-6.51636],[-79.1184,-6.6285],[-79.24024,-6.61766],[-79.22906,-6.67141]]]}},{"type":"Feature","properties":{"COUNT":7,"FIRST_IDPR":"2104","NOMBPROV":"CHUCUITO","FIRST_NOMB":"PUNO","LAST_DCTO":"-","LAST_LEY":"-","FIRST_FECH":"EPOCA INDEP.","LAST_FECHA":"EPOCA INDEP.","MIN_SHAPE_":397892.169056,"ha":397892.17},"geometry":{"type":"Polygon","coordinates":[[[-69.5628,-17.17498],[-69.60287,-17.09746],[-69.53477,-17.06086],[-69.53573,-16.96769],[-69.56823,-16.91782],[-69.56587,-16.83344],[-69.51149,-16.7424],[-69.54215,-16.6706],[-69.50175,-16.66059],[-69.48784,-16.62494],[-69.48828,-16.52635],[-69.47159,-16.4587],[-69.4838,-16.42874],[-69.55577,-16.44537],[-69.6607,-16.42593],[-69.68402,-16.38255],[-69.64531,-16.31112],[-69.64453,-16.31114],[-69.5864,-16.27474],[-69.57192,-16.17428],[-69.51389,-16.17997],[-69.49432,-16.20806],[-69.42647,-16.17882],[-69.35805,-16.25014],[-69.29527,-16.2539],[-69.27869,-16.28926],[-69.20017,-16.26419],[-69.19094,-16.31455],[-69.14194,-16.33099],[-69.04295,-16.4204],[-69.08401,-16.46265],[-69.08456,-16.49713],[-69.03692,-16.55971],[-69.0313,-16.60581],[-68.9961,-16.65658],[-69.04529,-16.68833],[-69.17001,-16.72754],[-69.21924,-16.83613],[-69.30467,-16.91584],[-69.34364,-16.98687],[-69.39463,-17.02387],[-69.37374,-17.07312],[-69.40627,-17.10029],[-69.44913,-17.09775],[-69.5628,-17.17498]]]}},{"type":"Feature","properties":{"COUNT":8,"FIRST_IDPR":"0807","NOMBPROV":"CHUMBIVILCAS","FIRST_NOMB":"CUSCO","LAST_DCTO":"LEY","LAST_LEY":"S/N","FIRST_FECH":"EPOCA INDEP.","LAST_FECHA":"02/01/1857","MIN_SHAPE_":535593.198221,"ha":535593.2},"geometry":{"type":"Polygon","coordinates":[[[-71.69971,-14.11629],[-71.59573,-14.14989],[-71.59239,-14.14938],[-71.58823,-14.14912],[-71.58752,-14.14933],[-71.5874,-14.14941],[-71.58569,-14.15035],[-71.5838,-14.15174],[-71.58225,-14.15397],[-71.58184,-14.15465],[-71.58116,-14.15592],[-71.58107,-14.15599],[-71.58085,-14.1561],[-71.58073,-14.15615],[-71.57964,-14.15663],[-71.57887,-14.15704],[-71.57775,-14.15756],[-71.57595,-14.15848],[-71.57545,-14.15874],[-71.57505,-14.1589],[-71.57486,-14.15893],[-71.57409,-14.1589],[-71.57359,-14.15897],[-71.57305,-14.15892],[-71.57051,-14.15826],[-71.57003,-14.15811],[-71.56903,-14.15819],[-71.56886,-14.15825],[-71.56759,-14.15886],[-71.56709,-14.15907],[-71.56462,-14.16054],[-71.56277,-14.16171],[-71.56026,-14.16378],[-71.55906,-14.16532],[-71.5586,-14.16641],[-71.55841,-14.16818],[-71.5573,-14.16997],[-71.55609,-14.171],[-71.55595,-14.17117],[-71.55564,-14.17159],[-71.55414,-14.17287],[-71.55363,-14.17302],[-71.55331,-14.17318],[-71.5514,-14.17344],[-71.55116,-14.1736],[-71.54988,-14.1752],[-71.54966,-14.17571],[-71.54929,-14.17652],[-71.54902,-14.17746],[-71.54893,-14.17802],[-71.54888,-14.17822],[-71.54853,-14.179],[-71.54766,-14.18089],[-71.54754,-14.18156],[-71.54735,-14.18219],[-71.54653,-14.18387],[-71.54408,-14.18671],[-71.54371,-14.18793],[-71.54367,-14.18845],[-71.54359,-14.18958],[-71.54426,-14.19296],[-71.54436,-14.19454],[-71.54311,-14.19711],[-71.54296,-14.19721],[-71.54183,-14.19807],[-71.54169,-14.19813],[-71.54018,-14.19884],[-71.53978,-14.19913],[-71.53868,-14.20021],[-71.53847,-14.20066],[-71.53685,-14.20333],[-71.53613,-14.20462],[-71.53455,-14.20839],[-71.53401,-14.20933],[-71.53347,-14.20996],[-71.5306,-14.21259],[-71.52988,-14.21353],[-71.52939,-14.21462],[-71.52933,-14.21494],[-71.52905,-14.21642],[-71.52807,-14.21843],[-71.52763,-14.21899],[-71.52682,-14.21981],[-71.5253,-14.22063],[-71.52501,-14.22075],[-71.52393,-14.22093],[-71.52378,-14.22102],[-71.52338,-14.22117],[-71.52247,-14.22189],[-71.5218,-14.22453],[-71.52177,-14.22573],[-71.5218,-14.22681],[-71.52148,-14.22837],[-71.52088,-14.23048],[-71.52119,-14.23228],[-71.52138,-14.23287],[-71.52173,-14.23389],[-71.52067,-14.23648],[-71.52032,-14.23805],[-71.51954,-14.24164],[-71.51512,-14.25227],[-71.51515,-14.25296],[-71.51974,-14.259],[-71.52345,-14.26425],[-71.52685,-14.26598],[-71.52906,-14.26486],[-71.53049,-14.2646],[-71.53122,-14.26481],[-71.53641,-14.26523],[-71.54378,-14.2635],[-71.54912,-14.26238],[-71.54901,-14.26677],[-71.55017,-14.27986],[-71.55149,-14.28303],[-71.55217,-14.28667],[-71.55413,-14.29126],[-71.5545,-14.29211],[-71.55388,-14.29466],[-71.55008,-14.30092],[-71.55437,-14.3098],[-71.55677,-14.31186],[-71.55752,-14.31273],[-71.55804,-14.31584],[-71.55813,-14.32021],[-71.55612,-14.32231],[-71.5541,-14.32791],[-71.55682,-14.33071],[-71.55808,-14.33447],[-71.55852,-14.33517],[-71.55935,-14.33942],[-71.56023,-14.34414],[-71.56014,-14.34576],[-71.55507,-14.349],[-71.55432,-14.34974],[-71.55485,-14.35315],[-71.55523,-14.36347],[-71.55637,-14.36444],[-71.55987,-14.36575],[-71.56759,-14.37215],[-71.5682,-14.37382],[-71.56785,-14.37732],[-71.56452,-14.37952],[-71.55319,-14.38746],[-71.55342,-14.38987],[-71.55505,-14.39514],[-71.5518,-14.40187],[-71.55118,-14.40281],[-71.54975,-14.40552],[-71.55118,-14.40733],[-71.55186,-14.40788],[-71.55317,-14.40938],[-71.55441,-14.41074],[-71.56211,-14.41415],[-71.56291,-14.41451],[-71.56556,-14.41431],[-71.56732,-14.41439],[-71.5762,-14.4185],[-71.57642,-14.41976],[-71.57614,-14.42064],[-71.58156,-14.42938],[-71.58228,-14.42991],[-71.58593,-14.43179],[-71.58637,-14.43548],[-71.58721,-14.43708],[-71.59419,-14.43897],[-71.59807,-14.44085],[-71.60016,-14.44181],[-71.60782,-14.44358],[-71.6093,-14.44634],[-71.60884,-14.44828],[-71.60925,-14.45113],[-71.60788,-14.45569],[-71.60947,-14.45795],[-71.60929,-14.45906],[-71.60691,-14.47044],[-71.60627,-14.47253],[-71.60569,-14.47412],[-71.60497,-14.47757],[-71.60547,-14.47858],[-71.61621,-14.49003],[-71.62319,-14.49724],[-71.62814,-14.49948],[-71.6379,-14.4975],[-71.64449,-14.50083],[-71.64619,-14.50799],[-71.64898,-14.51306],[-71.64959,-14.51528],[-71.64879,-14.51786],[-71.65138,-14.52469],[-71.65119,-14.52859],[-71.65049,-14.52902],[-71.64875,-14.53066],[-71.64776,-14.53217],[-71.66201,-14.56453],[-71.71239,-14.58234],[-71.76034,-14.67933],[-71.80204,-14.70929],[-71.85815,-14.69231],[-71.88062,-14.71037],[-71.8939,-14.7896],[-71.95863,-14.72802],[-71.94122,-14.68532],[-71.98791,-14.63295],[-72.04186,-14.69437],[-72.03426,-14.81199],[-72.04713,-14.87506],[-72.12869,-14.8306],[-72.1447,-14.77771],[-72.25229,-14.80366],[-72.31544,-14.83386],[-72.40648,-14.82709],[-72.47095,-14.77477],[-72.48613,-14.71254],[-72.47177,-14.6614],[-72.4617,-14.60587],[-72.50291,-14.55166],[-72.42746,-14.47902],[-72.39308,-14.48185],[-72.35763,-14.43596],[-72.3172,-14.44069],[-72.24951,-14.40293],[-72.23952,-14.34847],[-72.18711,-14.31322],[-72.08149,-14.2023],[-72.0952,-14.17373],[-72.05667,-14.12881],[-72.0679,-14.07654],[-72.05167,-14.01239],[-72.05568,-13.93485],[-71.96804,-13.96034],[-71.91022,-14.05935],[-71.90855,-14.14934],[-71.87699,-14.20026],[-71.76372,-14.19242],[-71.74849,-14.26611],[-71.69266,-14.27873],[-71.67684,-14.22284],[-71.69971,-14.11629]]]}},{"type":"Feature","properties":{"COUNT":9,"FIRST_IDPR":"1209","NOMBPROV":"CHUPACA","FIRST_NOMB":"JUNIN","LAST_DCTO":"LEY","LAST_LEY":"9274","FIRST_FECH":"05/10/1854","LAST_FECHA":"08/01/1941","MIN_SHAPE_":116365.682055,"ha":116365.68},"geometry":{"type":"Polygon","coordinates":[[[-75.55959,-12.41072],[-75.5641,-12.33629],[-75.66412,-12.19405],[-75.62752,-12.14174],[-75.59241,-12.14467],[-75.54669,-12.18346],[-75.51821,-12.12173],[-75.48662,-12.11167],[-75.4409,-12.04035],[-75.41473,-12.04772],[-75.33069,-12.01031],[-75.31851,-12.04102],[-75.23879,-12.06307],[-75.23184,-12.1204],[-75.26769,-12.18317],[-75.24445,-12.24182],[-75.31353,-12.2698],[-75.37666,-12.33957],[-75.47161,-12.39228],[-75.55959,-12.41072]]]}},{"type":"Feature","properties":{"COUNT":10,"FIRST_IDPR":"0905","NOMBPROV":"CHURCAMPA","FIRST_NOMB":"HUANCAVELICA","LAST_DCTO":"LEY","LAST_LEY":"13841","FIRST_FECH":"22/06/1962","LAST_FECHA":"11/01/1962","MIN_SHAPE_":121798.44124,"ha":121798.44},"geometry":{"type":"Polygon","coordinates":[[[-74.32362,-12.83251],[-74.39628,-12.80607],[-74.46561,-12.80489],[-74.54246,-12.74338],[-74.54443,-12.72284],[-74.6399,-12.646],[-74.68646,-12.58986],[-74.69205,-12.52186],[-74.59733,-12.46609],[-74.59729,-12.41002],[-74.57599,-12.37317],[-74.54843,-12.37514],[-74.50354,-12.44981],[-74.42245,-12.44521],[-74.41512,-12.49066],[-74.34082,-12.63446],[-74.32753,-12.68127],[-74.34877,-12.71243],[-74.2892,-12.75801],[-74.2924,-12.82476],[-74.32362,-12.83251]]]}},{"type":"Feature","properties":{"COUNT":15,"FIRST_IDPR":"1202","NOMBPROV":"CONCEPCION","FIRST_NOMB":"JUNIN","LAST_DCTO":"-","LAST_LEY":"-","FIRST_FECH":"28/06/1955","LAST_FECHA":"EPOCA INDEP.","MIN_SHAPE_":224488.03638,"ha":224488.04},"geometry":{"type":"Polygon","coordinates":[[[-75.62752,-12.14174],[-75.6943,-12.04269],[-75.65653,-12.00867],[-75.58804,-12.00038],[-75.54336,-12.02726],[-75.48951,-12.00746],[-75.49829,-11.96817],[-75.39308,-11.92605],[-75.40099,-11.87424],[-75.31234,-11.84979],[-75.26244,-11.79056],[-75.20025,-11.75064],[-75.19229,-11.70763],[-75.2241,-11.66118],[-75.20263,-11.5992],[-75.16346,-11.53622],[-75.03561,-11.47279],[-74.99901,-11.42701],[-74.97294,-11.43818],[-74.91598,-11.48822],[-74.95414,-11.50395],[-74.97496,-11.55076],[-74.94148,-11.56487],[-74.91708,-11.52841],[-74.82025,-11.58836],[-74.72514,-11.614],[-74.72101,-11.66466],[-74.76533,-11.70761],[-74.77,-11.76235],[-74.83861,-11.76287],[-74.87599,-11.83015],[-74.92149,-11.84609],[-75.0156,-11.82125],[-75.06249,-11.88896],[-75.09219,-11.83414],[-75.12928,-11.84224],[-75.1724,-11.79766],[-75.25071,-11.80994],[-75.31278,-11.938],[-75.2792,-11.98052],[-75.33069,-12.01031],[-75.41473,-12.04772],[-75.4409,-12.04035],[-75.48662,-12.11167],[-75.51821,-12.12173],[-75.54669,-12.18346],[-75.59241,-12.14467],[-75.62752,-12.14174]]]}},{"type":"Feature","properties":{"COUNT":8,"FIRST_IDPR":"0406","NOMBPROV":"CONDESUYOS","FIRST_NOMB":"AREQUIPA","LAST_DCTO":"LEY","LAST_LEY":"S/N","FIRST_FECH":"26/11/1917","LAST_FECHA":"02/01/1857","MIN_SHAPE_":685288.240588,"ha":685288.24},"geometry":{"type":"Polygon","coordinates":[[[-71.8939,-14.7896],[-71.91748,-14.83142],[-71.95185,-14.83733],[-72.00494,-14.88632],[-72.02683,-14.87602],[-72.07192,-14.93739],[-72.14771,-14.8814],[-72.25336,-14.94626],[-72.26547,-15.04325],[-72.317,-15.0944],[-72.35558,-15.09784],[-72.37693,-15.19779],[-72.36467,-15.2419],[-72.41959,-15.27053],[-72.43842,-15.30156],[-72.42714,-15.36814],[-72.51167,-15.39874],[-72.50759,-15.47506],[-72.54361,-15.53438],[-72.60882,-15.55967],[-72.6607,-15.54589],[-72.72352,-15.60302],[-72.66332,-15.7106],[-72.62319,-15.70462],[-72.54256,-15.81331],[-72.51865,-15.90881],[-72.57912,-15.93753],[-72.6031,-16.01725],[-72.70159,-16.0084],[-72.71312,-16.05379],[-72.6872,-16.11981],[-72.68741,-16.21851],[-72.65108,-16.24781],[-72.65554,-16.29112],[-72.59363,-16.43048],[-72.62335,-16.45701],[-72.6699,-16.42443],[-72.72128,-16.35524],[-72.79793,-16.3085],[-72.81013,-16.22145],[-72.84122,-16.17446],[-72.84334,-16.12618],[-72.8758,-16.05752],[-72.91215,-16.0302],[-73.06492,-16.01859],[-73.15117,-15.97967],[-73.17404,-15.91211],[-73.23325,-15.87405],[-73.26244,-15.8255],[-73.23898,-15.68007],[-73.21731,-15.64639],[-73.22634,-15.5703],[-73.20541,-15.5106],[-73.11696,-15.572],[-73.08298,-15.56149],[-72.9975,-15.50343],[-72.97208,-15.4061],[-72.93378,-15.39448],[-72.87067,-15.40422],[-72.8372,-15.31788],[-72.78847,-15.2742],[-72.73963,-15.25317],[-72.64056,-15.23596],[-72.50602,-15.17799],[-72.4875,-15.11114],[-72.52692,-15.05862],[-72.41032,-14.9933],[-72.39916,-14.95748],[-72.32307,-14.93092],[-72.30193,-14.8957],[-72.31544,-14.83386],[-72.25229,-14.80366],[-72.1447,-14.77771],[-72.12869,-14.8306],[-72.04713,-14.87506],[-72.03426,-14.81199],[-72.04186,-14.69437],[-71.98791,-14.63295],[-71.94122,-14.68532],[-71.95863,-14.72802],[-71.8939,-14.7896]]]}},{"type":"Feature","properties":{"COUNT":3,"FIRST_IDPR":"2402","NOMBPROV":"CONTRALMIRANTE VILLAR","FIRST_NOMB":"TUMBES","LAST_DCTO":"LEY","LAST_LEY":"9667","FIRST_FECH":"03/04/2006","LAST_FECHA":"25/11/1942","MIN_SHAPE_":214653.616043,"ha":214653.62},"geometry":{"type":"Polygon","coordinates":[[[-80.66645,-4.21506],[-80.70032,-4.1878],[-80.80331,-4.17597],[-80.88282,-4.1928],[-80.93638,-4.17824],[-80.97132,-4.12712],[-81.04142,-4.08755],[-80.98739,-3.98571],[-80.95654,-3.9562],[-80.83365,-3.87576],[-80.79462,-3.7602],[-80.7536,-3.71817],[-80.63519,-3.66707],[-80.60473,-3.6372],[-80.60384,-3.67058],[-80.55398,-3.73355],[-80.58808,-3.83481],[-80.54498,-3.83591],[-80.55057,-3.88262],[-80.523,-4.00703],[-80.55866,-4.05662],[-80.58348,-4.13891],[-80.66645,-4.21506]]]}},{"type":"Feature","properties":{"COUNT":8,"FIRST_IDPR":"0605","NOMBPROV":"CONTUMAZA","FIRST_NOMB":"CAJAMARCA","LAST_DCTO":"LEY","LAST_LEY":"15046","FIRST_FECH":"19/11/1888","LAST_FECHA":"05/06/1964","MIN_SHAPE_":207828.799349,"ha":207828.8},"geometry":{"type":"Polygon","coordinates":[[[-78.91954,-7.21095],[-78.89763,-7.22839],[-78.74599,-7.21933],[-78.64985,-7.25563],[-78.62165,-7.28536],[-78.66541,-7.37901],[-78.69623,-7.41336],[-78.76012,-7.40198],[-78.84162,-7.43762],[-78.88669,-7.4841],[-78.89591,-7.53744],[-78.94434,-7.59842],[-78.94275,-7.62267],[-78.99215,-7.66095],[-79.04123,-7.59989],[-79.05985,-7.54668],[-79.06543,-7.47271],[-79.15272,-7.43982],[-79.18733,-7.38866],[-79.25633,-7.38186],[-79.36928,-7.32412],[-79.28263,-7.27506],[-79.2518,-7.19835],[-79.1244,-7.18058],[-79.05885,-7.2403],[-79.01786,-7.17926],[-78.95837,-7.18773],[-78.91954,-7.21095]]]}},{"type":"Feature","properties":{"COUNT":7,"FIRST_IDPR":"2501","NOMBPROV":"CORONEL PORTILLO","FIRST_NOMB":"UCAYALI","LAST_DCTO":"LEY","LAST_LEY":"9815","FIRST_FECH":"02/07/1943","LAST_FECHA":"13/10/1900","MIN_SHAPE_":3836958.81192,"ha":3836958.81},"geometry":{"type":"Polygon","coordinates":[[[-73.98303,-7.53436],[-73.9584,-7.56444],[-73.88946,-7.60318],[-73.90018,-7.63896],[-73.83727,-7.6706],[-73.80329,-7.71399],[-73.71403,-7.74296],[-73.67631,-7.80003],[-73.67816,-7.85796],[-73.73545,-7.87881],[-73.76701,-7.91041],[-73.74537,-7.94949],[-73.70618,-7.96176],[-73.6689,-8.01229],[-73.6403,-8.00651],[-73.58477,-8.12684],[-73.59547,-8.1658],[-73.56299,-8.2455],[-73.526,-8.27436],[-73.54291,-8.34759],[-73.44131,-8.4254],[-73.40776,-8.43061],[-73.37312,-8.47179],[-73.33098,-8.47586],[-73.34414,-8.60274],[-73.31967,-8.61062],[-73.25119,-8.69064],[-73.16724,-8.6983],[-73.11426,-8.78551],[-73.11201,-8.8193],[-73.0371,-8.91618],[-73.00127,-8.91691],[-72.94795,-9.02887],[-72.93999,-9.09325],[-72.96354,-9.14376],[-73.06409,-9.22769],[-73.1562,-9.35673],[-73.18876,-9.36322],[-73.20044,-9.4114],[-73.20617,-9.48432],[-73.18963,-9.5268],[-73.21248,-9.57415],[-73.22714,-9.65685],[-73.2734,-9.66459],[-73.24293,-9.7311],[-73.21776,-9.82747],[-73.22849,-9.84651],[-73.1032,-9.87523],[-73.09318,-9.94954],[-73.11253,-10.01775],[-73.15274,-10.03953],[-73.2193,-9.99931],[-73.30922,-9.89299],[-73.35524,-9.8727],[-73.39347,-9.82257],[-73.45935,-9.79561],[-73.46938,-9.75078],[-73.53778,-9.70767],[-73.57008,-9.65745],[-73.60919,-9.64441],[-73.68453,-9.52984],[-73.74339,-9.54035],[-73.82096,-9.53197],[-73.87554,-9.59656],[-73.95975,-9.61079],[-74.04755,-9.65583],[-74.06579,-9.70554],[-74.1524,-9.70968],[-74.18398,-9.7638],[-74.25342,-9.77173],[-74.31696,-9.80158],[-74.33307,-9.8601],[-74.41233,-9.95396],[-74.41455,-9.90211],[-74.4502,-9.87023],[-74.44758,-9.77996],[-74.48555,-9.70222],[-74.49676,-9.59335],[-74.57556,-9.57049],[-74.58456,-9.49562],[-74.6771,-9.42832],[-74.67431,-9.39447],[-74.58944,-9.30318],[-74.63956,-9.15968],[-74.64071,-9.11856],[-74.67809,-9.09404],[-74.65137,-9.04877],[-74.64431,-8.91878],[-74.60892,-8.82023],[-74.53218,-8.77613],[-74.52535,-8.74932],[-74.54713,-8.58457],[-74.61782,-8.54872],[-74.79753,-8.63171],[-74.84668,-8.66124],[-74.85056,-8.75689],[-74.94071,-8.85789],[-74.95365,-8.85805],[-74.92628,-8.78438],[-74.93229,-8.72984],[-74.96696,-8.67136],[-74.93971,-8.59704],[-74.99924,-8.50515],[-75.02946,-8.41789],[-75.00214,-8.38891],[-75.04036,-8.31256],[-75.08145,-8.2739],[-75.14261,-8.27271],[-75.21661,-8.24042],[-75.27104,-8.26348],[-75.33294,-8.24776],[-75.41573,-8.24366],[-75.45304,-8.21045],[-75.4301,-8.1666],[-75.37615,-8.13878],[-75.2878,-8.12551],[-75.24388,-8.15552],[-75.21457,-8.12714],[-75.18434,-8.0166],[-75.14249,-7.97864],[-75.03335,-7.95005],[-74.98226,-7.96899],[-74.89644,-8.08127],[-74.77126,-8.03606],[-74.72794,-7.98101],[-74.62798,-7.93983],[-74.56975,-7.81598],[-74.51572,-7.77717],[-74.55789,-7.74848],[-74.58403,-7.69849],[-74.57082,-7.66849],[-74.64314,-7.56229],[-74.6429,-7.50009],[-74.61607,-7.43504],[-74.57952,-7.40993],[-74.53573,-7.29443],[-74.50009,-7.26205],[-74.46265,-7.29894],[-74.31623,-7.35127],[-74.25902,-7.34405],[-74.18086,-7.35875],[-74.13839,-7.39635],[-74.03997,-7.44815],[-74.0338,-7.48486],[-73.98303,-7.53436]]]}},{"type":"Feature","properties":{"COUNT":7,"FIRST_IDPR":"0209","NOMBPROV":"CORONGO","FIRST_NOMB":"ANCASH","LAST_DCTO":"LEY","LAST_LEY":"4662","FIRST_FECH":"21/11/1898","LAST_FECHA":"09/05/1923","MIN_SHAPE_":101683.939033,"ha":101683.94},"geometry":{"type":"Polygon","coordinates":[[[-77.97203,-8.692],[-78.00884,-8.66698],[-78.1058,-8.65982],[-78.13049,-8.61714],[-78.06817,-8.56418],[-77.9928,-8.53241],[-77.93372,-8.45483],[-77.87946,-8.42787],[-77.87689,-8.39809],[-77.79886,-8.38119],[-77.76481,-8.44099],[-77.70416,-8.50987],[-77.68866,-8.57636],[-77.72073,-8.65653],[-77.77247,-8.67382],[-77.81097,-8.66202],[-77.87995,-8.68404],[-77.91536,-8.74011],[-77.97203,-8.692]]]}},{"type":"Feature","properties":{"COUNT":6,"FIRST_IDPR":"0305","NOMBPROV":"COTABAMBAS","FIRST_NOMB":"APURIMAC","LAST_DCTO":"-","LAST_LEY":"-","FIRST_FECH":"02/01/1857","LAST_FECHA":"EPOCA INDEP.","MIN_SHAPE_":262307.476533,"ha":262307.48},"geometry":{"type":"Polygon","coordinates":[[[-72.46038,-13.79021],[-72.43722,-13.68083],[-72.39982,-13.64185],[-72.40175,-13.65951],[-72.29917,-13.70445],[-72.27742,-13.68415],[-72.22867,-13.71406],[-72.16636,-13.74742],[-72.13533,-13.78306],[-72.10473,-13.85608],[-72.05568,-13.93485],[-72.05167,-14.01239],[-72.0679,-14.07654],[-72.05667,-14.12881],[-72.0952,-14.17373],[-72.08149,-14.2023],[-72.18711,-14.31322],[-72.23952,-14.34847],[-72.24951,-14.40293],[-72.3172,-14.44069],[-72.35763,-14.43596],[-72.36847,-14.35092],[-72.34184,-14.31808],[-72.41714,-14.27961],[-72.44344,-14.22638],[-72.47976,-14.20167],[-72.38634,-14.20668],[-72.35174,-14.13971],[-72.37348,-14.07568],[-72.42229,-14.06697],[-72.42046,-14.02855],[-72.45646,-13.96894],[-72.44999,-13.92231],[-72.48089,-13.87953],[-72.46038,-13.79021]]]}},{"type":"Feature","properties":{"COUNT":8,"FIRST_IDPR":"0801","NOMBPROV":"CUSCO","FIRST_NOMB":"CUSCO","LAST_DCTO":"-","LAST_LEY":"-","FIRST_FECH":"14/01/1942","LAST_FECHA":"EPOCA INDEP.","MIN_SHAPE_":53018.3725551,"ha":53018.37},"geometry":{"type":"Polygon","coordinates":[[[-71.80463,-13.50826],[-71.8209,-13.52175],[-71.81982,-13.60776],[-71.84316,-13.63079],[-71.91613,-13.59369],[-71.94786,-13.61741],[-72.02365,-13.61394],[-72.09137,-13.64916],[-72.13221,-13.6393],[-72.16458,-13.60628],[-72.1612,-13.54867],[-72.10309,-13.55334],[-72.06146,-13.52794],[-72.05142,-13.48984],[-72.0006,-13.44404],[-71.98022,-13.4295],[-71.87546,-13.49935],[-71.80463,-13.50826]]]}},{"type":"Feature","properties":{"COUNT":15,"FIRST_IDPR":"0606","NOMBPROV":"CUTERVO","FIRST_NOMB":"CAJAMARCA","LAST_DCTO":"LEY","LAST_LEY":"S/N","FIRST_FECH":"EPOCA INDEP.","LAST_FECHA":"02/01/1857","MIN_SHAPE_":303737.127226,"ha":303737.13},"geometry":{"type":"Polygon","coordinates":[[[-79.24917,-6.22178],[-79.27265,-6.16879],[-79.2339,-6.09307],[-79.21321,-6.09887],[-79.17265,-6.13406],[-79.08678,-6.11058],[-79.07972,-6.06403],[-79.0201,-6.02779],[-78.96509,-6.01258],[-78.90006,-6.04645],[-78.86313,-6.01791],[-78.83804,-5.90041],[-78.74126,-5.83553],[-78.70057,-5.78522],[-78.71202,-5.83044],[-78.66032,-5.95556],[-78.61227,-6.01818],[-78.58944,-6.07654],[-78.50906,-6.08531],[-78.53407,-6.19165],[-78.50968,-6.24576],[-78.51506,-6.28982],[-78.66774,-6.31504],[-78.71133,-6.3919],[-78.74535,-6.42443],[-78.75687,-6.5356],[-78.78669,-6.53768],[-78.83471,-6.49583],[-78.7958,-6.44144],[-78.89296,-6.43118],[-78.91777,-6.36819],[-78.98685,-6.29591],[-79.08562,-6.32003],[-79.11965,-6.2912],[-79.19916,-6.27041],[-79.22228,-6.21198],[-79.24917,-6.22178]]]}},{"type":"Feature","properties":{"COUNT":8,"FIRST_IDPR":"1902","NOMBPROV":"DANIEL ALCIDES CARRION","FIRST_NOMB":"PASCO","LAST_DCTO":"LEY","LAST_LEY":"11905","FIRST_FECH":"06/09/1920","LAST_FECHA":"04/12/1952","MIN_SHAPE_":152075.220991,"ha":152075.22},"geometry":{"type":"Polygon","coordinates":[[[-76.65566,-10.64678],[-76.70179,-10.59354],[-76.72505,-10.48571],[-76.69682,-10.44249],[-76.6472,-10.41514],[-76.49094,-10.3789],[-76.4728,-10.33777],[-76.49398,-10.31053],[-76.44394,-10.32053],[-76.33579,-10.28632],[-76.30588,-10.41217],[-76.24681,-10.47916],[-76.24196,-10.5427],[-76.29372,-10.60189],[-76.34603,-10.59606],[-76.41961,-10.65317],[-76.45636,-10.64743],[-76.51617,-10.74295],[-76.53851,-10.70435],[-76.65566,-10.64678]]]}},{"type":"Feature","properties":{"COUNT":6,"FIRST_IDPR":"1607","NOMBPROV":"DATEM DEL MARAÑON","FIRST_NOMB":"LORETO","LAST_DCTO":"LEY","LAST_LEY":"28593","FIRST_FECH":"07/02/1866","LAST_FECHA":"01/08/2005","MIN_SHAPE_":4766879.44813,"ha":4766879.45},"geometry":{"type":"Polygon","coordinates":[[[-76.89454,-5.74623],[-76.96135,-5.70608],[-76.99561,-5.66712],[-77.04173,-5.67471],[-77.23194,-5.59546],[-77.33832,-5.60347],[-77.37007,-5.56956],[-77.40873,-5.58916],[-77.46194,-5.58414],[-77.5174,-5.46675],[-77.55812,-5.42558],[-77.58167,-5.46118],[-77.67036,-5.40964],[-77.69596,-5.41105],[-77.68207,-5.3384],[-77.69308,-5.26769],[-77.73956,-5.2126],[-77.69598,-5.16366],[-77.74529,-5.13302],[-77.77429,-5.09718],[-77.82228,-5.08179],[-77.82462,-5.03178],[-77.75929,-4.95178],[-77.76015,-4.90935],[-77.79357,-4.84996],[-77.79462,-4.76301],[-77.77188,-4.71756],[-77.67195,-4.62947],[-77.64902,-4.54642],[-77.65546,-4.51854],[-77.58594,-4.47501],[-77.56539,-4.37246],[-77.58555,-4.25133],[-77.54966,-4.10989],[-77.53812,-4.02871],[-77.54177,-3.94333],[-77.5694,-3.87275],[-77.65182,-3.77901],[-77.61562,-3.70772],[-77.61694,-3.6343],[-77.76054,-3.4598],[-77.77648,-3.40913],[-77.77852,-3.18718],[-77.80862,-2.98613],[-77.15698,-2.76785],[-76.63187,-2.58969],[-76.53432,-2.51228],[-76.50242,-2.53648],[-76.49925,-2.59262],[-76.47064,-2.60431],[-76.36134,-2.7459],[-76.34421,-2.80007],[-76.30734,-2.83485],[-76.31687,-2.89756],[-76.35123,-2.94643],[-76.33793,-2.98861],[-76.35347,-3.09042],[-76.38927,-3.12768],[-76.35205,-3.16239],[-76.36729,-3.21783],[-76.27003,-3.36113],[-76.26146,-3.47522],[-76.20618,-3.52806],[-76.25937,-3.57561],[-76.23408,-3.63483],[-76.2897,-3.69122],[-76.32776,-3.69938],[-76.33251,-3.76238],[-76.37598,-3.80131],[-76.414,-3.86436],[-76.42235,-3.92549],[-76.39073,-4.00226],[-76.34947,-4.04415],[-76.33047,-4.11449],[-76.23651,-4.18712],[-76.22721,-4.24529],[-76.31995,-4.35841],[-76.33791,-4.41865],[-76.32254,-4.4708],[-76.26324,-4.52895],[-76.19701,-4.62433],[-76.20438,-4.67429],[-76.16238,-4.7047],[-76.17194,-4.76883],[-76.10782,-4.78922],[-76.07092,-4.8337],[-76.03447,-4.81631],[-76.00712,-4.85198],[-75.8295,-4.97664],[-75.84009,-5.02504],[-75.88915,-5.04834],[-75.91917,-5.0845],[-76.00115,-5.10026],[-76.07173,-5.0834],[-76.1694,-5.02173],[-76.22447,-5.01845],[-76.35927,-5.03159],[-76.46959,-5.00567],[-76.48307,-5.1241],[-76.52228,-5.24009],[-76.56602,-5.23308],[-76.58754,-5.31434],[-76.6254,-5.36742],[-76.64086,-5.44805],[-76.71692,-5.48127],[-76.77508,-5.44921],[-76.85082,-5.53211],[-76.81247,-5.59099],[-76.84445,-5.60896],[-76.81443,-5.65672],[-76.82948,-5.69579],[-76.86951,-5.70356],[-76.89454,-5.74623]]]}},{"type":"Feature","properties":{"COUNT":9,"FIRST_IDPR":"1003","NOMBPROV":"DOS DE MAYO","FIRST_NOMB":"HUANUCO","LAST_DCTO":"LEY","LAST_LEY":"14072","FIRST_FECH":"02/01/1857","LAST_FECHA":"12/05/1962","MIN_SHAPE_":145944.17284,"ha":145944.17},"geometry":{"type":"Polygon","coordinates":[[[-76.72006,-9.89836],[-76.73595,-9.93393],[-76.77991,-9.95702],[-76.77321,-9.99406],[-76.82405,-10.011],[-76.81368,-9.96157],[-76.89521,-9.8156],[-76.90138,-9.7705],[-76.94539,-9.70257],[-76.81058,-9.61789],[-76.69675,-9.55772],[-76.58305,-9.55209],[-76.45692,-9.49857],[-76.37782,-9.48788],[-76.37141,-9.44315],[-76.31146,-9.41675],[-76.29745,-9.38848],[-76.23535,-9.41821],[-76.20404,-9.44671],[-76.2034,-9.49916],[-76.27215,-9.52549],[-76.31347,-9.51658],[-76.36073,-9.54681],[-76.36502,-9.57784],[-76.42683,-9.65002],[-76.47697,-9.67388],[-76.52629,-9.66565],[-76.67339,-9.68167],[-76.72298,-9.71138],[-76.70249,-9.74804],[-76.73328,-9.77939],[-76.75802,-9.84246],[-76.72006,-9.89836]]]}},{"type":"Feature","properties":{"COUNT":5,"FIRST_IDPR":"2105","NOMBPROV":"EL COLLAO","FIRST_NOMB":"PUNO","LAST_DCTO":"-","LAST_LEY":"-","FIRST_FECH":"29/09/1988","LAST_FECHA":"EPOCA INDEP.","MIN_SHAPE_":568988.34277,"ha":568988.34},"geometry":{"type":"Polygon","coordinates":[[[-69.5628,-17.17498],[-69.64132,-17.28745],[-69.6936,-17.27464],[-69.73167,-17.29497],[-69.78825,-17.23644],[-69.8514,-17.24374],[-70.03972,-17.12797],[-70.04677,-17.05638],[-70.07315,-17.03491],[-70.09577,-16.98523],[-70.14662,-16.93873],[-70.09428,-16.89092],[-70.09109,-16.81212],[-70.05086,-16.76366],[-69.99556,-16.72978],[-70.02462,-16.63118],[-70.0237,-16.62668],[-70.02433,-16.61965],[-70.02827,-16.6054],[-70.01884,-16.59638],[-70.01401,-16.59581],[-70.01146,-16.59509],[-70.01039,-16.59478],[-69.98862,-16.57337],[-69.98228,-16.56799],[-69.96425,-16.5445],[-69.94195,-16.52952],[-69.93739,-16.52246],[-69.93315,-16.52115],[-69.9309,-16.51883],[-69.93049,-16.51812],[-69.9295,-16.51631],[-69.92143,-16.51442],[-69.91539,-16.51964],[-69.90688,-16.51949],[-69.90225,-16.51447],[-69.89549,-16.503],[-69.89417,-16.49863],[-69.89074,-16.49525],[-69.89003,-16.49339],[-69.8884,-16.4903],[-69.88676,-16.48754],[-69.87935,-16.47463],[-69.87927,-16.4713],[-69.88427,-16.46387],[-69.88064,-16.46009],[-69.87736,-16.45569],[-69.86908,-16.44921],[-69.85645,-16.42641],[-69.85526,-16.42371],[-69.85594,-16.41432],[-69.85477,-16.41002],[-69.85471,-16.40568],[-69.85241,-16.40159],[-69.84842,-16.39876],[-69.84654,-16.39814],[-69.84259,-16.39595],[-69.8398,-16.39336],[-69.83761,-16.39215],[-69.83173,-16.39317],[-69.82823,-16.39315],[-69.82571,-16.39362],[-69.81715,-16.39376],[-69.81049,-16.39287],[-69.80354,-16.3886],[-69.80144,-16.38738],[-69.79667,-16.37768],[-69.79688,-16.37688],[-69.79782,-16.37428],[-69.79721,-16.37352],[-69.7965,-16.37138],[-69.79549,-16.371],[-69.78826,-16.36253],[-69.78796,-16.3619],[-69.7883,-16.35908],[-69.78957,-16.35678],[-69.78985,-16.35576],[-69.79005,-16.35433],[-69.79047,-16.35409],[-69.79152,-16.35354],[-69.79354,-16.35245],[-69.79606,-16.34824],[-69.80072,-16.33928],[-69.8007,-16.33771],[-69.80037,-16.33548],[-69.80102,-16.33285],[-69.79903,-16.32393],[-69.80619,-16.27613],[-69.79959,-16.27339],[-69.78805,-16.26752],[-69.78573,-16.26701],[-69.78494,-16.2671],[-69.7836,-16.2667],[-69.77791,-16.26182],[-69.77636,-16.26039],[-69.77558,-16.25993],[-69.77517,-16.25899],[-69.77487,-16.25859],[-69.774,-16.25732],[-69.7728,-16.25605],[-69.76848,-16.24657],[-69.76792,-16.2457],[-69.76782,-16.24554],[-69.76651,-16.24497],[-69.76564,-16.23558],[-69.7656,-16.23513],[-69.76527,-16.23292],[-69.76444,-16.23248],[-69.76411,-16.23189],[-69.76408,-16.231],[-69.76409,-16.22894],[-69.76412,-16.22698],[-69.76333,-16.22672],[-69.76327,-16.22634],[-69.76393,-16.22559],[-69.76299,-16.22452],[-69.76289,-16.22413],[-69.76305,-16.22339],[-69.76333,-16.22242],[-69.76358,-16.22221],[-69.76356,-16.22199],[-69.76182,-16.22078],[-69.76125,-16.21847],[-69.76106,-16.21818],[-69.76106,-16.21815],[-69.76063,-16.21591],[-69.76055,-16.2155],[-69.75972,-16.21538],[-69.75887,-16.21586],[-69.75728,-16.21497],[-69.75775,-16.21552],[-69.75506,-16.21778],[-69.75338,-16.21338],[-69.75326,-16.21329],[-69.75234,-16.21332],[-69.75148,-16.21075],[-69.75093,-16.20908],[-69.74922,-16.20823],[-69.74881,-16.20764],[-69.74741,-16.20702],[-69.74518,-16.20529],[-69.74364,-16.20443],[-69.74342,-16.20445],[-69.73773,-16.20523],[-69.73512,-16.20483],[-69.73282,-16.20483],[-69.73062,-16.20512],[-69.7267,-16.20828],[-69.7255,-16.20841],[-69.72512,-16.20825],[-69.71957,-16.20363],[-69.71096,-16.19842],[-69.70984,-16.19831],[-69.70368,-16.18271],[-69.70445,-16.17823],[-69.70356,-16.17002],[-69.69156,-16.16034],[-69.69244,-16.15593],[-69.69408,-16.15306],[-69.69406,-16.15032],[-69.69364,-16.14873],[-69.69229,-16.14856],[-69.68785,-16.14952],[-69.68795,-16.14416],[-69.69107,-16.14118],[-69.69133,-16.13891],[-69.68907,-16.13307],[-69.68832,-16.12785],[-69.68662,-16.12834],[-69.68443,-16.12921],[-69.68103,-16.12806],[-69.67408,-16.11841],[-69.67032,-16.1156],[-69.6701,-16.11397],[-69.67086,-16.1138],[-69.67162,-16.11342],[-69.67156,-16.11286],[-69.67302,-16.11138],[-69.67385,-16.11077],[-69.67469,-16.11077],[-69.67557,-16.10962],[-69.67666,-16.10989],[-69.67757,-16.109],[-69.67792,-16.10883],[-69.67928,-16.10643],[-69.6803,-16.1059],[-69.68052,-16.10571],[-69.68114,-16.10503],[-69.68186,-16.105],[-69.68472,-16.10374],[-69.6858,-16.10414],[-69.69003,-16.10205],[-69.69196,-16.10068],[-69.69697,-16.08408],[-69.68822,-16.08435],[-69.68774,-16.084],[-69.68822,-16.07908],[-69.68706,-16.07722],[-69.68414,-16.07354],[-69.68278,-16.07024],[-69.67864,-16.06791],[-69.67741,-16.06772],[-69.66811,-16.06868],[-69.66595,-16.06732],[-69.658,-16.06221],[-69.65759,-16.06183],[-69.65174,-16.05323],[-69.6518,-16.05255],[-69.65156,-16.03868],[-69.65067,-16.03696],[-69.65081,-16.03263],[-69.6507,-16.03127],[-69.65046,-16.03022],[-69.65122,-16.02923],[-69.65159,-16.02808],[-69.65162,-16.0264],[-69.65092,-16.02582],[-69.65171,-16.02499],[-69.65059,-16.02175],[-69.65096,-16.02139],[-69.65102,-16.02124],[-69.65063,-16.02005],[-69.65151,-16.01904],[-69.65047,-16.01662],[-69.65075,-16.0158],[-69.6508,-16.0151],[-69.64733,-16.01234],[-69.64584,-16.01233],[-69.64454,-16.01337],[-69.64323,-16.01377],[-69.64034,-16.01482],[-69.63866,-16.01678],[-69.63676,-16.01771],[-69.63414,-16.01814],[-69.63289,-16.01743],[-69.62878,-16.01903],[-69.62686,-16.01773],[-69.62649,-16.01728],[-69.62554,-16.01587],[-69.62495,-16.01588],[-69.62221,-16.01395],[-69.61695,-16.00877],[-69.61452,-16.00767],[-69.61439,-16.00738],[-69.61492,-16.00414],[-69.6151,-16.0038],[-69.61445,-16.00308],[-69.61421,-16.00247],[-69.61392,-16.00213],[-69.61353,-16.00078],[-69.60991,-15.99629],[-69.61027,-15.9948],[-69.60875,-15.98755],[-69.60993,-15.98431],[-69.60974,-15.98339],[-69.56266,-15.95946],[-69.45174,-15.99361],[-69.42316,-16.04704],[-69.50351,-16.1498],[-69.51389,-16.17997],[-69.57192,-16.17428],[-69.5864,-16.27474],[-69.64453,-16.31114],[-69.64531,-16.31112],[-69.68402,-16.38255],[-69.6607,-16.42593],[-69.55577,-16.44537],[-69.4838,-16.42874],[-69.47159,-16.4587],[-69.48828,-16.52635],[-69.48784,-16.62494],[-69.50175,-16.66059],[-69.54215,-16.6706],[-69.51149,-16.7424],[-69.56587,-16.83344],[-69.56823,-16.91782],[-69.53573,-16.96769],[-69.53477,-17.06086],[-69.60287,-17.09746],[-69.5628,-17.17498]]]}},{"type":"Feature","properties":{"COUNT":5,"FIRST_IDPR":"2203","NOMBPROV":"EL DORADO","FIRST_NOMB":"SAN MARTIN","LAST_DCTO":"LEY","LAST_LEY":"14060","FIRST_FECH":"29/01/1944","LAST_FECHA":"06/04/1962","MIN_SHAPE_":129316.591948,"ha":129316.59},"geometry":{"type":"Polygon","coordinates":[[[-76.52421,-6.69287],[-76.52387,-6.72538],[-76.59627,-6.79445],[-76.62121,-6.77617],[-76.68553,-6.81022],[-76.73447,-6.80269],[-76.78122,-6.73741],[-76.79696,-6.64565],[-76.85524,-6.5254],[-76.92103,-6.47125],[-76.95252,-6.39716],[-76.97181,-6.32252],[-76.94932,-6.28438],[-76.8671,-6.26461],[-76.83514,-6.28515],[-76.84321,-6.36917],[-76.78035,-6.41822],[-76.67893,-6.43474],[-76.64072,-6.5469],[-76.59124,-6.59496],[-76.53458,-6.62549],[-76.55847,-6.67143],[-76.52421,-6.69287]]]}},{"type":"Feature","properties":{"COUNT":8,"FIRST_IDPR":"0808","NOMBPROV":"ESPINAR","FIRST_NOMB":"CUSCO","LAST_DCTO":"LEY","LAST_LEY":"S/N","FIRST_FECH":"29/08/1834","LAST_FECHA":"29/08/1834","MIN_SHAPE_":524984.683066,"ha":524984.68},"geometry":{"type":"Polygon","coordinates":[[[-71.8939,-14.7896],[-71.88062,-14.71037],[-71.85815,-14.69231],[-71.80204,-14.70929],[-71.76034,-14.67933],[-71.71239,-14.58234],[-71.66201,-14.56453],[-71.64776,-14.53217],[-71.63284,-14.52939],[-71.62602,-14.53208],[-71.62216,-14.53354],[-71.61651,-14.53349],[-71.61402,-14.53452],[-71.61317,-14.53758],[-71.60847,-14.54412],[-71.60188,-14.54611],[-71.59875,-14.54563],[-71.59469,-14.54653],[-71.59247,-14.54578],[-71.59186,-14.54596],[-71.57679,-14.54603],[-71.57434,-14.54525],[-71.55921,-14.5397],[-71.54899,-14.53782],[-71.54357,-14.53799],[-71.53832,-14.5435],[-71.53876,-14.54761],[-71.54034,-14.55303],[-71.53972,-14.55591],[-71.53561,-14.56063],[-71.53306,-14.56594],[-71.53122,-14.57027],[-71.52946,-14.57119],[-71.52845,-14.57167],[-71.52526,-14.57192],[-71.52435,-14.57176],[-71.52075,-14.57254],[-71.51915,-14.57437],[-71.50888,-14.57678],[-71.50592,-14.57964],[-71.49758,-14.58063],[-71.49648,-14.58019],[-71.49022,-14.57854],[-71.48846,-14.57898],[-71.48821,-14.57928],[-71.4877,-14.58155],[-71.48246,-14.58911],[-71.48048,-14.59058],[-71.4737,-14.59427],[-71.46843,-14.59562],[-71.46117,-14.59773],[-71.45547,-14.60054],[-71.44888,-14.61091],[-71.44795,-14.61156],[-71.44716,-14.61185],[-71.44523,-14.61245],[-71.44203,-14.61301],[-71.43766,-14.61255],[-71.43515,-14.61347],[-71.43042,-14.61883],[-71.42986,-14.62128],[-71.41868,-14.60742],[-71.41832,-14.60647],[-71.41167,-14.60374],[-71.41072,-14.60346],[-71.41047,-14.60311],[-71.40954,-14.60284],[-71.40828,-14.60269],[-71.40743,-14.60409],[-71.4067,-14.60558],[-71.40411,-14.60637],[-71.40299,-14.60714],[-71.3963,-14.60723],[-71.39433,-14.60642],[-71.39382,-14.60645],[-71.3917,-14.60656],[-71.38239,-14.61089],[-71.36769,-14.61938],[-71.36156,-14.61775],[-71.35753,-14.61841],[-71.35579,-14.61801],[-71.33392,-14.61809],[-71.33125,-14.62667],[-71.31377,-14.65879],[-71.31032,-14.659],[-71.30866,-14.65952],[-71.29925,-14.64371],[-71.29686,-14.6416],[-71.28907,-14.64298],[-71.28563,-14.64403],[-71.28091,-14.6463],[-71.27144,-14.6505],[-71.26716,-14.64857],[-71.26131,-14.65224],[-71.25297,-14.64971],[-71.25192,-14.64901],[-71.24918,-14.64425],[-71.24893,-14.64119],[-71.22363,-14.64785],[-71.21543,-14.64824],[-71.20802,-14.64223],[-71.19508,-14.63495],[-71.18793,-14.62798],[-71.18689,-14.62584],[-71.18615,-14.62562],[-71.17578,-14.61801],[-71.17326,-14.62119],[-71.14712,-14.64084],[-71.12812,-14.64343],[-71.1227,-14.64651],[-71.11794,-14.64892],[-71.08951,-14.71319],[-71.05324,-14.75433],[-71.01309,-14.73969],[-70.97548,-14.76413],[-70.99384,-14.82916],[-70.98474,-14.94607],[-71.00405,-14.97188],[-70.9936,-15.08459],[-70.9625,-15.21564],[-70.98528,-15.24903],[-70.9523,-15.28984],[-71.01228,-15.34375],[-71.03897,-15.40517],[-71.07175,-15.44927],[-71.17433,-15.42446],[-71.15115,-15.36394],[-71.1654,-15.28888],[-71.20184,-15.24545],[-71.16033,-15.20777],[-71.18039,-15.16262],[-71.14358,-15.12056],[-71.20684,-15.07189],[-71.26023,-15.07691],[-71.31563,-15.12022],[-71.37268,-15.07911],[-71.43082,-14.99808],[-71.50705,-14.97628],[-71.48587,-15.0591],[-71.51171,-15.07945],[-71.57063,-15.06121],[-71.5876,-15.1256],[-71.63602,-15.13914],[-71.66795,-15.0919],[-71.80296,-15.06744],[-71.84932,-15.04509],[-71.76746,-15.01052],[-71.74596,-14.93987],[-71.79762,-14.89598],[-71.85209,-14.88809],[-71.87667,-14.80044],[-71.8939,-14.7896]]]}},{"type":"Feature","properties":{"COUNT":6,"FIRST_IDPR":"1402","NOMBPROV":"FERREÑAFE","FIRST_NOMB":"LAMBAYEQUE","LAST_DCTO":"LEY","LAST_LEY":"11590","FIRST_FECH":"17/02/1951","LAST_FECHA":"17/02/1951","MIN_SHAPE_":158344.055954,"ha":158344.06},"geometry":{"type":"Polygon","coordinates":[[[-79.21321,-6.09887],[-79.2339,-6.09307],[-79.27265,-6.16879],[-79.24917,-6.22178],[-79.32179,-6.26306],[-79.35356,-6.30429],[-79.42266,-6.31043],[-79.45349,-6.39684],[-79.42289,-6.45188],[-79.43388,-6.48127],[-79.49117,-6.52031],[-79.56288,-6.50384],[-79.62424,-6.51326],[-79.64148,-6.5729],[-79.59267,-6.62434],[-79.62542,-6.70182],[-79.69776,-6.68473],[-79.78143,-6.67959],[-79.8475,-6.63994],[-79.80894,-6.44783],[-79.75269,-6.43937],[-79.65191,-6.4554],[-79.61344,-6.42529],[-79.52834,-6.39981],[-79.54328,-6.35721],[-79.48198,-6.30631],[-79.40185,-6.17351],[-79.42818,-6.1481],[-79.40308,-6.03402],[-79.41721,-6.00524],[-79.34902,-5.97969],[-79.26434,-6.00246],[-79.22399,-6.05501],[-79.21321,-6.09887]]]}},{"type":"Feature","properties":{"COUNT":11,"FIRST_IDPR":"1802","NOMBPROV":"GENERAL SANCHEZ CERRO","FIRST_NOMB":"MOQUEGUA","LAST_DCTO":"--","LAST_LEY":"-","FIRST_FECH":"30/09/1942","LAST_FECHA":"EPOCA INDEP.","MIN_SHAPE_":575726.933101,"ha":575726.93},"geometry":{"type":"Polygon","coordinates":[[[-71.39092,-16.98049],[-71.44064,-16.86523],[-71.44431,-16.80467],[-71.42593,-16.74138],[-71.42395,-16.73913],[-71.42349,-16.73863],[-71.42293,-16.7379],[-71.41801,-16.73843],[-71.4147,-16.73555],[-71.41313,-16.73412],[-71.41076,-16.73235],[-71.40785,-16.73054],[-71.40031,-16.72873],[-71.39456,-16.7312],[-71.39233,-16.73051],[-71.38141,-16.72558],[-71.38038,-16.72511],[-71.37859,-16.72459],[-71.37159,-16.7205],[-71.35752,-16.72373],[-71.35634,-16.72462],[-71.35257,-16.72562],[-71.35052,-16.7276],[-71.35066,-16.73003],[-71.3485,-16.73422],[-71.34853,-16.73644],[-71.34735,-16.74179],[-71.34577,-16.74306],[-71.34367,-16.74488],[-71.3287,-16.75082],[-71.32796,-16.75178],[-71.32608,-16.75218],[-71.32359,-16.75026],[-71.32038,-16.74823],[-71.31889,-16.74693],[-71.31855,-16.74644],[-71.31242,-16.74297],[-71.31017,-16.73819],[-71.30579,-16.73576],[-71.30524,-16.7356],[-71.30092,-16.73427],[-71.29914,-16.73324],[-71.29758,-16.7327],[-71.28928,-16.72272],[-71.28801,-16.71959],[-71.28635,-16.71739],[-71.29046,-16.71329],[-71.29254,-16.7124],[-71.29601,-16.70627],[-71.29566,-16.70295],[-71.29478,-16.69651],[-71.2943,-16.69423],[-71.29398,-16.69157],[-71.29291,-16.68997],[-71.2888,-16.68647],[-71.28368,-16.67742],[-71.2813,-16.65889],[-71.28071,-16.65386],[-71.28042,-16.63116],[-71.28036,-16.63012],[-71.27752,-16.61136],[-71.27418,-16.60751],[-71.26694,-16.60666],[-71.263,-16.60694],[-71.25275,-16.57257],[-71.2523,-16.57093],[-71.24713,-16.55436],[-71.24332,-16.53954],[-71.24279,-16.52723],[-71.24245,-16.52425],[-71.23614,-16.50648],[-71.23707,-16.50212],[-71.23917,-16.49892],[-71.24198,-16.49403],[-71.24934,-16.48236],[-71.24878,-16.48185],[-71.24358,-16.4756],[-71.24605,-16.46764],[-71.24271,-16.46393],[-71.23698,-16.46583],[-71.23621,-16.46601],[-71.23358,-16.46544],[-71.2275,-16.46141],[-71.22453,-16.46056],[-71.19405,-16.47201],[-71.18829,-16.47231],[-71.18269,-16.47263],[-71.17271,-16.47159],[-71.16759,-16.47177],[-71.1563,-16.47136],[-71.15204,-16.47316],[-71.14931,-16.47356],[-71.14861,-16.47368],[-71.14716,-16.47372],[-71.14623,-16.47368],[-71.14182,-16.47455],[-71.13952,-16.47497],[-71.13861,-16.47467],[-71.13617,-16.46904],[-71.13443,-16.46767],[-71.13226,-16.46672],[-71.12891,-16.46392],[-71.12753,-16.46269],[-71.11831,-16.46279],[-71.11343,-16.46401],[-71.11133,-16.46538],[-71.10547,-16.46122],[-71.10203,-16.46381],[-71.09916,-16.46417],[-71.09447,-16.463],[-71.09309,-16.46095],[-71.09161,-16.45758],[-71.08691,-16.45818],[-71.086,-16.45856],[-71.08311,-16.45743],[-71.08235,-16.45694],[-71.07827,-16.45856],[-71.07597,-16.46263],[-71.06392,-16.46165],[-71.05305,-16.46157],[-71.04811,-16.45508],[-71.04717,-16.45675],[-71.04759,-16.45891],[-71.04746,-16.46044],[-71.04402,-16.46267],[-71.04182,-16.46649],[-71.04459,-16.47063],[-71.04389,-16.47251],[-71.04367,-16.47273],[-71.04285,-16.4734],[-71.04256,-16.47436],[-71.0344,-16.48564],[-71.0304,-16.48585],[-71.02575,-16.48672],[-71.02072,-16.48676],[-71.01715,-16.49],[-71.01698,-16.49105],[-71.01607,-16.49442],[-71.01594,-16.49491],[-71.01511,-16.49564],[-71.01401,-16.49734],[-71.00949,-16.49726],[-71.00804,-16.49636],[-71.00391,-16.49696],[-71.0031,-16.49743],[-70.98646,-16.48884],[-70.98402,-16.48517],[-70.97289,-16.48001],[-70.97169,-16.48033],[-70.96588,-16.48072],[-70.95958,-16.47456],[-70.9584,-16.4735],[-70.95609,-16.47252],[-70.95397,-16.4646],[-70.96021,-16.45242],[-70.96721,-16.43294],[-70.9737,-16.42587],[-70.97436,-16.4219],[-70.97481,-16.41085],[-70.96753,-16.40764],[-70.96741,-16.40688],[-70.96593,-16.40427],[-70.96425,-16.40148],[-70.96381,-16.40022],[-70.96425,-16.39904],[-70.96446,-16.39846],[-70.96519,-16.39737],[-70.96632,-16.39714],[-70.96881,-16.39584],[-70.97143,-16.39517],[-70.97459,-16.39282],[-70.9751,-16.39103],[-70.9731,-16.37829],[-70.96928,-16.3711],[-70.9719,-16.36558],[-70.97375,-16.36397],[-70.97576,-16.36033],[-70.97361,-16.3564],[-70.97276,-16.35375],[-70.97868,-16.34721],[-70.98001,-16.3318],[-70.98386,-16.32695],[-70.98636,-16.32019],[-70.98578,-16.31897],[-70.97508,-16.30849],[-70.97226,-16.30882],[-70.96892,-16.30871],[-70.96431,-16.30877],[-70.96126,-16.30825],[-70.95112,-16.30975],[-70.94625,-16.31384],[-70.94035,-16.31032],[-70.93994,-16.30747],[-70.93963,-16.30437],[-70.92333,-16.28913],[-70.90343,-16.27761],[-70.88979,-16.28267],[-70.87553,-16.27881],[-70.87405,-16.27265],[-70.87079,-16.26364],[-70.86937,-16.26164],[-70.86758,-16.25864],[-70.86347,-16.25453],[-70.84447,-16.23588],[-70.86068,-16.22577],[-70.86219,-16.22665],[-70.86578,-16.22627],[-70.86633,-16.22577],[-70.86687,-16.22239],[-70.85487,-16.1896],[-70.85865,-16.17822],[-70.85983,-16.17622],[-70.86289,-16.1738],[-70.8651,-16.1728],[-70.87059,-16.17138],[-70.87431,-16.17104],[-70.87804,-16.16799],[-70.87824,-16.16471],[-70.87775,-16.16377],[-70.87418,-16.16108],[-70.87294,-16.16014],[-70.86783,-16.15387],[-70.86708,-16.14846],[-70.86747,-16.14669],[-70.87193,-16.14288],[-70.87201,-16.14119],[-70.87077,-16.13423],[-70.86884,-16.13178],[-70.86732,-16.12948],[-70.86758,-16.1276],[-70.88007,-16.12222],[-70.88357,-16.12002],[-70.89437,-16.10751],[-70.89571,-16.10628],[-70.89498,-16.10439],[-70.89376,-16.10283],[-70.88548,-16.10092],[-70.8848,-16.1009],[-70.87469,-16.09343],[-70.87547,-16.08926],[-70.87648,-16.08777],[-70.87822,-16.08299],[-70.87811,-16.08144],[-70.86858,-16.08104],[-70.86531,-16.06872],[-70.86032,-16.06174],[-70.84517,-16.05552],[-70.83898,-16.05511],[-70.83006,-16.05545],[-70.80451,-16.05513],[-70.80408,-16.05383],[-70.81547,-16.03559],[-70.82098,-16.02868],[-70.82365,-16.00088],[-70.8291,-15.99549],[-70.82825,-15.99106],[-70.8234,-15.98215],[-70.8202,-15.97847],[-70.76864,-16.0168],[-70.7054,-16.03176],[-70.64332,-15.98974],[-70.56289,-15.9825],[-70.55842,-15.98992],[-70.55126,-15.99462],[-70.54929,-15.99518],[-70.54188,-16.00595],[-70.53092,-16.01416],[-70.52971,-16.01489],[-70.52377,-16.02865],[-70.52163,-16.03035],[-70.51766,-16.03337],[-70.5145,-16.03174],[-70.51195,-16.02977],[-70.50732,-16.03814],[-70.50241,-16.03791],[-70.49908,-16.03939],[-70.48256,-16.03947],[-70.48142,-16.04031],[-70.48089,-16.0415],[-70.47136,-16.04835],[-70.46064,-16.04773],[-70.4504,-16.03697],[-70.44422,-16.034],[-70.44112,-16.03581],[-70.43903,-16.03864],[-70.43846,-16.04308],[-70.43507,-16.06015],[-70.43428,-16.06188],[-70.42765,-16.06743],[-70.42476,-16.0688],[-70.42075,-16.06961],[-70.41632,-16.07584],[-70.4142,-16.07539],[-70.41347,-16.07517],[-70.40326,-16.09049],[-70.40357,-16.09173],[-70.4063,-16.09779],[-70.40129,-16.10253],[-70.40801,-16.12202],[-70.40766,-16.12316],[-70.40648,-16.12893],[-70.40644,-16.1291],[-70.40255,-16.14404],[-70.40075,-16.15062],[-70.38732,-16.15896],[-70.3847,-16.16663],[-70.38411,-16.16755],[-70.38028,-16.17112],[-70.36934,-16.18299],[-70.36723,-16.18926],[-70.36736,-16.20092],[-70.36228,-16.2065],[-70.36064,-16.20779],[-70.35577,-16.20825],[-70.3474,-16.20417],[-70.32856,-16.20541],[-70.32779,-16.21089],[-70.32453,-16.21591],[-70.32649,-16.22261],[-70.32652,-16.23211],[-70.32953,-16.23578],[-70.33398,-16.23752],[-70.33547,-16.24095],[-70.33896,-16.24894],[-70.33916,-16.2491],[-70.34176,-16.24996],[-70.34335,-16.25303],[-70.34513,-16.2561],[-70.34499,-16.25705],[-70.34104,-16.27307],[-70.34783,-16.29111],[-70.34381,-16.29803],[-70.34513,-16.29907],[-70.34618,-16.30751],[-70.34254,-16.31273],[-70.33926,-16.31963],[-70.34214,-16.33282],[-70.34626,-16.34019],[-70.34535,-16.34358],[-70.34766,-16.35182],[-70.35079,-16.35666],[-70.35271,-16.35828],[-70.37148,-16.37453],[-70.38066,-16.384],[-70.38237,-16.38543],[-70.38226,-16.38592],[-70.37301,-16.39045],[-70.36212,-16.39584],[-70.36155,-16.40953],[-70.36089,-16.41083],[-70.35923,-16.41164],[-70.33284,-16.41147],[-70.32251,-16.42114],[-70.31953,-16.42597],[-70.31824,-16.4285],[-70.31586,-16.4357],[-70.31642,-16.4385],[-70.30684,-16.45114],[-70.31294,-16.46158],[-70.35975,-16.47764],[-70.39663,-16.52376],[-70.47285,-16.55547],[-70.56278,-16.56388],[-70.60303,-16.54808],[-70.67903,-16.54842],[-70.72049,-16.61936],[-70.76395,-16.63464],[-70.77836,-16.71517],[-70.82586,-16.7615],[-70.96569,-16.77766],[-71.06092,-16.7586],[-71.15569,-16.87118],[-71.1694,-16.90697],[-71.28586,-16.94314],[-71.33303,-16.94347],[-71.39092,-16.98049]]]}},{"type":"Feature","properties":{"COUNT":4,"FIRST_IDPR":"1311","NOMBPROV":"GRAN CHIMU","FIRST_NOMB":"LA LIBERTAD","LAST_DCTO":"-","LAST_LEY":"-","FIRST_FECH":"14/05/1876","LAST_FECHA":"EPOCA INDEP.","MIN_SHAPE_":129246.17116,"ha":129246.17},"geometry":{"type":"Polygon","coordinates":[[[-78.33583,-7.49525],[-78.36083,-7.52996],[-78.35679,-7.57401],[-78.37606,-7.63996],[-78.46844,-7.64574],[-78.49945,-7.6974],[-78.55092,-7.7262],[-78.58122,-7.71092],[-78.66319,-7.79198],[-78.69605,-7.76268],[-78.71246,-7.70398],[-78.80377,-7.63411],[-78.79854,-7.5866],[-78.90776,-7.59807],[-78.94275,-7.62267],[-78.94434,-7.59842],[-78.89591,-7.53744],[-78.88669,-7.4841],[-78.84162,-7.43762],[-78.76012,-7.40198],[-78.69623,-7.41336],[-78.62984,-7.4455],[-78.6496,-7.52902],[-78.62457,-7.54856],[-78.49139,-7.55487],[-78.41563,-7.48507],[-78.33583,-7.49525]]]}},{"type":"Feature","properties":{"COUNT":14,"FIRST_IDPR":"0307","NOMBPROV":"GRAU","FIRST_NOMB":"APURIMAC","LAST_DCTO":"LEY","LAST_LEY":"9687","FIRST_FECH":"12/06/1985","LAST_FECHA":"11/12/1942","MIN_SHAPE_":212996.492851,"ha":212996.49},"geometry":{"type":"Polygon","coordinates":[[[-72.47976,-14.20167],[-72.56989,-14.25458],[-72.61412,-14.2671],[-72.6272,-14.3412],[-72.67045,-14.36217],[-72.70775,-14.34069],[-72.70961,-14.27556],[-72.75175,-14.26073],[-72.86217,-14.27748],[-72.8993,-14.2174],[-72.89235,-14.17039],[-72.85123,-14.09407],[-72.81721,-14.09545],[-72.78892,-13.98046],[-72.72685,-13.94732],[-72.7358,-13.9145],[-72.64976,-13.85823],[-72.64011,-13.81888],[-72.66958,-13.77034],[-72.57356,-13.73185],[-72.50143,-13.74694],[-72.46038,-13.79021],[-72.48089,-13.87953],[-72.44999,-13.92231],[-72.45646,-13.96894],[-72.42046,-14.02855],[-72.42229,-14.06697],[-72.37348,-14.07568],[-72.35174,-14.13971],[-72.38634,-14.20668],[-72.47976,-14.20167]]]}},{"type":"Feature","properties":{"COUNT":4,"FIRST_IDPR":"1004","NOMBPROV":"HUACAYBAMBA","FIRST_NOMB":"HUANUCO","LAST_DCTO":"LEY","LAST_LEY":"24340","FIRST_FECH":"14/11/1985","LAST_FECHA":"14/11/1985","MIN_SHAPE_":170377.692981,"ha":170377.69},"geometry":{"type":"Polygon","coordinates":[[[-76.47337,-9.01223],[-76.48022,-9.17208],[-76.41311,-9.17739],[-76.35837,-9.19715],[-76.31049,-9.17695],[-76.27211,-9.21395],[-76.31011,-9.19638],[-76.39587,-9.23844],[-76.43838,-9.22954],[-76.5103,-9.18614],[-76.59207,-9.16895],[-76.65358,-9.1245],[-76.76303,-9.10715],[-76.81816,-9.12723],[-76.94496,-9.07442],[-76.9801,-9.06292],[-77.03719,-8.99929],[-77.10314,-8.97243],[-77.15953,-8.8971],[-77.17482,-8.83362],[-77.14329,-8.78072],[-77.08142,-8.77499],[-77.01705,-8.84059],[-76.89501,-8.8615],[-76.82231,-8.83446],[-76.73478,-8.87078],[-76.68943,-8.93132],[-76.63221,-9.0454],[-76.56146,-9.02137],[-76.47337,-9.01223]]]}},{"type":"Feature","properties":{"COUNT":3,"FIRST_IDPR":"0607","NOMBPROV":"HUALGAYOC","FIRST_NOMB":"CAJAMARCA","LAST_DCTO":"-","LAST_LEY":"-","FIRST_FECH":"EPOCA INDEP.","LAST_FECHA":"EPOCA INDEP.","MIN_SHAPE_":78993.2440605,"ha":78993.24},"geometry":{"type":"Polygon","coordinates":[[[-78.71841,-6.73967],[-78.76942,-6.65017],[-78.75802,-6.63212],[-78.72309,-6.62946],[-78.6437,-6.67564],[-78.5604,-6.59785],[-78.52966,-6.60912],[-78.45828,-6.56047],[-78.41297,-6.59586],[-78.38547,-6.68525],[-78.40484,-6.71153],[-78.40197,-6.81506],[-78.45348,-6.83419],[-78.46596,-6.80684],[-78.53096,-6.79937],[-78.60138,-6.86763],[-78.61508,-6.85161],[-78.63839,-6.77782],[-78.71841,-6.73967]]]}},{"type":"Feature","properties":{"COUNT":6,"FIRST_IDPR":"2204","NOMBPROV":"HUALLAGA","FIRST_NOMB":"SAN MARTIN","LAST_DCTO":"LEY","LAST_LEY":"14649","FIRST_FECH":"20/05/1936","LAST_FECHA":"13/09/1963","MIN_SHAPE_":241703.40208,"ha":241703.4},"geometry":{"type":"Polygon","coordinates":[[[-77.27551,-6.38473],[-77.17173,-6.38117],[-77.14658,-6.35111],[-77.11548,-6.39921],[-77.0092,-6.41321],[-76.95252,-6.39716],[-76.92103,-6.47125],[-76.85524,-6.5254],[-76.79696,-6.64565],[-76.78122,-6.73741],[-76.73447,-6.80269],[-76.7108,-6.87223],[-76.63392,-6.98627],[-76.63265,-7.09897],[-76.6704,-7.12725],[-76.7153,-7.09769],[-76.78389,-7.16287],[-76.81213,-7.17298],[-76.85087,-7.07291],[-76.90708,-7.08618],[-76.9093,-7.00198],[-76.95203,-6.99632],[-76.96546,-6.94319],[-77.01444,-6.83712],[-77.0392,-6.7376],[-77.02542,-6.7135],[-77.07404,-6.63971],[-77.04661,-6.56569],[-77.15822,-6.5012],[-77.19787,-6.42099],[-77.27551,-6.38473]]]}},{"type":"Feature","properties":{"COUNT":11,"FIRST_IDPR":"1005","NOMBPROV":"HUAMALIES","FIRST_NOMB":"HUANUCO","LAST_DCTO":"LEY","LAST_LEY":"S/N","FIRST_FECH":"EPOCA INDEP.","LAST_FECHA":"02/01/1857","MIN_SHAPE_":315852.74197,"ha":315852.74},"geometry":{"type":"Polygon","coordinates":[[[-76.94539,-9.70257],[-76.98104,-9.72457],[-77.02384,-9.70433],[-77.04849,-9.64746],[-76.99527,-9.60344],[-76.98152,-9.56542],[-76.93801,-9.52658],[-76.95233,-9.4697],[-76.93524,-9.39855],[-76.84229,-9.26173],[-76.81437,-9.32601],[-76.75749,-9.3622],[-76.72574,-9.25663],[-76.73373,-9.20897],[-76.78858,-9.13624],[-76.81816,-9.12723],[-76.76303,-9.10715],[-76.65358,-9.1245],[-76.59207,-9.16895],[-76.5103,-9.18614],[-76.43838,-9.22954],[-76.39587,-9.23844],[-76.31011,-9.19638],[-76.27211,-9.21395],[-76.24416,-9.14699],[-76.214,-9.2044],[-76.09866,-9.21175],[-76.05679,-9.28172],[-76.08321,-9.30448],[-76.141,-9.3033],[-76.2277,-9.38003],[-76.23535,-9.41821],[-76.29745,-9.38848],[-76.31146,-9.41675],[-76.37141,-9.44315],[-76.37782,-9.48788],[-76.45692,-9.49857],[-76.58305,-9.55209],[-76.69675,-9.55772],[-76.81058,-9.61789],[-76.94539,-9.70257]]]}},{"type":"Feature","properties":{"COUNT":15,"FIRST_IDPR":"0501","NOMBPROV":"HUAMANGA","FIRST_NOMB":"AYACUCHO","LAST_DCTO":"-","LAST_LEY":"-","FIRST_FECH":"15/07/1936","LAST_FECHA":"EPOCA INDEP.","MIN_SHAPE_":295389.881109,"ha":295389.88},"geometry":{"type":"Polygon","coordinates":[[[-73.83803,-13.38443],[-73.83349,-13.47179],[-73.90429,-13.45509],[-73.95987,-13.50089],[-73.99047,-13.48088],[-73.97995,-13.42804],[-74.00796,-13.41251],[-74.08047,-13.45058],[-74.05563,-13.53574],[-74.12336,-13.53095],[-74.16013,-13.49701],[-74.20181,-13.40619],[-74.26213,-13.39635],[-74.33602,-13.43875],[-74.37838,-13.41904],[-74.43176,-13.44912],[-74.47575,-13.45314],[-74.57168,-13.38712],[-74.56689,-13.34123],[-74.63283,-13.34478],[-74.68606,-13.28637],[-74.64465,-13.27414],[-74.57098,-13.18467],[-74.54447,-13.19939],[-74.45844,-13.19004],[-74.42043,-13.15954],[-74.40801,-13.06927],[-74.38623,-13.02931],[-74.34588,-13.02584],[-74.27165,-13.06697],[-74.22873,-13.01315],[-74.16088,-13.03754],[-74.10399,-12.98206],[-74.07743,-12.98475],[-74.05813,-13.0627],[-73.97031,-13.17341],[-73.94594,-13.2291],[-73.92554,-13.32408],[-73.86985,-13.34954],[-73.83803,-13.38443]]]}},{"type":"Feature","properties":{"COUNT":4,"FIRST_IDPR":"0503","NOMBPROV":"HUANCA SANCOS","FIRST_NOMB":"AYACUCHO","LAST_DCTO":"LEY","LAST_LEY":"15410","FIRST_FECH":"11/11/1961","LAST_FECHA":"29/01/1965","MIN_SHAPE_":283707.916403,"ha":283707.92},"geometry":{"type":"Polygon","coordinates":[[[-74.11026,-13.90817],[-74.10098,-13.95254],[-74.11604,-14.02887],[-74.17443,-14.10471],[-74.20798,-14.1269],[-74.32945,-14.12863],[-74.39232,-14.16705],[-74.43128,-14.1493],[-74.6232,-14.13714],[-74.64055,-14.09445],[-74.69835,-14.07862],[-74.72572,-14.11704],[-74.77253,-14.09032],[-74.78388,-14.01695],[-74.76795,-13.97855],[-74.78592,-13.92879],[-74.76036,-13.83149],[-74.76653,-13.77223],[-74.70728,-13.74526],[-74.64129,-13.74227],[-74.61666,-13.70776],[-74.52608,-13.71534],[-74.51986,-13.73638],[-74.42587,-13.79756],[-74.31389,-13.74034],[-74.25406,-13.75899],[-74.24091,-13.78345],[-74.15976,-13.84137],[-74.15836,-13.86798],[-74.11026,-13.90817]]]}},{"type":"Feature","properties":{"COUNT":8,"FIRST_IDPR":"2003","NOMBPROV":"HUANCABAMBA","FIRST_NOMB":"PIURA","LAST_DCTO":"LEY","LAST_LEY":"15248","FIRST_FECH":"29/01/1965","LAST_FECHA":"04/12/1964","MIN_SHAPE_":429652.108552,"ha":429652.11},"geometry":{"type":"Polygon","coordinates":[[[-79.64221,-5.10722],[-79.55598,-5.076],[-79.49241,-5.08526],[-79.4821,-5.02475],[-79.4514,-4.95474],[-79.39346,-4.88079],[-79.38914,-4.83428],[-79.35006,-4.88115],[-79.3207,-4.88685],[-79.26304,-4.96866],[-79.21007,-4.96524],[-79.24509,-5.00136],[-79.29436,-5.11048],[-79.3223,-5.11691],[-79.34331,-5.16537],[-79.37841,-5.19052],[-79.34865,-5.23258],[-79.35905,-5.28863],[-79.32807,-5.31591],[-79.3044,-5.3918],[-79.2977,-5.45813],[-79.26896,-5.51329],[-79.32896,-5.53508],[-79.39832,-5.53702],[-79.37555,-5.60619],[-79.40069,-5.74951],[-79.38982,-5.79109],[-79.33407,-5.89363],[-79.36741,-5.93722],[-79.41861,-5.9701],[-79.49894,-5.91519],[-79.60045,-5.93957],[-79.62642,-5.88745],[-79.63143,-5.82903],[-79.68271,-5.84645],[-79.73733,-5.83765],[-79.71728,-5.73935],[-79.78693,-5.64659],[-79.83944,-5.63003],[-79.8004,-5.56215],[-79.77705,-5.56192],[-79.73738,-5.509],[-79.68161,-5.53098],[-79.64253,-5.48519],[-79.74999,-5.44644],[-79.76843,-5.42453],[-79.74036,-5.38093],[-79.66282,-5.36895],[-79.6552,-5.3333],[-79.6941,-5.2592],[-79.72033,-5.18209],[-79.71492,-5.12663],[-79.64221,-5.10722]]]}},{"type":"Feature","properties":{"COUNT":8,"FIRST_IDPR":"2106","NOMBPROV":"HUANCANE","FIRST_NOMB":"PUNO","LAST_DCTO":"-","LAST_LEY":"-","FIRST_FECH":"EPOCA INDEP.","LAST_FECHA":"EPOCA INDEP.","MIN_SHAPE_":284717.79648099997,"ha":284717.8},"geometry":{"type":"Polygon","coordinates":[[[-69.89949,-15.49889],[-69.90512,-15.50678],[-69.91014,-15.50773],[-69.92106,-15.50682],[-69.92274,-15.50739],[-69.92745,-15.50999],[-69.9292,-15.50946],[-69.95275,-15.52416],[-69.95746,-15.52926],[-69.95912,-15.5306],[-69.96831,-15.53571],[-70.00378,-15.47041],[-70.02904,-15.45559],[-70.02252,-15.39903],[-70.01087,-15.39996],[-69.99971,-15.39552],[-69.9955,-15.39285],[-69.99467,-15.39254],[-69.98809,-15.39221],[-69.98473,-15.39344],[-69.98229,-15.39171],[-69.98184,-15.39116],[-69.97803,-15.38885],[-69.97527,-15.38585],[-69.97539,-15.38341],[-69.97605,-15.38218],[-69.97771,-15.37878],[-69.98706,-15.36395],[-69.99059,-15.35459],[-69.98907,-15.35056],[-69.98874,-15.34994],[-69.98876,-15.346],[-69.98915,-15.34564],[-69.99179,-15.34402],[-69.99509,-15.33924],[-69.9974,-15.33667],[-70.0039,-15.32891],[-70.006,-15.32709],[-70.00419,-15.31678],[-70.00353,-15.29465],[-70.0041,-15.29407],[-69.99836,-15.27843],[-69.93884,-15.24183],[-69.9301,-15.24264],[-69.92709,-15.2372],[-69.92218,-15.23292],[-69.92074,-15.2325],[-69.91438,-15.23341],[-69.90556,-15.23431],[-69.9034,-15.23549],[-69.90111,-15.23337],[-69.89704,-15.22668],[-69.89686,-15.21797],[-69.89362,-15.20983],[-69.89149,-15.20648],[-69.88257,-15.19348],[-69.89424,-15.18342],[-69.89935,-15.17494],[-69.89931,-15.17492],[-69.89943,-15.17144],[-69.8975,-15.15656],[-69.8975,-15.15576],[-69.89663,-15.14675],[-69.89143,-15.13129],[-69.89147,-15.13098],[-69.8903,-15.12933],[-69.88019,-15.11672],[-69.87925,-15.11515],[-69.87661,-15.10876],[-69.84734,-15.00489],[-69.78353,-14.95453],[-69.72937,-14.97592],[-69.69683,-14.95299],[-69.6209,-14.94498],[-69.6138,-14.91396],[-69.53952,-14.91746],[-69.51766,-14.87617],[-69.52966,-14.84296],[-69.46593,-14.77032],[-69.435,-14.83868],[-69.3538,-14.80167],[-69.34387,-14.88273],[-69.36158,-14.94919],[-69.29923,-15.0495],[-69.28522,-15.09497],[-69.23577,-15.12025],[-69.13153,-15.23399],[-69.1763,-15.26136],[-69.24063,-15.18684],[-69.29175,-15.16227],[-69.39836,-15.21229],[-69.48606,-15.27158],[-69.50858,-15.24867],[-69.54843,-15.30868],[-69.62987,-15.26487],[-69.65511,-15.27137],[-69.67899,-15.24263],[-69.72825,-15.23906],[-69.77274,-15.30893],[-69.8163,-15.2876],[-69.89429,-15.29511],[-69.90246,-15.35576],[-69.94289,-15.39668],[-69.89949,-15.49889]]]}},{"type":"Feature","properties":{"COUNT":19,"FIRST_IDPR":"0901","NOMBPROV":"HUANCAVELICA","FIRST_NOMB":"HUANCAVELICA","LAST_DCTO":"LEY","LAST_LEY":"9505","FIRST_FECH":"29/10/1953","LAST_FECHA":"12/01/1942","MIN_SHAPE_":419358.186721,"ha":419358.19},"geometry":{"type":"Polygon","coordinates":[[[-74.69918,-12.84364],[-74.73344,-12.87949],[-74.78294,-12.87795],[-74.82711,-12.94306],[-74.88493,-12.9263],[-74.91706,-13.09658],[-74.91326,-13.16747],[-74.95512,-13.18185],[-74.98895,-13.14152],[-75.02919,-13.10586],[-75.03703,-12.93963],[-75.05723,-12.91426],[-75.12065,-12.93183],[-75.14947,-12.96006],[-75.19208,-12.94729],[-75.24982,-12.87924],[-75.33478,-12.93617],[-75.38098,-12.84256],[-75.37131,-12.82565],[-75.442,-12.77522],[-75.51389,-12.78865],[-75.57655,-12.71514],[-75.55182,-12.68143],[-75.57961,-12.64148],[-75.53874,-12.62169],[-75.49085,-12.64794],[-75.41785,-12.62897],[-75.36239,-12.5396],[-75.27836,-12.46783],[-75.21552,-12.46342],[-75.21525,-12.39484],[-75.13101,-12.3785],[-75.0667,-12.39396],[-75.02427,-12.43471],[-75.00706,-12.49323],[-74.94385,-12.53305],[-74.86297,-12.52279],[-74.77969,-12.46385],[-74.72193,-12.48748],[-74.69205,-12.52186],[-74.68646,-12.58986],[-74.71163,-12.63427],[-74.77873,-12.63271],[-74.76728,-12.67647],[-74.78597,-12.78411],[-74.72607,-12.84145],[-74.69918,-12.84364]]]}},{"type":"Feature","properties":{"COUNT":28,"FIRST_IDPR":"1201","NOMBPROV":"HUANCAYO","FIRST_NOMB":"JUNIN","LAST_DCTO":"L.R.","LAST_LEY":"342","FIRST_FECH":"16/01/1941","LAST_FECHA":"06/09/1920","MIN_SHAPE_":373484.08399,"ha":373484.08},"geometry":{"type":"Polygon","coordinates":[[[-74.72101,-11.66466],[-74.64254,-11.70095],[-74.64849,-11.73786],[-74.5967,-11.8185],[-74.57789,-11.88238],[-74.53601,-11.87836],[-74.4867,-11.94221],[-74.50765,-11.98708],[-74.549,-11.99699],[-74.65911,-11.99578],[-74.7169,-12.05942],[-74.74861,-12.04142],[-74.83737,-12.07082],[-74.87077,-12.06599],[-74.93037,-12.02286],[-75.04705,-12.01156],[-75.07461,-12.06015],[-75.04833,-12.17033],[-75.07163,-12.2352],[-75.14023,-12.3421],[-75.13101,-12.3785],[-75.21525,-12.39484],[-75.21552,-12.46342],[-75.27836,-12.46783],[-75.36239,-12.5396],[-75.41785,-12.62897],[-75.49085,-12.64794],[-75.53874,-12.62169],[-75.57961,-12.64148],[-75.57184,-12.56407],[-75.5362,-12.51728],[-75.55959,-12.41072],[-75.47161,-12.39228],[-75.37666,-12.33957],[-75.31353,-12.2698],[-75.24445,-12.24182],[-75.26769,-12.18317],[-75.23184,-12.1204],[-75.23879,-12.06307],[-75.31851,-12.04102],[-75.33069,-12.01031],[-75.2792,-11.98052],[-75.31278,-11.938],[-75.25071,-11.80994],[-75.1724,-11.79766],[-75.12928,-11.84224],[-75.09219,-11.83414],[-75.06249,-11.88896],[-75.0156,-11.82125],[-74.92149,-11.84609],[-74.87599,-11.83015],[-74.83861,-11.76287],[-74.77,-11.76235],[-74.76533,-11.70761],[-74.72101,-11.66466]]]}},{"type":"Feature","properties":{"COUNT":8,"FIRST_IDPR":"0504","NOMBPROV":"HUANTA","FIRST_NOMB":"AYACUCHO","LAST_DCTO":"LEY","LAST_LEY":"12362","FIRST_FECH":"27/12/1926","LAST_FECHA":"20/06/1955","MIN_SHAPE_":385929.93544,"ha":385929.94},"geometry":{"type":"Polygon","coordinates":[[[-74.10399,-12.98206],[-74.16088,-13.03754],[-74.22873,-13.01315],[-74.27165,-13.06697],[-74.29655,-12.93501],[-74.31945,-12.88728],[-74.32362,-12.83251],[-74.2924,-12.82476],[-74.2892,-12.75801],[-74.34877,-12.71243],[-74.32753,-12.68127],[-74.34082,-12.63446],[-74.41512,-12.49066],[-74.42245,-12.44521],[-74.50354,-12.44981],[-74.54843,-12.37514],[-74.57599,-12.37317],[-74.58118,-12.33267],[-74.55212,-12.28734],[-74.44397,-12.27197],[-74.41629,-12.30477],[-74.38481,-12.26863],[-74.38886,-12.19267],[-74.34595,-12.17374],[-74.32187,-12.22978],[-74.27052,-12.23914],[-74.18762,-12.31438],[-74.12144,-12.3336],[-74.09836,-12.28491],[-73.98045,-12.24259],[-73.96586,-12.33645],[-73.88679,-12.4054],[-73.83078,-12.53051],[-73.8538,-12.64547],[-73.88811,-12.71105],[-73.98809,-12.74987],[-73.99568,-12.83829],[-74.14424,-12.87775],[-74.10399,-12.98206]]]}},{"type":"Feature","properties":{"COUNT":11,"FIRST_IDPR":"1001","NOMBPROV":"HUANUCO","FIRST_NOMB":"HUANUCO","LAST_DCTO":"LEY","LAST_LEY":"S/N","FIRST_FECH":"10/05/1955","LAST_FECHA":"02/01/1857","MIN_SHAPE_":407098.49778,"ha":407098.5},"geometry":{"type":"Polygon","coordinates":[[[-76.52092,-10.19494],[-76.54679,-10.1117],[-76.59579,-10.10194],[-76.60613,-10.07024],[-76.57823,-10.03046],[-76.57047,-9.95923],[-76.54877,-9.92263],[-76.45509,-9.88161],[-76.46739,-9.82017],[-76.46302,-9.70625],[-76.47697,-9.67388],[-76.42683,-9.65002],[-76.36502,-9.57784],[-76.36073,-9.54681],[-76.31347,-9.51658],[-76.27215,-9.52549],[-76.2034,-9.49916],[-76.15994,-9.46944],[-76.07173,-9.47179],[-76.01136,-9.50804],[-75.94211,-9.48793],[-75.8924,-9.43315],[-75.85313,-9.42638],[-75.81117,-9.39127],[-75.78568,-9.40509],[-75.79073,-9.46601],[-75.73837,-9.60816],[-75.72125,-9.61751],[-75.79783,-9.70279],[-75.81036,-9.76413],[-75.79459,-9.80989],[-75.82457,-9.83196],[-75.87403,-9.79292],[-76.05857,-9.82122],[-76.08681,-9.88132],[-76.11721,-9.9031],[-76.13621,-9.98628],[-76.17038,-9.98529],[-76.28678,-10.07112],[-76.37437,-10.14946],[-76.41306,-10.14087],[-76.51001,-10.15227],[-76.52092,-10.19494]]]}},{"type":"Feature","properties":{"COUNT":12,"FIRST_IDPR":"1506","NOMBPROV":"HUARAL","FIRST_NOMB":"LIMA","LAST_DCTO":"-","LAST_LEY":"-","FIRST_FECH":"EPOC.INDEP.","LAST_FECHA":"EPOC.INDEP.","MIN_SHAPE_":365745.2239,"ha":365745.22},"geometry":{"type":"Polygon","coordinates":[[[-76.49121,-11.08944],[-76.5184,-11.11608],[-76.49208,-11.18931],[-76.4777,-11.29353],[-76.45702,-11.33443],[-76.48348,-11.34442],[-76.54607,-11.31609],[-76.59818,-11.32658],[-76.69457,-11.42933],[-76.76828,-11.42045],[-76.89225,-11.49219],[-76.85909,-11.50834],[-77.00489,-11.61347],[-77.05181,-11.57613],[-77.12389,-11.65547],[-77.19352,-11.67832],[-77.21604,-11.63897],[-77.28003,-11.58745],[-77.30475,-11.51223],[-77.38269,-11.44718],[-77.32555,-11.38876],[-77.33299,-11.34419],[-77.30349,-11.2741],[-77.24181,-11.30434],[-77.22544,-11.34154],[-77.1645,-11.36623],[-77.13127,-11.29821],[-77.07144,-11.26843],[-77.06003,-11.1951],[-77.08505,-11.18461],[-77.07545,-11.10336],[-77.02041,-11.13521],[-76.94268,-11.07825],[-76.87854,-11.08276],[-76.82576,-11.10368],[-76.76216,-11.03567],[-76.70486,-11.05538],[-76.57695,-11.01653],[-76.5313,-11.03606],[-76.49121,-11.08944]]]}},{"type":"Feature","properties":{"COUNT":12,"FIRST_IDPR":"0201","NOMBPROV":"HUARAZ","FIRST_NOMB":"ANCASH","LAST_DCTO":"LEY","LAST_LEY":"12643","FIRST_FECH":"16/10/1933","LAST_FECHA":"02/02/1956","MIN_SHAPE_":251023.88977,"ha":251023.89},"geometry":{"type":"Polygon","coordinates":[[[-77.901,-9.44223],[-77.76203,-9.41715],[-77.7442,-9.37071],[-77.69048,-9.37784],[-77.65554,-9.44227],[-77.61301,-9.42208],[-77.5764,-9.37412],[-77.46847,-9.36734],[-77.40209,-9.34734],[-77.33009,-9.38239],[-77.3262,-9.47193],[-77.26971,-9.64874],[-77.31099,-9.67431],[-77.42438,-9.67972],[-77.5031,-9.6627],[-77.53625,-9.73787],[-77.54161,-9.70589],[-77.6213,-9.62083],[-77.72482,-9.69635],[-77.76036,-9.78799],[-77.7808,-9.80067],[-77.86786,-9.76378],[-77.9614,-9.78024],[-77.9797,-9.71184],[-78.04189,-9.6899],[-78.00609,-9.68064],[-77.96079,-9.61537],[-77.98433,-9.54038],[-77.93633,-9.52807],[-77.901,-9.44223]]]}},{"type":"Feature","properties":{"COUNT":16,"FIRST_IDPR":"0210","NOMBPROV":"HUARI","FIRST_NOMB":"ANCASH","LAST_DCTO":"LEY","LAST_LEY":"12313","FIRST_FECH":"EPOCA INDEP.","LAST_FECHA":"10/05/1955","MIN_SHAPE_":279161.613194,"ha":279161.61},"geometry":{"type":"Polygon","coordinates":[[[-77.02384,-9.70433],[-77.0278,-9.76412],[-77.09279,-9.83675],[-77.18713,-9.83621],[-77.24385,-9.80573],[-77.22777,-9.71339],[-77.26971,-9.64874],[-77.3262,-9.47193],[-77.33009,-9.38239],[-77.31918,-9.32411],[-77.2753,-9.27827],[-77.26205,-9.20779],[-77.22156,-9.16758],[-77.17387,-9.15996],[-77.14221,-9.20242],[-77.09354,-9.21251],[-77.0766,-9.27311],[-77.02687,-9.30092],[-76.95973,-9.20775],[-76.94181,-9.12899],[-76.94496,-9.07442],[-76.81816,-9.12723],[-76.78858,-9.13624],[-76.73373,-9.20897],[-76.72574,-9.25663],[-76.75749,-9.3622],[-76.81437,-9.32601],[-76.84229,-9.26173],[-76.93524,-9.39855],[-76.95233,-9.4697],[-76.93801,-9.52658],[-76.98152,-9.56542],[-76.99527,-9.60344],[-77.04849,-9.64746],[-77.02384,-9.70433]]]}},{"type":"Feature","properties":{"COUNT":5,"FIRST_IDPR":"0211","NOMBPROV":"HUARMEY","FIRST_NOMB":"ANCASH","LAST_DCTO":"LEY","LAST_LEY":"24034","FIRST_FECH":"05/03/1936","LAST_FECHA":"20/12/1984","MIN_SHAPE_":392513.35816,"ha":392513.36},"geometry":{"type":"Polygon","coordinates":[[[-78.04189,-9.6899],[-77.9797,-9.71184],[-77.9614,-9.78024],[-77.90312,-9.82299],[-77.85389,-9.81709],[-77.82553,-9.90837],[-77.77979,-9.90506],[-77.73471,-9.84685],[-77.55249,-9.87218],[-77.60817,-9.95014],[-77.63141,-10.02202],[-77.77528,-10.00419],[-77.72187,-10.07868],[-77.69878,-10.14139],[-77.65626,-10.15198],[-77.6744,-10.20671],[-77.69643,-10.25685],[-77.69875,-10.3221],[-77.75704,-10.34422],[-77.76021,-10.43022],[-77.79618,-10.48329],[-77.77244,-10.51248],[-77.77138,-10.57161],[-77.83299,-10.56748],[-77.88627,-10.61192],[-77.90816,-10.54429],[-77.96062,-10.49252],[-77.98034,-10.43955],[-78.01476,-10.40963],[-78.0106,-10.3747],[-78.05455,-10.34596],[-78.10226,-10.20015],[-78.16357,-10.14719],[-78.17534,-10.04585],[-78.24265,-9.87365],[-78.22621,-9.79528],[-78.14483,-9.71458],[-78.0874,-9.72049],[-78.04189,-9.6899]]]}},{"type":"Feature","properties":{"COUNT":32,"FIRST_IDPR":"1507","NOMBPROV":"HUAROCHIRI","FIRST_NOMB":"LIMA","LAST_DCTO":"LEY","LAST_LEY":"15246","FIRST_FECH":"11/10/1954","LAST_FECHA":"04/12/1964","MIN_SHAPE_":573400.84189,"ha":573400.84},"geometry":{"type":"Polygon","coordinates":[[[-76.346,-12.33773],[-76.39383,-12.32364],[-76.45277,-12.40426],[-76.5012,-12.40065],[-76.53766,-12.33937],[-76.55733,-12.27573],[-76.59583,-12.31487],[-76.61668,-12.37283],[-76.66799,-12.36023],[-76.67399,-12.31952],[-76.63679,-12.27936],[-76.6211,-12.22688],[-76.64863,-12.20816],[-76.71616,-12.09842],[-76.67808,-12.05298],[-76.70708,-12.0295],[-76.64696,-11.95288],[-76.72794,-11.87571],[-76.79168,-11.92761],[-76.91655,-11.95984],[-76.91211,-11.88927],[-76.94228,-11.86087],[-76.90661,-11.79612],[-76.85124,-11.79815],[-76.80487,-11.75587],[-76.75339,-11.73153],[-76.74005,-11.69812],[-76.66549,-11.65877],[-76.57498,-11.63238],[-76.53611,-11.55909],[-76.54292,-11.51749],[-76.4881,-11.45751],[-76.40058,-11.50717],[-76.37684,-11.50149],[-76.28679,-11.59123],[-76.22371,-11.56273],[-76.18771,-11.59279],[-76.20488,-11.65953],[-76.20233,-11.72805],[-76.13695,-11.78096],[-76.05131,-11.89224],[-76.05186,-11.93896],[-75.99318,-11.99468],[-76.01976,-12.06277],[-76.06135,-12.08852],[-76.05679,-12.13273],[-76.08622,-12.1604],[-76.06947,-12.20741],[-76.21686,-12.26425],[-76.2503,-12.29973],[-76.32372,-12.29155],[-76.346,-12.33773]]]}},{"type":"Feature","properties":{"COUNT":12,"FIRST_IDPR":"1508","NOMBPROV":"HUAURA","FIRST_NOMB":"LIMA","LAST_DCTO":"-","LAST_LEY":"-","FIRST_FECH":"EPOC.INDEP.","LAST_FECHA":"EPOC.INDEP.","MIN_SHAPE_":492694.12569,"ha":492694.13},"geometry":{"type":"Polygon","coordinates":[[[-77.70152,-10.88612],[-77.59953,-10.86003],[-77.56139,-10.8784],[-77.52571,-10.93198],[-77.44429,-10.9161],[-77.46222,-10.87007],[-77.45815,-10.80996],[-77.40249,-10.76798],[-77.38557,-10.70759],[-77.39531,-10.66154],[-77.3447,-10.60798],[-77.29433,-10.66039],[-77.19723,-10.68683],[-77.12272,-10.64896],[-77.05509,-10.69138],[-77.01097,-10.69599],[-77.03484,-10.73275],[-77.14029,-10.7561],[-77.17662,-10.77807],[-77.15649,-10.84924],[-77.16804,-10.91854],[-77.19423,-10.9575],[-77.13884,-11.01123],[-77.07763,-11.01246],[-76.9689,-10.86391],[-76.88924,-10.84413],[-76.79861,-10.91907],[-76.74312,-10.93433],[-76.6951,-10.87927],[-76.65421,-10.88198],[-76.58821,-10.84505],[-76.56508,-10.96618],[-76.57695,-11.01653],[-76.70486,-11.05538],[-76.76216,-11.03567],[-76.82576,-11.10368],[-76.87854,-11.08276],[-76.94268,-11.07825],[-77.02041,-11.13521],[-77.07545,-11.10336],[-77.08505,-11.18461],[-77.06003,-11.1951],[-77.07144,-11.26843],[-77.13127,-11.29821],[-77.1645,-11.36623],[-77.22544,-11.34154],[-77.24181,-11.30434],[-77.30349,-11.2741],[-77.33299,-11.34419],[-77.32555,-11.38876],[-77.38269,-11.44718],[-77.49814,-11.37715],[-77.64292,-11.30448],[-77.64165,-11.21451],[-77.59235,-11.18208],[-77.63342,-11.05451],[-77.66175,-11.01265],[-77.65783,-10.94651],[-77.70152,-10.88612]]]}},{"type":"Feature","properties":{"COUNT":10,"FIRST_IDPR":"0212","NOMBPROV":"HUAYLAS","FIRST_NOMB":"ANCASH","LAST_DCTO":"LEY","LAST_LEY":"4662","FIRST_FECH":"02/01/1857","LAST_FECHA":"09/05/1923","MIN_SHAPE_":229027.783013,"ha":229027.78},"geometry":{"type":"Polygon","coordinates":[[[-77.97203,-8.692],[-77.91536,-8.74011],[-77.87995,-8.68404],[-77.81097,-8.66202],[-77.77247,-8.67382],[-77.72073,-8.65653],[-77.61438,-8.75099],[-77.59274,-8.75767],[-77.5812,-8.77112],[-77.60463,-8.88671],[-77.57427,-8.90044],[-77.63236,-9.00976],[-77.69981,-9.05693],[-77.78116,-9.08515],[-77.77719,-9.18154],[-77.79752,-9.22919],[-77.83947,-9.21757],[-77.86127,-9.25119],[-78.03717,-9.24371],[-78.06681,-9.18597],[-78.02133,-9.17146],[-78.06222,-9.12843],[-78.05933,-9.08613],[-77.99716,-9.01722],[-77.94353,-8.9749],[-77.94031,-8.92611],[-77.99725,-8.84585],[-78.01459,-8.76636],[-77.97203,-8.692]]]}},{"type":"Feature","properties":{"COUNT":16,"FIRST_IDPR":"0906","NOMBPROV":"HUAYTARA","FIRST_NOMB":"HUANCAVELICA","LAST_DCTO":"-","LAST_LEY":"-","FIRST_FECH":"26/01/1956","LAST_FECHA":"EPOCA INDEP.","MIN_SHAPE_":646453.17908,"ha":646453.18},"geometry":{"type":"Polygon","coordinates":[[[-75.05905,-14.12962],[-75.10884,-14.03288],[-75.16568,-14.07253],[-75.21055,-14.05044],[-75.23233,-14.00477],[-75.33323,-14.01598],[-75.43382,-13.9139],[-75.5455,-13.88948],[-75.56338,-13.84087],[-75.52488,-13.8179],[-75.55458,-13.74957],[-75.52944,-13.74007],[-75.48487,-13.65097],[-75.51401,-13.61709],[-75.47731,-13.52548],[-75.43461,-13.46964],[-75.31035,-13.45025],[-75.29113,-13.40168],[-75.25583,-13.41747],[-75.20551,-13.34443],[-75.20417,-13.31197],[-75.16393,-13.27394],[-75.168,-13.22451],[-75.04911,-13.18656],[-74.98895,-13.14152],[-74.95512,-13.18185],[-74.91326,-13.16747],[-74.84142,-13.14372],[-74.72164,-13.17919],[-74.72212,-13.28964],[-74.68606,-13.28637],[-74.63283,-13.34478],[-74.69946,-13.36351],[-74.76386,-13.34139],[-74.86875,-13.3599],[-74.89772,-13.39531],[-74.9021,-13.46644],[-74.86218,-13.48179],[-74.78242,-13.57851],[-74.76653,-13.77223],[-74.76036,-13.83149],[-74.78592,-13.92879],[-74.76795,-13.97855],[-74.78388,-14.01695],[-74.77253,-14.09032],[-74.84138,-14.0734],[-74.94236,-14.09469],[-75.02913,-14.07195],[-75.05905,-14.12962]]]}},{"type":"Feature","properties":{"COUNT":14,"FIRST_IDPR":"1101","NOMBPROV":"ICA","FIRST_NOMB":"ICA","LAST_DCTO":"LEY","LAST_LEY":"S/N","FIRST_FECH":"18/05/1984","LAST_FECHA":"14/06/1876","MIN_SHAPE_":781989.44312,"ha":781989.44},"geometry":{"type":"Polygon","coordinates":[[[-75.55458,-13.74957],[-75.52488,-13.8179],[-75.56338,-13.84087],[-75.5455,-13.88948],[-75.43382,-13.9139],[-75.33323,-14.01598],[-75.23233,-14.00477],[-75.21055,-14.05044],[-75.23972,-14.08405],[-75.22617,-14.12641],[-75.23979,-14.32078],[-75.22792,-14.39541],[-75.30125,-14.47254],[-75.31685,-14.53078],[-75.36369,-14.58209],[-75.36089,-14.62073],[-75.42634,-14.64306],[-75.41062,-14.68524],[-75.43267,-14.74996],[-75.41608,-14.77474],[-75.4403,-14.8949],[-75.49404,-14.92966],[-75.57452,-14.8678],[-75.67994,-14.81782],[-75.78436,-14.74829],[-75.85557,-14.71628],[-75.85576,-14.69444],[-75.91646,-14.65918],[-75.93205,-14.56828],[-75.9742,-14.52525],[-75.97228,-14.4705],[-76.03668,-14.42605],[-76.0035,-14.39021],[-75.98618,-14.29632],[-76.03312,-14.27662],[-76.07149,-14.20689],[-75.98654,-14.06949],[-76.02545,-14.00503],[-76.02505,-13.95923],[-76.05595,-13.9293],[-76.02798,-13.84012],[-75.88454,-13.85517],[-75.85322,-13.83705],[-75.78889,-13.85644],[-75.70165,-13.8172],[-75.648,-13.80744],[-75.55458,-13.74957]]]}},{"type":"Feature","properties":{"COUNT":3,"FIRST_IDPR":"1803","NOMBPROV":"ILO","FIRST_NOMB":"MOQUEGUA","LAST_DCTO":"D.L.","LAST_LEY":"18298","FIRST_FECH":"EPOCA INDEP.","LAST_FECHA":"26/05/1970","MIN_SHAPE_":136344.773263,"ha":136344.77},"geometry":{"type":"Polygon","coordinates":[[[-70.90781,-17.64722],[-70.9125,-17.68737],[-70.993,-17.67912],[-71.10314,-17.75528],[-71.13944,-17.82148],[-71.20565,-17.76865],[-71.37222,-17.68171],[-71.34108,-17.63699],[-71.35821,-17.58883],[-71.37257,-17.47539],[-71.39459,-17.38913],[-71.4908,-17.28501],[-71.44096,-17.25172],[-71.36937,-17.31223],[-71.37634,-17.35128],[-71.31561,-17.41995],[-71.25935,-17.43995],[-71.21587,-17.43467],[-71.07395,-17.48747],[-71.07288,-17.5247],[-70.9966,-17.62079],[-70.90781,-17.64722]]]}},{"type":"Feature","properties":{"COUNT":6,"FIRST_IDPR":"0407","NOMBPROV":"ISLAY","FIRST_NOMB":"AREQUIPA","LAST_DCTO":"LEY","LAST_LEY":"S/N","FIRST_FECH":"03/01/1879","LAST_FECHA":"03/01/1879","MIN_SHAPE_":384689.991903,"ha":384689.99},"geometry":{"type":"Polygon","coordinates":[[[-71.99336,-16.79401],[-71.9911,-16.79037],[-71.9902,-16.78884],[-71.98719,-16.78415],[-71.93617,-16.71239],[-71.9344,-16.71004],[-71.92817,-16.70169],[-71.92423,-16.69606],[-71.90997,-16.67504],[-71.89698,-16.68825],[-71.88845,-16.69635],[-71.88351,-16.70096],[-71.87833,-16.70609],[-71.87073,-16.71343],[-71.87045,-16.72154],[-71.86997,-16.73437],[-71.87008,-16.74329],[-71.86934,-16.76349],[-71.76524,-16.70824],[-71.72447,-16.69966],[-71.71471,-16.69942],[-71.71036,-16.69928],[-71.67355,-16.70509],[-71.66965,-16.70465],[-71.66319,-16.70148],[-71.65914,-16.70089],[-71.65836,-16.70027],[-71.65385,-16.69885],[-71.65273,-16.69752],[-71.65121,-16.69542],[-71.64586,-16.69642],[-71.64159,-16.70049],[-71.6412,-16.70135],[-71.64133,-16.70476],[-71.64094,-16.70548],[-71.63622,-16.69687],[-71.63216,-16.69234],[-71.62973,-16.68543],[-71.62756,-16.68329],[-71.62496,-16.68297],[-71.62267,-16.68203],[-71.61783,-16.68246],[-71.61176,-16.68336],[-71.61115,-16.68382],[-71.60397,-16.68499],[-71.60297,-16.68602],[-71.59988,-16.68703],[-71.59796,-16.68764],[-71.58385,-16.6911],[-71.57639,-16.69544],[-71.57484,-16.69596],[-71.5743,-16.69641],[-71.57256,-16.69989],[-71.57134,-16.69933],[-71.56915,-16.69727],[-71.56525,-16.69565],[-71.56216,-16.69244],[-71.55811,-16.68773],[-71.55698,-16.68651],[-71.53967,-16.6965],[-71.53725,-16.69811],[-71.53548,-16.70076],[-71.5352,-16.70225],[-71.53507,-16.70356],[-71.53445,-16.71037],[-71.5316,-16.71214],[-71.53064,-16.71482],[-71.53008,-16.71625],[-71.53043,-16.71913],[-71.53104,-16.72322],[-71.53147,-16.72635],[-71.53112,-16.72942],[-71.52548,-16.73509],[-71.52419,-16.73511],[-71.52171,-16.73587],[-71.5189,-16.73837],[-71.51358,-16.74313],[-71.51309,-16.74428],[-71.5149,-16.75224],[-71.51208,-16.75499],[-71.51198,-16.75599],[-71.51078,-16.75783],[-71.50858,-16.75901],[-71.50632,-16.76057],[-71.50469,-16.7623],[-71.50401,-16.76335],[-71.50363,-16.76416],[-71.50062,-16.76662],[-71.4974,-16.7669],[-71.49512,-16.76761],[-71.49212,-16.76756],[-71.49079,-16.76673],[-71.48949,-16.76638],[-71.48539,-16.76515],[-71.48122,-16.76381],[-71.47021,-16.76244],[-71.46952,-16.76241],[-71.4632,-16.75823],[-71.45813,-16.75727],[-71.45386,-16.75389],[-71.45235,-16.74958],[-71.4521,-16.74737],[-71.45312,-16.74551],[-71.45369,-16.74507],[-71.45568,-16.7425],[-71.44788,-16.73179],[-71.44675,-16.73122],[-71.44241,-16.73087],[-71.43954,-16.7306],[-71.43845,-16.73113],[-71.43568,-16.73361],[-71.43445,-16.73445],[-71.4321,-16.73617],[-71.42754,-16.74077],[-71.42593,-16.74138],[-71.44431,-16.80467],[-71.44064,-16.86523],[-71.39092,-16.98049],[-71.38461,-17.02111],[-71.33942,-17.02176],[-71.30225,-17.09385],[-71.44096,-17.25172],[-71.4908,-17.28501],[-71.53413,-17.25553],[-71.57609,-17.25356],[-71.69037,-17.21199],[-71.81222,-17.18431],[-71.85773,-17.15887],[-71.92265,-17.08751],[-72.03899,-17.01734],[-72.07616,-17.02116],[-72.18449,-16.92477],[-72.17199,-16.84989],[-72.22384,-16.83455],[-72.20558,-16.79903],[-72.15295,-16.79468],[-72.1319,-16.76666],[-72.12461,-16.77261],[-72.12041,-16.77958],[-72.1135,-16.77716],[-72.10896,-16.776],[-72.10609,-16.77139],[-72.09986,-16.76967],[-72.09382,-16.7678],[-72.09183,-16.76841],[-72.08968,-16.76859],[-72.08881,-16.76868],[-72.08445,-16.76947],[-72.0826,-16.77032],[-72.0803,-16.77395],[-72.06691,-16.78443],[-72.06636,-16.78364],[-72.0645,-16.78161],[-72.06236,-16.78051],[-72.06147,-16.78051],[-72.05827,-16.78014],[-72.05749,-16.77997],[-72.05618,-16.78027],[-72.05371,-16.78133],[-72.05309,-16.78119],[-72.05267,-16.7808],[-72.04992,-16.77952],[-72.04623,-16.78094],[-72.04451,-16.78182],[-72.03847,-16.79195],[-72.03834,-16.79224],[-72.03488,-16.79172],[-72.03234,-16.79091],[-72.02925,-16.79154],[-72.02689,-16.7915],[-72.01929,-16.79264],[-72.0145,-16.79679],[-72.0124,-16.79761],[-72.00806,-16.79703],[-72.00327,-16.7969],[-72.00236,-16.79648],[-72.00117,-16.79665],[-71.99928,-16.79731],[-71.99336,-16.79401]]]}},{"type":"Feature","properties":{"COUNT":12,"FIRST_IDPR":"0608","NOMBPROV":"JAEN","FIRST_NOMB":"CAJAMARCA","LAST_DCTO":"LEY","LAST_LEY":"S/N","FIRST_FECH":"28/12/1943","LAST_FECHA":"02/01/1857","MIN_SHAPE_":505726.50019,"ha":505726.5},"geometry":{"type":"Polygon","coordinates":[[[-79.41721,-6.00524],[-79.41861,-5.9701],[-79.36741,-5.93722],[-79.33407,-5.89363],[-79.38982,-5.79109],[-79.40069,-5.74951],[-79.37555,-5.60619],[-79.39832,-5.53702],[-79.32896,-5.53508],[-79.26896,-5.51329],[-79.2136,-5.50849],[-79.14622,-5.45474],[-79.14889,-5.39801],[-79.09835,-5.36546],[-79.05877,-5.44675],[-78.94879,-5.47648],[-78.86718,-5.46972],[-78.78635,-5.42819],[-78.77793,-5.39146],[-78.67737,-5.40874],[-78.58981,-5.32494],[-78.5184,-5.39928],[-78.51518,-5.45435],[-78.55852,-5.49909],[-78.55475,-5.53807],[-78.58074,-5.54848],[-78.60482,-5.60721],[-78.6838,-5.70705],[-78.70057,-5.78522],[-78.74126,-5.83553],[-78.83804,-5.90041],[-78.86313,-6.01791],[-78.90006,-6.04645],[-78.96509,-6.01258],[-79.0201,-6.02779],[-79.07972,-6.06403],[-79.08678,-6.11058],[-79.17265,-6.13406],[-79.21321,-6.09887],[-79.22399,-6.05501],[-79.26434,-6.00246],[-79.34902,-5.97969],[-79.41721,-6.00524]]]}},{"type":"Feature","properties":{"COUNT":34,"FIRST_IDPR":"1204","NOMBPROV":"JAUJA","FIRST_NOMB":"JUNIN","LAST_DCTO":"LEY","LAST_LEY":"12638","FIRST_FECH":"02/01/1857","LAST_FECHA":"02/02/1956","MIN_SHAPE_":435419.920339,"ha":435419.92},"geometry":{"type":"Polygon","coordinates":[[[-75.43479,-11.25821],[-75.30659,-11.30085],[-75.0284,-11.35023],[-74.97294,-11.43818],[-74.99901,-11.42701],[-75.03561,-11.47279],[-75.16346,-11.53622],[-75.20263,-11.5992],[-75.2241,-11.66118],[-75.19229,-11.70763],[-75.20025,-11.75064],[-75.26244,-11.79056],[-75.31234,-11.84979],[-75.40099,-11.87424],[-75.39308,-11.92605],[-75.49829,-11.96817],[-75.48951,-12.00746],[-75.54336,-12.02726],[-75.58804,-12.00038],[-75.65653,-12.00867],[-75.6943,-12.04269],[-75.76566,-12.05963],[-75.82407,-12.01569],[-75.92599,-11.98429],[-75.99318,-11.99468],[-76.05186,-11.93896],[-76.02433,-11.89763],[-75.95575,-11.87049],[-75.90665,-11.87364],[-75.89308,-11.78355],[-75.83226,-11.76985],[-75.81496,-11.78964],[-75.75465,-11.77475],[-75.70038,-11.71231],[-75.75644,-11.63957],[-75.80176,-11.54477],[-75.71842,-11.5443],[-75.62503,-11.5891],[-75.51254,-11.51189],[-75.45747,-11.45343],[-75.46082,-11.4283],[-75.40967,-11.38777],[-75.43096,-11.33231],[-75.43479,-11.25821]]]}},{"type":"Feature","properties":{"COUNT":3,"FIRST_IDPR":"2303","NOMBPROV":"JORGE BASADRE","FIRST_NOMB":"TACNA","LAST_DCTO":"-","LAST_LEY":"-","FIRST_FECH":"12/06/1961","LAST_FECHA":"EPOCA INDEP.","MIN_SHAPE_":274085.971057,"ha":274085.97},"geometry":{"type":"Polygon","coordinates":[[[-70.88947,-17.97652],[-70.94351,-17.9136],[-71.01101,-17.87675],[-71.09684,-17.86772],[-71.13944,-17.82148],[-71.10314,-17.75528],[-70.993,-17.67912],[-70.9125,-17.68737],[-70.90781,-17.64722],[-70.87965,-17.55524],[-70.84376,-17.52466],[-70.73558,-17.40123],[-70.7524,-17.38057],[-70.71592,-17.27365],[-70.68422,-17.22498],[-70.60998,-17.2145],[-70.57251,-17.19411],[-70.45427,-17.30064],[-70.43529,-17.33468],[-70.36391,-17.37391],[-70.40051,-17.42123],[-70.34579,-17.46074],[-70.42828,-17.48334],[-70.44683,-17.51591],[-70.5089,-17.54534],[-70.60842,-17.65628],[-70.68306,-17.71962],[-70.69741,-17.76778],[-70.72932,-17.78509],[-70.83929,-17.91152],[-70.86334,-17.9668],[-70.88947,-17.97652]]]}},{"type":"Feature","properties":{"COUNT":4,"FIRST_IDPR":"1305","NOMBPROV":"JULCAN","FIRST_NOMB":"LA LIBERTAD","LAST_DCTO":"LEY","LAST_LEY":"13659","FIRST_FECH":"19/06/1990","LAST_FECHA":"12/06/1961","MIN_SHAPE_":111242.412374,"ha":111242.41},"geometry":{"type":"Polygon","coordinates":[[[-78.40615,-7.9901],[-78.31999,-8.05754],[-78.28868,-8.06224],[-78.32439,-8.15412],[-78.30414,-8.16859],[-78.3007,-8.23634],[-78.3773,-8.31018],[-78.41206,-8.30414],[-78.42985,-8.36024],[-78.47914,-8.35108],[-78.5883,-8.3075],[-78.56614,-8.24953],[-78.60697,-8.19539],[-78.65247,-8.18466],[-78.63909,-8.143],[-78.68237,-8.09722],[-78.59572,-8.06157],[-78.5359,-8.08389],[-78.53312,-8.04267],[-78.47185,-7.99716],[-78.40615,-7.9901]]]}},{"type":"Feature","properties":{"COUNT":4,"FIRST_IDPR":"1205","NOMBPROV":"JUNIN","FIRST_NOMB":"JUNIN","LAST_DCTO":"LEY","LAST_LEY":"5516","FIRST_FECH":"EPOCA INDEP.","LAST_FECHA":"26/10/1926","MIN_SHAPE_":237390.639034,"ha":237390.64},"geometry":{"type":"Polygon","coordinates":[[[-75.46591,-10.9057],[-75.46532,-10.9088],[-75.46792,-10.91046],[-75.47396,-10.91464],[-75.47553,-10.91564],[-75.48029,-10.91761],[-75.48303,-10.9178],[-75.48648,-10.91818],[-75.4946,-10.92304],[-75.49595,-10.93624],[-75.49484,-10.94171],[-75.49628,-10.94644],[-75.49603,-10.94853],[-75.49642,-10.95176],[-75.49859,-10.95569],[-75.50061,-10.95906],[-75.50337,-10.96204],[-75.50551,-10.96204],[-75.51052,-10.95908],[-75.51083,-10.95855],[-75.51215,-10.95751],[-75.51417,-10.95465],[-75.51537,-10.95343],[-75.51571,-10.95325],[-75.51656,-10.95303],[-75.5178,-10.95317],[-75.51829,-10.95334],[-75.52007,-10.95209],[-75.52252,-10.95006],[-75.52357,-10.94997],[-75.52569,-10.95022],[-75.52774,-10.95014],[-75.52873,-10.95026],[-75.52992,-10.95054],[-75.53224,-10.95095],[-75.53372,-10.94979],[-75.53496,-10.94903],[-75.53541,-10.94887],[-75.53623,-10.94841],[-75.53701,-10.94835],[-75.53747,-10.94869],[-75.53941,-10.95047],[-75.54023,-10.95078],[-75.54619,-10.95013],[-75.54708,-10.94964],[-75.54771,-10.94951],[-75.54815,-10.94955],[-75.55089,-10.95047],[-75.55187,-10.95093],[-75.55218,-10.95249],[-75.55229,-10.95388],[-75.55239,-10.95492],[-75.55511,-10.95641],[-75.55833,-10.95733],[-75.56015,-10.95747],[-75.56087,-10.9573],[-75.56284,-10.95679],[-75.56486,-10.95612],[-75.56512,-10.95548],[-75.56561,-10.95469],[-75.56788,-10.95391],[-75.57023,-10.95441],[-75.57302,-10.95444],[-75.57443,-10.95443],[-75.57575,-10.95392],[-75.57816,-10.95388],[-75.58117,-10.95336],[-75.58423,-10.95347],[-75.58541,-10.95423],[-75.587,-10.95511],[-75.59182,-10.95644],[-75.59289,-10.95672],[-75.59723,-10.95498],[-75.59855,-10.95457],[-75.59921,-10.9544],[-75.59994,-10.95442],[-75.60024,-10.95449],[-75.60158,-10.95463],[-75.60182,-10.95473],[-75.6031,-10.95602],[-75.60338,-10.95626],[-75.60773,-10.95822],[-75.60896,-10.95804],[-75.61074,-10.95889],[-75.61343,-10.96039],[-75.61652,-10.96084],[-75.61881,-10.96088],[-75.62109,-10.9595],[-75.62437,-10.95893],[-75.627,-10.95928],[-75.63093,-10.95928],[-75.63235,-10.95936],[-75.63424,-10.95923],[-75.63598,-10.95927],[-75.63717,-10.95901],[-75.63805,-10.95888],[-75.63945,-10.95795],[-75.64088,-10.95713],[-75.64199,-10.95665],[-75.64356,-10.95714],[-75.64457,-10.9584],[-75.645,-10.95917],[-75.6452,-10.95929],[-75.64702,-10.95963],[-75.65087,-10.95879],[-75.65227,-10.95814],[-75.65299,-10.95709],[-75.65313,-10.95682],[-75.65353,-10.95626],[-75.65492,-10.95491],[-75.65763,-10.95296],[-75.65915,-10.9523],[-75.66074,-10.95195],[-75.66144,-10.95142],[-75.66393,-10.9503],[-75.66622,-10.94942],[-75.66772,-10.94925],[-75.67055,-10.9512],[-75.67111,-10.95122],[-75.67283,-10.95099],[-75.67346,-10.95066],[-75.67443,-10.95067],[-75.67464,-10.95082],[-75.67507,-10.95192],[-75.67548,-10.95287],[-75.67619,-10.95335],[-75.67746,-10.95392],[-75.67762,-10.95695],[-75.6776,-10.95848],[-75.67767,-10.95874],[-75.67834,-10.95952],[-75.68112,-10.96229],[-75.68138,-10.9629],[-75.68148,-10.96391],[-75.68239,-10.9648],[-75.68503,-10.96389],[-75.6854,-10.96394],[-75.68596,-10.96461],[-75.68661,-10.96628],[-75.68683,-10.96642],[-75.69048,-10.96656],[-75.69192,-10.96717],[-75.69348,-10.96838],[-75.69736,-10.96878],[-75.70156,-10.97387],[-75.70185,-10.97433],[-75.70455,-10.97706],[-75.70561,-10.97907],[-75.7085,-10.98031],[-75.7091,-10.98053],[-75.71161,-10.98095],[-75.71205,-10.98102],[-75.7144,-10.98129],[-75.71494,-10.98178],[-75.7157,-10.98333],[-75.71594,-10.98361],[-75.71786,-10.98452],[-75.71838,-10.98498],[-75.71867,-10.9853],[-75.71922,-10.9866],[-75.72066,-10.98929],[-75.72097,-10.9897],[-75.72144,-10.99007],[-75.72192,-10.99021],[-75.7235,-10.99004],[-75.72445,-10.99002],[-75.72568,-10.99085],[-75.72584,-10.99113],[-75.72531,-10.99239],[-75.72526,-10.9935],[-75.72544,-10.99396],[-75.72642,-10.99527],[-75.72712,-10.99815],[-75.72729,-10.99873],[-75.72827,-10.99967],[-75.72908,-11.0],[-75.73222,-11.00149],[-75.73289,-11.00162],[-75.73342,-11.00162],[-75.73423,-11.00163],[-75.7361,-11.0013],[-75.73953,-11.00093],[-75.73963,-11.00074],[-75.75013,-11.00526],[-75.75081,-11.00563],[-75.75489,-11.00872],[-75.75548,-11.00974],[-75.7583,-11.0105],[-75.75969,-11.01024],[-75.76673,-11.00566],[-75.76674,-11.00566],[-75.76808,-11.00483],[-75.77136,-11.00179],[-75.77403,-10.99975],[-75.77464,-10.99926],[-75.77639,-10.99854],[-75.77944,-10.9975],[-75.78406,-10.99749],[-75.78431,-10.99774],[-75.78448,-11.00014],[-75.78645,-11.00488],[-75.78728,-11.00545],[-75.78876,-11.00596],[-75.78943,-11.00608],[-75.79091,-11.00648],[-75.79165,-11.00699],[-75.79267,-11.00754],[-75.79396,-11.00808],[-75.79513,-11.00858],[-75.79685,-11.01054],[-75.79754,-11.01117],[-75.79947,-11.01184],[-75.80056,-11.01243],[-75.80182,-11.01358],[-75.80231,-11.01443],[-75.80264,-11.01553],[-75.80333,-11.02081],[-75.80492,-11.02356],[-75.80573,-11.02518],[-75.80738,-11.02784],[-75.80828,-11.02871],[-75.81143,-11.0312],[-75.81577,-11.03368],[-75.81695,-11.03426],[-75.81728,-11.03484],[-75.81573,-11.03732],[-75.81421,-11.04021],[-75.81329,-11.0414],[-75.81274,-11.04345],[-75.81279,-11.04397],[-75.81285,-11.04473],[-75.81305,-11.04884],[-75.81801,-11.05146],[-75.81955,-11.05121],[-75.82158,-11.04986],[-75.82566,-11.05039],[-75.8318,-11.05093],[-75.83534,-11.06465],[-75.83618,-11.06702],[-75.83651,-11.06856],[-75.83692,-11.06909],[-75.8381,-11.06966],[-75.83834,-11.0704],[-75.83826,-11.07106],[-75.83785,-11.0741],[-75.83763,-11.07484],[-75.83702,-11.07882],[-75.83774,-11.08092],[-75.83846,-11.08172],[-75.8386,-11.08329],[-75.83829,-11.08553],[-75.83246,-11.09462],[-75.83282,-11.0957],[-75.83321,-11.09651],[-75.83422,-11.09855],[-75.83734,-11.10388],[-75.83736,-11.10406],[-75.83692,-11.1054],[-75.83696,-11.10989],[-75.83796,-11.11728],[-75.83894,-11.11941],[-75.84055,-11.11989],[-75.84073,-11.11983],[-75.84388,-11.1203],[-75.84644,-11.12023],[-75.84764,-11.12018],[-75.85166,-11.11973],[-75.85204,-11.12302],[-75.8519,-11.12425],[-75.85302,-11.12928],[-75.85506,-11.13256],[-75.85531,-11.13507],[-75.85715,-11.14007],[-75.86118,-11.14477],[-75.86156,-11.14485],[-75.87282,-11.14108],[-75.87363,-11.14088],[-75.8754,-11.14043],[-75.87766,-11.14033],[-75.88109,-11.14145],[-75.88269,-11.14228],[-75.88667,-11.14773],[-75.8879,-11.15307],[-75.89575,-11.16522],[-75.89695,-11.16603],[-75.89703,-11.17262],[-75.90343,-11.1749],[-75.90464,-11.17601],[-75.90459,-11.17697],[-75.90032,-11.19509],[-75.90516,-11.20145],[-75.90655,-11.20148],[-75.90979,-11.2032],[-75.91029,-11.20356],[-75.91211,-11.20596],[-75.91337,-11.20773],[-75.91383,-11.20869],[-75.9151,-11.21069],[-75.91503,-11.2119],[-75.91646,-11.2145],[-75.91949,-11.2176],[-75.92144,-11.21936],[-75.93002,-11.21853],[-75.9301,-11.21843],[-75.93082,-11.21787],[-75.9323,-11.21739],[-75.93794,-11.21753],[-75.94007,-11.21735],[-75.94617,-11.21809],[-75.95018,-11.21791],[-75.95205,-11.21827],[-75.95436,-11.21802],[-75.96012,-11.21744],[-75.96049,-11.21739],[-75.97193,-11.21417],[-75.92467,-11.28082],[-75.91383,-11.2987],[-75.91065,-11.30586],[-75.90605,-11.31027],[-75.90315,-11.31235],[-75.89874,-11.31567],[-75.89432,-11.32326],[-75.89015,-11.33316],[-75.9001,-11.33689],[-75.90523,-11.33552],[-75.90844,-11.33357],[-75.90908,-11.33314],[-75.91093,-11.33234],[-75.91653,-11.33207],[-75.91737,-11.33213],[-75.92316,-11.32953],[-75.9347,-11.33201],[-75.9401,-11.33444],[-75.94419,-11.33531],[-75.94758,-11.33473],[-75.95791,-11.33241],[-75.96083,-11.33347],[-75.96225,-11.33584],[-75.96503,-11.34043],[-75.97058,-11.34597],[-75.96938,-11.348],[-75.96911,-11.35081],[-75.97221,-11.35351],[-75.97358,-11.35353],[-75.97515,-11.35338],[-75.97634,-11.35346],[-75.97773,-11.35466],[-75.97855,-11.35631],[-75.97896,-11.35782],[-75.97973,-11.35769],[-75.98112,-11.35828],[-75.98389,-11.35838],[-75.98504,-11.35815],[-75.98907,-11.35957],[-75.98993,-11.36058],[-75.99178,-11.3624],[-75.99817,-11.36422],[-76.00005,-11.36474],[-76.00123,-11.3649],[-76.00446,-11.3646],[-76.00654,-11.36546],[-76.00831,-11.36778],[-76.00925,-11.36968],[-76.01106,-11.3733],[-76.01331,-11.37567],[-76.01469,-11.37548],[-76.02093,-11.37372],[-76.02314,-11.37751],[-76.02656,-11.37994],[-76.03123,-11.37442],[-76.04202,-11.37211],[-76.04258,-11.3718],[-76.04518,-11.37155],[-76.04696,-11.3718],[-76.04781,-11.37453],[-76.049,-11.3768],[-76.05133,-11.37754],[-76.05915,-11.38246],[-76.06079,-11.38379],[-76.06221,-11.38463],[-76.06272,-11.38456],[-76.0651,-11.38296],[-76.06712,-11.38341],[-76.06932,-11.38584],[-76.07076,-11.38742],[-76.07174,-11.38743],[-76.07564,-11.38536],[-76.07657,-11.3851],[-76.07892,-11.38574],[-76.08141,-11.38773],[-76.08565,-11.38167],[-76.09487,-11.37227],[-76.09515,-11.37157],[-76.09547,-11.3702],[-76.09559,-11.36953],[-76.09562,-11.36756],[-76.09587,-11.3652],[-76.09592,-11.36363],[-76.09619,-11.36274],[-76.09689,-11.36091],[-76.09977,-11.35826],[-76.10102,-11.35645],[-76.10359,-11.35402],[-76.10464,-11.35362],[-76.10557,-11.35258],[-76.10575,-11.35169],[-76.10586,-11.35122],[-76.10645,-11.3446],[-76.10661,-11.34195],[-76.10805,-11.33726],[-76.10859,-11.33487],[-76.10918,-11.33422],[-76.1105,-11.333],[-76.11205,-11.33177],[-76.11412,-11.33097],[-76.11503,-11.33075],[-76.11683,-11.3305],[-76.11793,-11.32982],[-76.11968,-11.32839],[-76.12025,-11.32801],[-76.12093,-11.32747],[-76.1214,-11.32635],[-76.12245,-11.32485],[-76.12421,-11.32581],[-76.12514,-11.32451],[-76.12656,-11.32345],[-76.1274,-11.32276],[-76.12832,-11.32156],[-76.12993,-11.3189],[-76.13197,-11.31787],[-76.13286,-11.31727],[-76.13394,-11.31605],[-76.13607,-11.31537],[-76.13702,-11.31439],[-76.13576,-11.31323],[-76.13489,-11.3127],[-76.13435,-11.31191],[-76.13405,-11.31008],[-76.13451,-11.30875],[-76.13525,-11.30766],[-76.13805,-11.30638],[-76.13877,-11.30509],[-76.14003,-11.29664],[-76.14673,-11.28887],[-76.14745,-11.2885],[-76.15025,-11.28783],[-76.15091,-11.28762],[-76.15342,-11.28633],[-76.15393,-11.2856],[-76.15437,-11.28452],[-76.15502,-11.2827],[-76.15627,-11.28087],[-76.15649,-11.2787],[-76.15996,-11.27561],[-76.16225,-11.27342],[-76.16308,-11.27263],[-76.16496,-11.27079],[-76.16613,-11.26578],[-76.16699,-11.26467],[-76.16756,-11.26333],[-76.16761,-11.26246],[-76.16758,-11.25799],[-76.16841,-11.25668],[-76.17058,-11.25589],[-76.17159,-11.25526],[-76.17252,-11.25127],[-76.17317,-11.24963],[-76.17729,-11.24298],[-76.17735,-11.24185],[-76.17693,-11.23975],[-76.17752,-11.23592],[-76.17701,-11.23367],[-76.17677,-11.23321],[-76.17403,-11.23098],[-76.17344,-11.23075],[-76.17345,-11.22953],[-76.17398,-11.22835],[-76.17396,-11.22738],[-76.17329,-11.22643],[-76.17281,-11.22605],[-76.17091,-11.22526],[-76.16758,-11.22456],[-76.16757,-11.22133],[-76.16805,-11.22047],[-76.16938,-11.2198],[-76.17136,-11.21958],[-76.17196,-11.21957],[-76.17341,-11.21939],[-76.17488,-11.21915],[-76.17609,-11.21899],[-76.17816,-11.21901],[-76.18293,-11.21745],[-76.18366,-11.21646],[-76.18431,-11.21469],[-76.18418,-11.21279],[-76.18453,-11.2119],[-76.18726,-11.20777],[-76.18824,-11.20696],[-76.18854,-11.20652],[-76.18837,-11.20501],[-76.18777,-11.2036],[-76.18828,-11.2016],[-76.18936,-11.20078],[-76.19305,-11.2005],[-76.19137,-11.199],[-76.18968,-11.19807],[-76.18869,-11.19699],[-76.18678,-11.19491],[-76.18708,-11.1935],[-76.1875,-11.19244],[-76.18762,-11.192],[-76.1879,-11.18997],[-76.1877,-11.18932],[-76.18679,-11.18801],[-76.18509,-11.18564],[-76.18311,-11.18271],[-76.18205,-11.1826],[-76.18145,-11.18172],[-76.18272,-11.18003],[-76.18302,-11.17998],[-76.18462,-11.18118],[-76.18487,-11.18165],[-76.18551,-11.18261],[-76.18655,-11.18358],[-76.18733,-11.18368],[-76.189,-11.18266],[-76.19,-11.18196],[-76.19107,-11.18163],[-76.19362,-11.18165],[-76.19526,-11.18148],[-76.19713,-11.18009],[-76.19781,-11.17935],[-76.19752,-11.17647],[-76.19746,-11.17512],[-76.19742,-11.17323],[-76.19786,-11.17183],[-76.19808,-11.17161],[-76.20014,-11.1716],[-76.20211,-11.17176],[-76.20302,-11.17186],[-76.20341,-11.172],[-76.20466,-11.17259],[-76.20588,-11.17221],[-76.20723,-11.1711],[-76.20829,-11.17005],[-76.20902,-11.16779],[-76.20832,-11.16682],[-76.20838,-11.16598],[-76.2038,-11.15613],[-76.2021,-11.15526],[-76.20141,-11.1541],[-76.20222,-11.14997],[-76.20302,-11.14923],[-76.20675,-11.15034],[-76.21267,-11.1524],[-76.21479,-11.15003],[-76.21564,-11.148],[-76.21819,-11.1441],[-76.2187,-11.14309],[-76.2187,-11.13971],[-76.22002,-11.13805],[-76.22399,-11.1362],[-76.2248,-11.13459],[-76.22525,-11.13314],[-76.22476,-11.13156],[-76.22799,-11.12878],[-76.23081,-11.12419],[-76.23212,-11.12248],[-76.23259,-11.12186],[-76.23498,-11.12038],[-76.23619,-11.11856],[-76.23785,-11.11602],[-76.24309,-11.11531],[-76.24548,-11.11331],[-76.24596,-11.11196],[-76.24617,-11.11121],[-76.24955,-11.10693],[-76.24974,-11.10629],[-76.25025,-11.10456],[-76.25031,-11.10321],[-76.25072,-11.10107],[-76.2509,-11.09778],[-76.25124,-11.09631],[-76.25118,-11.09496],[-76.25096,-11.09415],[-76.25019,-11.08913],[-76.24794,-11.08518],[-76.24822,-11.08436],[-76.2485,-11.08351],[-76.24849,-11.08279],[-76.24704,-11.08171],[-76.24574,-11.08068],[-76.24545,-11.08018],[-76.24517,-11.07906],[-76.24435,-11.07717],[-76.24406,-11.0755],[-76.24417,-11.07393],[-76.24417,-11.07323],[-76.24394,-11.07254],[-76.24395,-11.07227],[-76.24517,-11.07054],[-76.24344,-11.06813],[-76.24332,-11.06693],[-76.24112,-11.06037],[-76.2418,-11.05733],[-76.24061,-11.05526],[-76.23964,-11.05429],[-76.23966,-11.05417],[-76.24072,-11.05328],[-76.24177,-11.05206],[-76.24101,-11.05149],[-76.2402,-11.05108],[-76.23965,-11.05021],[-76.23957,-11.0492],[-76.23997,-11.04788],[-76.24003,-11.04758],[-76.24023,-11.04674],[-76.24035,-11.04659],[-76.24074,-11.0464],[-76.24145,-11.04644],[-76.24209,-11.04683],[-76.24264,-11.04703],[-76.24406,-11.04678],[-76.24534,-11.04541],[-76.24347,-11.04373],[-76.2432,-11.04341],[-76.24322,-11.04154],[-76.24369,-11.04122],[-76.2447,-11.04119],[-76.24663,-11.04078],[-76.24884,-11.04034],[-76.25032,-11.04038],[-76.25115,-11.03942],[-76.2517,-11.03675],[-76.252,-11.03623],[-76.25188,-11.03387],[-76.25155,-11.03344],[-76.25099,-11.03233],[-76.2523,-11.03193],[-76.2527,-11.03198],[-76.25343,-11.03191],[-76.25548,-11.03122],[-76.2567,-11.03064],[-76.25717,-11.02972],[-76.25787,-11.02867],[-76.25849,-11.0282],[-76.25902,-11.02783],[-76.25957,-11.02592],[-76.25914,-11.02528],[-76.25801,-11.02538],[-76.25749,-11.02503],[-76.25409,-11.02349],[-76.25344,-11.02288],[-76.25366,-11.02189],[-76.2546,-11.02046],[-76.25683,-11.01776],[-76.25932,-11.0159],[-76.25995,-11.01501],[-76.25941,-11.01285],[-76.25887,-11.01278],[-76.25631,-11.01141],[-76.25628,-11.01055],[-76.25644,-11.00954],[-76.25735,-11.00873],[-76.25899,-11.00712],[-76.25917,-11.00476],[-76.25672,-11.00391],[-76.25582,-11.00299],[-76.25567,-11.0024],[-76.2566,-11.00095],[-76.25717,-11.00023],[-76.25732,-10.99995],[-76.25867,-10.9994],[-76.25992,-10.99982],[-76.26173,-11.00029],[-76.26389,-10.99807],[-76.26281,-10.99637],[-76.26275,-10.9952],[-76.26404,-10.99447],[-76.26454,-10.99425],[-76.26647,-10.9909],[-76.2656,-10.98845],[-76.26576,-10.9874],[-76.26628,-10.98599],[-76.26655,-10.98543],[-76.26686,-10.98321],[-76.26639,-10.98183],[-76.26582,-10.98071],[-76.26616,-10.97984],[-76.26671,-10.97963],[-76.26751,-10.97962],[-76.26797,-10.9797],[-76.26941,-10.97946],[-76.26834,-10.97744],[-76.26873,-10.97614],[-76.26928,-10.97573],[-76.27017,-10.97531],[-76.27089,-10.97476],[-76.27185,-10.97358],[-76.27261,-10.97208],[-76.27295,-10.97102],[-76.27144,-10.96812],[-76.27174,-10.96616],[-76.26964,-10.96715],[-76.26795,-10.96679],[-76.26746,-10.96525],[-76.26784,-10.96431],[-76.26845,-10.96447],[-76.26872,-10.96448],[-76.2695,-10.96416],[-76.26986,-10.96356],[-76.27002,-10.96262],[-76.26903,-10.96134],[-76.26794,-10.9612],[-76.26545,-10.96013],[-76.26563,-10.95857],[-76.26579,-10.95826],[-76.26723,-10.95728],[-76.26875,-10.95557],[-76.26949,-10.95517],[-76.27121,-10.95628],[-76.27261,-10.95667],[-76.27147,-10.95324],[-76.27198,-10.95125],[-76.27297,-10.95034],[-76.27391,-10.95045],[-76.27645,-10.95094],[-76.27721,-10.94734],[-76.2775,-10.94581],[-76.27789,-10.94449],[-76.27824,-10.94334],[-76.2777,-10.93786],[-76.27692,-10.93519],[-76.27627,-10.93326],[-76.27697,-10.93094],[-76.27818,-10.92908],[-76.27873,-10.92712],[-76.27882,-10.92542],[-76.27883,-10.92373],[-76.25985,-10.92143],[-76.24802,-10.93318],[-76.24817,-10.93864],[-76.23683,-10.95785],[-76.17633,-11.04421],[-76.11439,-11.1095],[-76.02966,-11.0872],[-76.01191,-11.04602],[-76.07102,-10.97603],[-76.12224,-10.96115],[-76.12127,-10.96063],[-76.12049,-10.95897],[-76.11671,-10.95162],[-76.11568,-10.95012],[-76.11287,-10.94834],[-76.11135,-10.94782],[-76.11103,-10.94765],[-76.10999,-10.94396],[-76.10985,-10.94277],[-76.10941,-10.94135],[-76.10924,-10.94017],[-76.10915,-10.93894],[-76.10647,-10.93649],[-76.1045,-10.93492],[-76.10386,-10.93374],[-76.10371,-10.93311],[-76.10153,-10.93198],[-76.09896,-10.93031],[-76.09904,-10.92886],[-76.09878,-10.92519],[-76.09856,-10.92322],[-76.09803,-10.92277],[-76.09684,-10.92295],[-76.09596,-10.92126],[-76.09567,-10.92032],[-76.09449,-10.91888],[-76.09423,-10.91839],[-76.09411,-10.91718],[-76.09367,-10.91579],[-76.09284,-10.91474],[-76.09203,-10.9135],[-76.09228,-10.91127],[-76.09244,-10.91037],[-76.09197,-10.9086],[-76.09177,-10.90825],[-76.09164,-10.9069],[-76.09134,-10.90656],[-76.09018,-10.90665],[-76.08986,-10.90645],[-76.08826,-10.90481],[-76.08794,-10.90437],[-76.08739,-10.90281],[-76.08709,-10.90215],[-76.08586,-10.90024],[-76.08577,-10.90013],[-76.08539,-10.89933],[-76.08364,-10.89843],[-76.0832,-10.89798],[-76.0831,-10.89749],[-76.08222,-10.89745],[-76.08257,-10.89657],[-76.08241,-10.89575],[-76.08214,-10.89514],[-76.08141,-10.8947],[-76.07795,-10.89335],[-76.07729,-10.89341],[-76.07551,-10.8926],[-76.07426,-10.89206],[-76.07333,-10.89177],[-76.07279,-10.89112],[-76.07151,-10.89008],[-76.06975,-10.88847],[-76.06882,-10.88706],[-76.06689,-10.88646],[-76.06592,-10.88602],[-76.06431,-10.88558],[-76.06364,-10.88537],[-76.06275,-10.88509],[-76.06236,-10.88464],[-76.06212,-10.88437],[-76.05812,-10.8834],[-76.05684,-10.88332],[-76.05079,-10.88349],[-76.04903,-10.88263],[-76.04448,-10.87952],[-76.04432,-10.87889],[-76.04301,-10.87439],[-76.04176,-10.8726],[-76.0414,-10.87203],[-76.03835,-10.86889],[-76.03663,-10.86671],[-76.02986,-10.85864],[-76.02744,-10.85708],[-76.02439,-10.85477],[-76.02319,-10.85347],[-76.01503,-10.84268],[-76.00985,-10.83908],[-76.00848,-10.83673],[-76.00894,-10.8336],[-76.00666,-10.82871],[-76.004,-10.82736],[-76.00331,-10.82719],[-76.00138,-10.8265],[-75.9991,-10.82574],[-75.99856,-10.82514],[-75.99726,-10.8232],[-75.9965,-10.82169],[-75.99571,-10.82124],[-75.99329,-10.82084],[-75.99267,-10.82098],[-75.99151,-10.82222],[-75.99032,-10.82348],[-75.98488,-10.82794],[-75.98144,-10.83056],[-75.97888,-10.83215],[-75.97646,-10.83493],[-75.97532,-10.83621],[-75.97366,-10.83852],[-75.97316,-10.83938],[-75.97256,-10.84074],[-75.97111,-10.84258],[-75.96108,-10.84479],[-75.96066,-10.84529],[-75.95949,-10.84658],[-75.95873,-10.84776],[-75.95832,-10.84906],[-75.95819,-10.85019],[-75.95823,-10.85285],[-75.95807,-10.85385],[-75.95743,-10.85469],[-75.95573,-10.85878],[-75.95477,-10.85955],[-75.95367,-10.86025],[-75.95251,-10.86144],[-75.95175,-10.86286],[-75.95156,-10.86321],[-75.94941,-10.8647],[-75.94034,-10.86998],[-75.93718,-10.87266],[-75.93741,-10.87544],[-75.93848,-10.87889],[-75.93851,-10.8814],[-75.93834,-10.88248],[-75.93714,-10.88659],[-75.92877,-10.88295],[-75.92275,-10.88315],[-75.91961,-10.88099],[-75.91915,-10.88007],[-75.91776,-10.87529],[-75.91638,-10.8739],[-75.9134,-10.8722],[-75.91316,-10.872],[-75.9113,-10.87221],[-75.91044,-10.87205],[-75.90804,-10.87145],[-75.90714,-10.87128],[-75.90622,-10.87101],[-75.90402,-10.87024],[-75.90225,-10.86987],[-75.90028,-10.86977],[-75.89968,-10.86963],[-75.89602,-10.86894],[-75.89532,-10.86915],[-75.89281,-10.87025],[-75.89064,-10.86977],[-75.88964,-10.86915],[-75.88287,-10.8699],[-75.88133,-10.86966],[-75.88032,-10.86904],[-75.87405,-10.86768],[-75.8728,-10.86825],[-75.8708,-10.86995],[-75.87039,-10.87132],[-75.87032,-10.87282],[-75.8698,-10.87454],[-75.8696,-10.87488],[-75.86862,-10.87493],[-75.86785,-10.87527],[-75.86765,-10.87536],[-75.86642,-10.876],[-75.86478,-10.87659],[-75.86403,-10.87561],[-75.86391,-10.87531],[-75.86295,-10.8726],[-75.86226,-10.87208],[-75.86176,-10.8716],[-75.86181,-10.87088],[-75.86115,-10.86794],[-75.85826,-10.86786],[-75.85563,-10.87032],[-75.85506,-10.87087],[-75.85397,-10.8719],[-75.85199,-10.87301],[-75.85139,-10.87349],[-75.85044,-10.87592],[-75.85026,-10.87703],[-75.84979,-10.88043],[-75.84932,-10.88088],[-75.84671,-10.88118],[-75.84568,-10.88144],[-75.83964,-10.88563],[-75.83697,-10.88604],[-75.83283,-10.88022],[-75.83223,-10.8793],[-75.8291,-10.87562],[-75.82856,-10.8754],[-75.82733,-10.87519],[-75.81743,-10.87332],[-75.81524,-10.87189],[-75.81506,-10.87132],[-75.81453,-10.86999],[-75.81508,-10.8663],[-75.81796,-10.86237],[-75.81817,-10.86142],[-75.81729,-10.85091],[-75.81623,-10.84848],[-75.81234,-10.84458],[-75.80931,-10.84208],[-75.80527,-10.83799],[-75.80255,-10.83601],[-75.80046,-10.83465],[-75.7979,-10.83265],[-75.79209,-10.82802],[-75.79093,-10.82744],[-75.78989,-10.82662],[-75.78914,-10.82527],[-75.78662,-10.82481],[-75.78599,-10.82456],[-75.78549,-10.82464],[-75.7846,-10.82495],[-75.78257,-10.82532],[-75.78064,-10.82533],[-75.78021,-10.82531],[-75.77881,-10.82551],[-75.77783,-10.82586],[-75.776,-10.82569],[-75.77369,-10.82595],[-75.77269,-10.82593],[-75.77156,-10.82642],[-75.77007,-10.82645],[-75.76879,-10.82717],[-75.7685,-10.82733],[-75.76736,-10.82757],[-75.76572,-10.82786],[-75.76529,-10.82802],[-75.76294,-10.82999],[-75.76212,-10.83036],[-75.76137,-10.8301],[-75.76058,-10.82983],[-75.75971,-10.83019],[-75.75965,-10.83016],[-75.75773,-10.82972],[-75.75513,-10.8286],[-75.75346,-10.82742],[-75.75246,-10.82685],[-75.75068,-10.82539],[-75.75022,-10.82528],[-75.74762,-10.82421],[-75.74702,-10.82371],[-75.74311,-10.82254],[-75.74203,-10.82115],[-75.73778,-10.81613],[-75.73719,-10.81563],[-75.7354,-10.81461],[-75.73433,-10.81258],[-75.73356,-10.81102],[-75.73354,-10.81014],[-75.73321,-10.80941],[-75.73237,-10.80919],[-75.72864,-10.80937],[-75.72747,-10.80914],[-75.72543,-10.80872],[-75.72393,-10.80849],[-75.72351,-10.80854],[-75.72224,-10.80878],[-75.72135,-10.80879],[-75.72016,-10.80901],[-75.71902,-10.80983],[-75.71873,-10.81012],[-75.71661,-10.8119],[-75.71411,-10.81365],[-75.71078,-10.81451],[-75.71018,-10.81453],[-75.70953,-10.81474],[-75.70905,-10.81546],[-75.7084,-10.81574],[-75.70639,-10.81538],[-75.70606,-10.81533],[-75.70476,-10.81554],[-75.70246,-10.81673],[-75.69675,-10.81694],[-75.69091,-10.81948],[-75.68996,-10.82303],[-75.69078,-10.83021],[-75.69329,-10.83297],[-75.69344,-10.8337],[-75.69217,-10.83613],[-75.69133,-10.83657],[-75.68416,-10.83811],[-75.68042,-10.83928],[-75.67766,-10.8392],[-75.67642,-10.83863],[-75.67546,-10.83786],[-75.67445,-10.83771],[-75.67411,-10.83765],[-75.67357,-10.83733],[-75.67257,-10.83657],[-75.67232,-10.83626],[-75.67231,-10.83622],[-75.67172,-10.83466],[-75.67113,-10.8328],[-75.66985,-10.83195],[-75.66916,-10.83148],[-75.66833,-10.83103],[-75.66798,-10.83089],[-75.66742,-10.83036],[-75.66697,-10.8296],[-75.6661,-10.82858],[-75.66553,-10.82853],[-75.66387,-10.82771],[-75.66168,-10.82735],[-75.66063,-10.82707],[-75.65929,-10.82685],[-75.6573,-10.82576],[-75.65502,-10.82531],[-75.6514,-10.82526],[-75.64148,-10.82662],[-75.64085,-10.82679],[-75.63664,-10.82705],[-75.6324,-10.82575],[-75.62851,-10.82484],[-75.6268,-10.82466],[-75.62328,-10.82408],[-75.62219,-10.82385],[-75.61923,-10.82358],[-75.61515,-10.82246],[-75.61001,-10.82356],[-75.60598,-10.82259],[-75.60523,-10.82084],[-75.60407,-10.81774],[-75.60375,-10.8169],[-75.59835,-10.81243],[-75.59714,-10.81172],[-75.59476,-10.81117],[-75.59314,-10.81102],[-75.59069,-10.81156],[-75.58999,-10.81127],[-75.58933,-10.80882],[-75.5874,-10.80432],[-75.58388,-10.8008],[-75.58184,-10.79278],[-75.58044,-10.7908],[-75.57958,-10.78843],[-75.57728,-10.78303],[-75.57656,-10.78018],[-75.57661,-10.77925],[-75.57684,-10.77795],[-75.57691,-10.77717],[-75.57619,-10.77635],[-75.57604,-10.77588],[-75.57636,-10.7736],[-75.57607,-10.77266],[-75.57547,-10.77207],[-75.57452,-10.77089],[-75.57425,-10.76982],[-75.57404,-10.76896],[-75.57387,-10.76788],[-75.57394,-10.7657],[-75.57418,-10.76307],[-75.57468,-10.76162],[-75.57571,-10.75931],[-75.57537,-10.7585],[-75.57549,-10.75362],[-75.57515,-10.75268],[-75.57452,-10.75011],[-75.5743,-10.7492],[-75.57382,-10.7468],[-75.5739,-10.74442],[-75.57315,-10.74297],[-75.57201,-10.74192],[-75.57164,-10.74094],[-75.57119,-10.73967],[-75.57051,-10.73795],[-75.56949,-10.73639],[-75.56877,-10.73398],[-75.56813,-10.73264],[-75.56826,-10.73171],[-75.56875,-10.73036],[-75.56832,-10.72846],[-75.56843,-10.72795],[-75.56835,-10.72744],[-75.56582,-10.72867],[-75.56469,-10.72909],[-75.56306,-10.7309],[-75.56245,-10.7323],[-75.56229,-10.73325],[-75.56081,-10.73651],[-75.56005,-10.74015],[-75.55905,-10.74162],[-75.55815,-10.742],[-75.55788,-10.74233],[-75.55744,-10.74357],[-75.55692,-10.74407],[-75.55678,-10.74412],[-75.55602,-10.74426],[-75.55502,-10.74457],[-75.55254,-10.7452],[-75.55118,-10.74551],[-75.54903,-10.74505],[-75.5484,-10.74455],[-75.54597,-10.74246],[-75.54415,-10.7412],[-75.54248,-10.74097],[-75.54192,-10.74109],[-75.53876,-10.74229],[-75.53713,-10.74206],[-75.53661,-10.74211],[-75.5363,-10.74222],[-75.53554,-10.74274],[-75.53322,-10.74353],[-75.53142,-10.74329],[-75.53125,-10.74347],[-75.53084,-10.74529],[-75.53073,-10.74601],[-75.53062,-10.74697],[-75.52955,-10.74861],[-75.52872,-10.74895],[-75.52726,-10.7495],[-75.52371,-10.75289],[-75.52308,-10.75367],[-75.52196,-10.75395],[-75.52094,-10.75431],[-75.5172,-10.75396],[-75.51569,-10.75503],[-75.51447,-10.75637],[-75.51372,-10.75643],[-75.51349,-10.75637],[-75.51311,-10.7561],[-75.51284,-10.75585],[-75.51048,-10.75452],[-75.51002,-10.75425],[-75.50936,-10.75392],[-75.50924,-10.75392],[-75.50799,-10.75462],[-75.50525,-10.75678],[-75.50279,-10.75805],[-75.50254,-10.75799],[-75.50062,-10.75806],[-75.5,-10.75838],[-75.49665,-10.75699],[-75.4963,-10.75598],[-75.49478,-10.75516],[-75.49454,-10.75523],[-75.49025,-10.75683],[-75.48923,-10.76035],[-75.48849,-10.76139],[-75.48485,-10.76499],[-75.48412,-10.76499],[-75.48232,-10.77471],[-75.48214,-10.77639],[-75.47789,-10.78096],[-75.4742,-10.78014],[-75.47184,-10.77881],[-75.47132,-10.7782],[-75.47012,-10.77685],[-75.46232,-10.7767],[-75.46107,-10.77765],[-75.45985,-10.77896],[-75.45949,-10.78032],[-75.45928,-10.78211],[-75.4592,-10.78427],[-75.45936,-10.78541],[-75.46009,-10.7865],[-75.46149,-10.78758],[-75.46176,-10.78865],[-75.4642,-10.79137],[-75.46997,-10.79749],[-75.47059,-10.79912],[-75.46989,-10.80126],[-75.46949,-10.80194],[-75.46806,-10.80755],[-75.46897,-10.808],[-75.47096,-10.80899],[-75.47422,-10.80976],[-75.47902,-10.81571],[-75.47974,-10.81793],[-75.47742,-10.8227],[-75.47678,-10.82396],[-75.47457,-10.82902],[-75.4753,-10.83323],[-75.47541,-10.83465],[-75.47551,-10.8399],[-75.47515,-10.84299],[-75.47666,-10.84422],[-75.47819,-10.84547],[-75.47976,-10.84751],[-75.48041,-10.84872],[-75.48031,-10.85304],[-75.47801,-10.85958],[-75.47793,-10.86139],[-75.47827,-10.86371],[-75.47791,-10.86497],[-75.47551,-10.86768],[-75.47412,-10.87009],[-75.47278,-10.87444],[-75.47264,-10.87596],[-75.47283,-10.87887],[-75.47285,-10.88137],[-75.47233,-10.88282],[-75.46957,-10.88509],[-75.46861,-10.88594],[-75.46712,-10.88816],[-75.46717,-10.89037],[-75.46743,-10.89098],[-75.46766,-10.89218],[-75.46734,-10.89595],[-75.46609,-10.89964],[-75.46591,-10.9057]]]}},{"type":"Feature","properties":{"COUNT":10,"FIRST_IDPR":"0809","NOMBPROV":"LA CONVENCION","FIRST_NOMB":"CUSCO","LAST_DCTO":"LEY","LAST_LEY":"S/N","FIRST_FECH":"17/03/1961","LAST_FECHA":"02/01/1857","MIN_SHAPE_":3188238.47347,"ha":3188238.47},"geometry":{"type":"Polygon","coordinates":[[[-73.83078,-12.53051],[-73.88679,-12.4054],[-73.96586,-12.33645],[-73.98045,-12.24259],[-73.92384,-12.22475],[-73.84325,-12.23943],[-73.80189,-12.2203],[-73.73694,-12.26679],[-73.70781,-12.26791],[-73.63715,-12.37837],[-73.59047,-12.37694],[-73.57433,-12.27684],[-73.46965,-12.21997],[-73.44606,-12.16029],[-73.36189,-12.13596],[-73.40769,-12.06599],[-73.39788,-12.02094],[-73.43769,-11.98963],[-73.44113,-11.9442],[-73.49053,-11.87817],[-73.57751,-11.83648],[-73.57448,-11.73415],[-73.60827,-11.66016],[-73.55965,-11.59205],[-73.44973,-11.53194],[-73.47972,-11.47136],[-73.41975,-11.38394],[-73.33133,-11.31126],[-73.25745,-11.31271],[-73.2033,-11.28999],[-73.13737,-11.29377],[-73.02651,-11.26408],[-72.98966,-11.1988],[-72.96858,-11.26412],[-72.93913,-11.28208],[-72.95191,-11.33063],[-72.89702,-11.35793],[-72.79429,-11.38429],[-72.73824,-11.34743],[-72.70656,-11.38151],[-72.63212,-11.4064],[-72.60999,-11.42824],[-72.53509,-11.43508],[-72.47987,-11.38742],[-72.42513,-11.36849],[-72.37883,-11.33264],[-72.30771,-11.307],[-72.23926,-11.34506],[-72.24789,-11.38501],[-72.29255,-11.43327],[-72.31551,-11.59558],[-72.35094,-11.6218],[-72.42874,-11.70897],[-72.42506,-11.73317],[-72.37077,-11.78497],[-72.3913,-11.82635],[-72.33215,-11.85553],[-72.34751,-11.89127],[-72.33747,-11.96808],[-72.28455,-11.97643],[-72.2593,-12.0063],[-72.26893,-12.05438],[-72.17373,-12.05981],[-72.09445,-12.08519],[-72.08756,-12.14269],[-72.10551,-12.23806],[-72.03384,-12.26504],[-71.97303,-12.32054],[-71.97601,-12.39878],[-72.06149,-12.44045],[-72.07113,-12.51148],[-72.12451,-12.5485],[-72.13538,-12.61697],[-72.18577,-12.65714],[-72.22658,-12.66484],[-72.31642,-12.64894],[-72.36289,-12.71856],[-72.36226,-12.82441],[-72.31194,-12.92365],[-72.22619,-12.95312],[-72.21589,-12.99133],[-72.16932,-13.02424],[-72.19063,-13.09615],[-72.23167,-13.12629],[-72.2813,-13.1077],[-72.32798,-13.16433],[-72.38955,-13.17413],[-72.43639,-13.15162],[-72.49029,-13.09973],[-72.54206,-13.08235],[-72.59977,-13.10724],[-72.55442,-13.23008],[-72.54668,-13.33261],[-72.6164,-13.38209],[-72.72208,-13.40472],[-72.77286,-13.44888],[-72.79341,-13.42612],[-72.88631,-13.41587],[-72.89409,-13.39013],[-72.97146,-13.39023],[-73.01513,-13.42667],[-73.10338,-13.44859],[-73.16016,-13.44334],[-73.21193,-13.4191],[-73.28735,-13.37194],[-73.34836,-13.29824],[-73.42191,-13.13239],[-73.44884,-13.10787],[-73.47797,-13.03226],[-73.52166,-12.99069],[-73.52368,-12.89948],[-73.59081,-12.84429],[-73.62567,-12.76499],[-73.72537,-12.64069],[-73.74829,-12.65766],[-73.80117,-12.61302],[-73.83078,-12.53051]]]}},{"type":"Feature","properties":{"COUNT":8,"FIRST_IDPR":"0505","NOMBPROV":"LA MAR","FIRST_NOMB":"AYACUCHO","LAST_DCTO":"LEY","LAST_LEY":"10175","FIRST_FECH":"EPOCA INDEP.","LAST_FECHA":"17/01/1945","MIN_SHAPE_":430659.408242,"ha":430659.41},"geometry":{"type":"Polygon","coordinates":[[[-73.83803,-13.38443],[-73.86985,-13.34954],[-73.92554,-13.32408],[-73.94594,-13.2291],[-73.97031,-13.17341],[-74.05813,-13.0627],[-74.07743,-12.98475],[-74.10399,-12.98206],[-74.14424,-12.87775],[-73.99568,-12.83829],[-73.98809,-12.74987],[-73.88811,-12.71105],[-73.8538,-12.64547],[-73.83078,-12.53051],[-73.80117,-12.61302],[-73.74829,-12.65766],[-73.72537,-12.64069],[-73.62567,-12.76499],[-73.59081,-12.84429],[-73.52368,-12.89948],[-73.52166,-12.99069],[-73.47797,-13.03226],[-73.44884,-13.10787],[-73.42191,-13.13239],[-73.34836,-13.29824],[-73.28735,-13.37194],[-73.21193,-13.4191],[-73.2339,-13.47659],[-73.34716,-13.43483],[-73.40332,-13.44475],[-73.44539,-13.43036],[-73.48091,-13.43137],[-73.57176,-13.34183],[-73.64195,-13.29948],[-73.72622,-13.26866],[-73.75644,-13.17071],[-73.79703,-13.19994],[-73.82282,-13.28505],[-73.83803,-13.38443]]]}},{"type":"Feature","properties":{"COUNT":11,"FIRST_IDPR":"0408","NOMBPROV":"LA UNION","FIRST_NOMB":"AREQUIPA","LAST_DCTO":"-","LAST_LEY":"-","FIRST_FECH":"19/11/1954","LAST_FECHA":"EPOCA INDEP.","MIN_SHAPE_":489566.27444,"ha":489566.27},"geometry":{"type":"Polygon","coordinates":[[[-73.20541,-15.5106],[-73.2748,-15.39295],[-73.29062,-15.37132],[-73.28492,-15.29494],[-73.24593,-15.28609],[-73.17455,-15.30661],[-73.11684,-15.22285],[-73.11075,-15.18611],[-73.04756,-15.13435],[-73.00424,-15.06413],[-73.00535,-15.00932],[-72.98666,-14.9561],[-73.03146,-14.90005],[-73.01421,-14.85571],[-73.00379,-14.83249],[-73.00308,-14.81647],[-72.99888,-14.81279],[-72.99712,-14.81158],[-72.99483,-14.80617],[-72.99181,-14.80367],[-72.99059,-14.804],[-72.98563,-14.80485],[-72.97741,-14.80436],[-72.97675,-14.80329],[-72.97498,-14.80024],[-72.97088,-14.79683],[-72.96927,-14.79515],[-72.95567,-14.77929],[-72.95408,-14.77681],[-72.95338,-14.77642],[-72.95208,-14.77521],[-72.94085,-14.7648],[-72.93504,-14.76276],[-72.93283,-14.76111],[-72.92992,-14.75817],[-72.91871,-14.7595],[-72.91828,-14.76051],[-72.918,-14.76165],[-72.9085,-14.77022],[-72.89983,-14.77055],[-72.896,-14.77119],[-72.88927,-14.77141],[-72.88789,-14.77186],[-72.88709,-14.77196],[-72.88187,-14.7707],[-72.88102,-14.7695],[-72.8802,-14.76652],[-72.87991,-14.76617],[-72.87757,-14.7653],[-72.87665,-14.76545],[-72.87257,-14.76157],[-72.87241,-14.76147],[-72.86971,-14.76194],[-72.86814,-14.76274],[-72.86272,-14.76301],[-72.85892,-14.76382],[-72.85664,-14.76266],[-72.85471,-14.76296],[-72.85268,-14.76308],[-72.85184,-14.76271],[-72.85107,-14.76233],[-72.84682,-14.75982],[-72.82858,-14.70263],[-72.7897,-14.65021],[-72.72471,-14.6759],[-72.64482,-14.66728],[-72.57725,-14.68662],[-72.47177,-14.6614],[-72.48613,-14.71254],[-72.47095,-14.77477],[-72.40648,-14.82709],[-72.31544,-14.83386],[-72.30193,-14.8957],[-72.32307,-14.93092],[-72.39916,-14.95748],[-72.41032,-14.9933],[-72.52692,-15.05862],[-72.4875,-15.11114],[-72.50602,-15.17799],[-72.64056,-15.23596],[-72.73963,-15.25317],[-72.78847,-15.2742],[-72.8372,-15.31788],[-72.87067,-15.40422],[-72.93378,-15.39448],[-72.97208,-15.4061],[-72.9975,-15.50343],[-73.08298,-15.56149],[-73.11696,-15.572],[-73.20541,-15.5106]]]}},{"type":"Feature","properties":{"COUNT":11,"FIRST_IDPR":"2205","NOMBPROV":"LAMAS","FIRST_NOMB":"SAN MARTIN","LAST_DCTO":"LEY","LAST_LEY":"S/N","FIRST_FECH":"16/10/1933","LAST_FECHA":"25/11/1876","MIN_SHAPE_":467896.37639,"ha":467896.38},"geometry":{"type":"Polygon","coordinates":[[[-76.83514,-6.28515],[-76.81533,-6.24432],[-76.84035,-6.10499],[-76.88347,-6.08221],[-76.84564,-6.03036],[-76.78683,-6.02388],[-76.75443,-5.99839],[-76.71077,-6.01367],[-76.64001,-6.0026],[-76.54845,-6.02245],[-76.41227,-5.95066],[-76.37279,-5.97376],[-76.3183,-6.08609],[-76.27324,-6.10439],[-76.22363,-6.16603],[-76.12721,-6.17671],[-76.0321,-6.09966],[-75.96544,-6.0952],[-75.91589,-6.14116],[-75.93317,-6.21266],[-75.97853,-6.29411],[-75.9292,-6.35684],[-75.902,-6.45917],[-75.95406,-6.49047],[-76.00728,-6.49863],[-76.06902,-6.47274],[-76.13258,-6.4995],[-76.18055,-6.50083],[-76.18241,-6.4303],[-76.26985,-6.42647],[-76.31706,-6.36447],[-76.35599,-6.33936],[-76.37959,-6.3913],[-76.42548,-6.3813],[-76.47826,-6.48393],[-76.46273,-6.52599],[-76.41839,-6.56183],[-76.40793,-6.63565],[-76.45632,-6.68001],[-76.52421,-6.69287],[-76.55847,-6.67143],[-76.53458,-6.62549],[-76.59124,-6.59496],[-76.64072,-6.5469],[-76.67893,-6.43474],[-76.78035,-6.41822],[-76.84321,-6.36917],[-76.83514,-6.28515]]]}},{"type":"Feature","properties":{"COUNT":12,"FIRST_IDPR":"1403","NOMBPROV":"LAMBAYEQUE","FIRST_NOMB":"LAMBAYEQUE","LAST_DCTO":"-","LAST_LEY":"-","FIRST_FECH":"17/11/1894","LAST_FECHA":"EPOCA INDEP.","MIN_SHAPE_":941287.6922700001,"ha":941287.69},"geometry":{"type":"Polygon","coordinates":[[[-79.9424,-6.8205],[-79.98603,-6.74705],[-80.07489,-6.67552],[-80.17732,-6.60604],[-80.28864,-6.54308],[-80.62713,-6.37208],[-80.37622,-6.00697],[-80.32741,-5.94744],[-80.19891,-5.893],[-80.13086,-5.88867],[-80.05298,-5.81124],[-79.99483,-5.75195],[-79.96854,-5.58117],[-79.94587,-5.515],[-79.90305,-5.49145],[-79.85399,-5.53182],[-79.86442,-5.56342],[-79.83944,-5.63003],[-79.78693,-5.64659],[-79.71728,-5.73935],[-79.73733,-5.83765],[-79.68271,-5.84645],[-79.63143,-5.82903],[-79.62642,-5.88745],[-79.60045,-5.93957],[-79.49894,-5.91519],[-79.41861,-5.9701],[-79.41721,-6.00524],[-79.40308,-6.03402],[-79.42818,-6.1481],[-79.40185,-6.17351],[-79.48198,-6.30631],[-79.54328,-6.35721],[-79.52834,-6.39981],[-79.61344,-6.42529],[-79.65191,-6.4554],[-79.75269,-6.43937],[-79.80894,-6.44783],[-79.8475,-6.63994],[-79.78143,-6.67959],[-79.82948,-6.72171],[-79.89343,-6.72883],[-79.9424,-6.8205]]]}},{"type":"Feature","properties":{"COUNT":10,"FIRST_IDPR":"2107","NOMBPROV":"LAMPA","FIRST_NOMB":"PUNO","LAST_DCTO":"-","LAST_LEY":"-","FIRST_FECH":"EPOCA INDEP.","LAST_FECHA":"EPOCA INDEP.","MIN_SHAPE_":574465.43221,"ha":574465.43},"geometry":{"type":"Polygon","coordinates":[[[-70.22739,-15.25197],[-70.22113,-15.25135],[-70.20782,-15.27321],[-70.20717,-15.27932],[-70.20429,-15.2982],[-70.19543,-15.29927],[-70.18959,-15.30003],[-70.18371,-15.30017],[-70.18008,-15.30034],[-70.17782,-15.30123],[-70.17318,-15.30272],[-70.17204,-15.30196],[-70.16938,-15.29917],[-70.16703,-15.29785],[-70.16426,-15.29524],[-70.16364,-15.2943],[-70.15836,-15.29346],[-70.15266,-15.30719],[-70.14809,-15.31263],[-70.1537,-15.32021],[-70.15504,-15.32402],[-70.1569,-15.37301],[-70.17689,-15.38284],[-70.27426,-15.31428],[-70.30533,-15.38612],[-70.34296,-15.41637],[-70.25733,-15.55155],[-70.36519,-15.66229],[-70.43577,-15.67684],[-70.46537,-15.65416],[-70.57538,-15.72144],[-70.63382,-15.74491],[-70.67563,-15.78927],[-70.79726,-15.78032],[-70.89054,-15.85125],[-70.93614,-15.78484],[-70.90013,-15.71215],[-70.91798,-15.6438],[-71.00818,-15.56397],[-71.01517,-15.48917],[-70.99396,-15.45484],[-71.03897,-15.40517],[-71.01228,-15.34375],[-70.9523,-15.28984],[-70.98528,-15.24903],[-70.9625,-15.21564],[-70.9936,-15.08459],[-70.83349,-15.00209],[-70.76082,-15.03086],[-70.65732,-15.134],[-70.59585,-15.12681],[-70.56258,-15.18401],[-70.52008,-15.1513],[-70.55256,-15.06364],[-70.53184,-15.02795],[-70.50445,-14.92243],[-70.46552,-14.92815],[-70.46362,-14.92764],[-70.46295,-14.92767],[-70.46285,-14.92872],[-70.46407,-14.92948],[-70.465,-14.9304],[-70.46553,-14.93139],[-70.46453,-14.93357],[-70.46088,-14.93494],[-70.44892,-14.94027],[-70.44824,-14.94053],[-70.44542,-14.94491],[-70.44608,-14.94544],[-70.44821,-14.94862],[-70.44771,-14.9497],[-70.44389,-14.95231],[-70.4393,-14.9542],[-70.43003,-14.95242],[-70.42976,-14.95286],[-70.42857,-14.95427],[-70.42819,-14.95512],[-70.42782,-14.95641],[-70.42792,-14.95753],[-70.4278,-14.95814],[-70.42052,-14.96356],[-70.41581,-14.96593],[-70.41347,-14.96595],[-70.41137,-14.96585],[-70.40675,-14.95972],[-70.4064,-14.95901],[-70.40469,-14.9581],[-70.40398,-14.95843],[-70.40257,-14.95943],[-70.40156,-14.96426],[-70.40215,-14.96592],[-70.40136,-14.96886],[-70.40063,-14.96925],[-70.39937,-14.9713],[-70.39766,-14.97413],[-70.39621,-14.97452],[-70.3927,-14.97196],[-70.39159,-14.97132],[-70.38583,-14.97351],[-70.38601,-14.97382],[-70.38996,-14.97765],[-70.39154,-14.97981],[-70.39027,-14.98173],[-70.38562,-14.9833],[-70.38322,-14.98296],[-70.37563,-14.98508],[-70.3782,-14.98783],[-70.37921,-14.98858],[-70.3779,-14.99249],[-70.3745,-14.99105],[-70.37328,-14.99072],[-70.37431,-14.99695],[-70.38342,-14.99494],[-70.38378,-14.99596],[-70.38416,-14.99675],[-70.37374,-15.00307],[-70.37054,-15.00181],[-70.36776,-14.99692],[-70.36487,-14.99644],[-70.36393,-14.99668],[-70.36283,-15.0079],[-70.36516,-15.0111],[-70.3654,-15.01194],[-70.36524,-15.0136],[-70.36453,-15.01517],[-70.36284,-15.01872],[-70.36095,-15.02135],[-70.35969,-15.02222],[-70.35677,-15.02373],[-70.34891,-15.02916],[-70.34795,-15.02958],[-70.34507,-15.03197],[-70.3452,-15.03246],[-70.35285,-15.03368],[-70.35484,-15.03336],[-70.35612,-15.03328],[-70.35899,-15.03172],[-70.36165,-15.03138],[-70.35402,-15.04014],[-70.35424,-15.0443],[-70.35693,-15.04595],[-70.36016,-15.04729],[-70.3606,-15.04819],[-70.3586,-15.05246],[-70.35672,-15.05418],[-70.35494,-15.05689],[-70.35482,-15.05811],[-70.35489,-15.0606],[-70.35227,-15.06489],[-70.34921,-15.06932],[-70.34754,-15.07062],[-70.34476,-15.07459],[-70.34599,-15.07677],[-70.34798,-15.08186],[-70.34543,-15.083],[-70.3467,-15.0839],[-70.34937,-15.08348],[-70.35164,-15.09191],[-70.3522,-15.09403],[-70.35681,-15.10338],[-70.35768,-15.10513],[-70.35988,-15.11333],[-70.36016,-15.11444],[-70.36008,-15.11707],[-70.35564,-15.11818],[-70.35098,-15.11555],[-70.34813,-15.12092],[-70.35537,-15.12079],[-70.35643,-15.12101],[-70.358,-15.12171],[-70.35909,-15.12294],[-70.35759,-15.13038],[-70.34901,-15.13282],[-70.34776,-15.13481],[-70.34722,-15.13776],[-70.34739,-15.13846],[-70.35972,-15.14499],[-70.35804,-15.1457],[-70.35379,-15.14645],[-70.35179,-15.14654],[-70.35036,-15.14781],[-70.34905,-15.15461],[-70.34913,-15.1554],[-70.34994,-15.15686],[-70.3505,-15.15755],[-70.3542,-15.15882],[-70.35711,-15.16095],[-70.35691,-15.16255],[-70.35509,-15.1646],[-70.31633,-15.16614],[-70.28672,-15.1671],[-70.27879,-15.16725],[-70.23334,-15.19927],[-70.22757,-15.20966],[-70.2262,-15.2247],[-70.22678,-15.22632],[-70.22613,-15.23558],[-70.22739,-15.25197]]]}},{"type":"Feature","properties":{"COUNT":7,"FIRST_IDPR":"1010","NOMBPROV":"LAURICOCHA","FIRST_NOMB":"HUANUCO","LAST_DCTO":"LEY","LAST_LEY":"7665","FIRST_FECH":"12/05/1962","LAST_FECHA":"27/12/1932","MIN_SHAPE_":192235.85178,"ha":192235.85},"geometry":{"type":"Polygon","coordinates":[[[-76.52092,-10.19494],[-76.51289,-10.29184],[-76.49398,-10.31053],[-76.4728,-10.33777],[-76.49094,-10.3789],[-76.6472,-10.41514],[-76.69682,-10.44249],[-76.72505,-10.48571],[-76.77004,-10.4648],[-76.7999,-10.41913],[-76.85639,-10.37727],[-76.90625,-10.27419],[-76.91546,-10.11991],[-76.80842,-10.08485],[-76.82405,-10.011],[-76.77321,-9.99406],[-76.77991,-9.95702],[-76.73595,-9.93393],[-76.72006,-9.89836],[-76.61155,-9.92688],[-76.57047,-9.95923],[-76.57823,-10.03046],[-76.60613,-10.07024],[-76.59579,-10.10194],[-76.54679,-10.1117],[-76.52092,-10.19494]]]}},{"type":"Feature","properties":{"COUNT":6,"FIRST_IDPR":"1006","NOMBPROV":"LEONCIO PRADO","FIRST_NOMB":"HUANUCO","LAST_DCTO":"LEY","LAST_LEY":"14777","FIRST_FECH":"27/05/1952","LAST_FECHA":"26/12/1963","MIN_SHAPE_":491717.69504,"ha":491717.7},"geometry":{"type":"Polygon","coordinates":[[[-75.62157,-9.39673],[-75.63363,-9.45017],[-75.66875,-9.50959],[-75.67759,-9.56006],[-75.71388,-9.6125],[-75.72125,-9.61751],[-75.73837,-9.60816],[-75.79073,-9.46601],[-75.78568,-9.40509],[-75.81117,-9.39127],[-75.85313,-9.42638],[-75.8924,-9.43315],[-75.94211,-9.48793],[-76.01136,-9.50804],[-76.07173,-9.47179],[-76.15994,-9.46944],[-76.2034,-9.49916],[-76.20404,-9.44671],[-76.23535,-9.41821],[-76.2277,-9.38003],[-76.141,-9.3033],[-76.08321,-9.30448],[-76.05679,-9.28172],[-76.09866,-9.21175],[-76.214,-9.2044],[-76.24416,-9.14699],[-76.27211,-9.21395],[-76.31049,-9.17695],[-76.35837,-9.19715],[-76.41311,-9.17739],[-76.48022,-9.17208],[-76.47337,-9.01223],[-76.41923,-8.9864],[-76.36546,-9.02632],[-76.24054,-8.9711],[-76.22123,-8.92568],[-76.22662,-8.86384],[-76.20539,-8.83386],[-76.22356,-8.79143],[-76.16644,-8.75641],[-76.13126,-8.65679],[-76.11593,-8.65757],[-76.13044,-8.46721],[-76.10917,-8.37961],[-76.08718,-8.33691],[-75.98496,-8.32215],[-75.94598,-8.40087],[-75.96491,-8.45174],[-75.96631,-8.59203],[-75.97976,-8.636],[-75.94575,-8.71614],[-75.92165,-8.78081],[-75.9173,-8.87924],[-75.87435,-8.97025],[-75.87586,-9.02146],[-75.84439,-9.05151],[-75.80646,-9.12149],[-75.79411,-9.18837],[-75.73176,-9.27227],[-75.67084,-9.39664],[-75.62157,-9.39673]]]}},{"type":"Feature","properties":{"COUNT":43,"FIRST_IDPR":"1501","NOMBPROV":"LIMA","FIRST_NOMB":"LIMA","LAST_DCTO":"LEY","LAST_LEY":"S/N","FIRST_FECH":"22/01/1943","LAST_FECHA":"29/10/1874","MIN_SHAPE_":269974.00005,"ha":269974},"geometry":{"type":"Polygon","coordinates":[[[-77.1871,-11.82836],[-77.16817,-11.73911],[-77.19352,-11.67832],[-77.12389,-11.65547],[-77.05181,-11.57613],[-77.00489,-11.61347],[-77.03499,-11.6524],[-76.97608,-11.68538],[-76.98034,-11.72442],[-76.93268,-11.7553],[-76.89692,-11.72938],[-76.80487,-11.75587],[-76.85124,-11.79815],[-76.90661,-11.79612],[-76.94228,-11.86087],[-76.91211,-11.88927],[-76.91655,-11.95984],[-76.79168,-11.92761],[-76.72794,-11.87571],[-76.64696,-11.95288],[-76.70708,-12.0295],[-76.67808,-12.05298],[-76.71616,-12.09842],[-76.64863,-12.20816],[-76.6211,-12.22688],[-76.63679,-12.27936],[-76.67399,-12.31952],[-76.66799,-12.36023],[-76.68341,-12.38211],[-76.75548,-12.39821],[-76.75168,-12.46269],[-76.78416,-12.51993],[-76.80248,-12.50432],[-76.77504,-12.43787],[-76.77736,-12.39406],[-76.83603,-12.31741],[-76.93547,-12.25022],[-77.03771,-12.20408],[-77.03103,-12.13403],[-77.11153,-12.07949],[-77.08294,-12.03642],[-77.11755,-11.95697],[-77.0899,-11.90179],[-77.12605,-11.82079],[-77.1871,-11.82836]]]}},{"type":"Feature","properties":{"COUNT":5,"FIRST_IDPR":"1603","NOMBPROV":"LORETO","FIRST_NOMB":"LORETO","LAST_DCTO":"LEY","LAST_LEY":"9815","FIRST_FECH":"07/02/1866","LAST_FECHA":"02/07/1943","MIN_SHAPE_":6854883.44542,"ha":6854883.45},"geometry":{"type":"Polygon","coordinates":[[[-75.51448,-5.73926],[-75.51279,-5.67847],[-75.45475,-5.5737],[-75.49732,-5.58818],[-75.57235,-5.57229],[-75.64013,-5.49678],[-75.6168,-5.46235],[-75.63333,-5.41014],[-75.56966,-5.30083],[-75.56016,-5.26711],[-75.61803,-5.20272],[-75.59948,-5.16703],[-75.51004,-5.11229],[-75.41661,-4.9872],[-75.52861,-4.93752],[-75.66454,-4.93319],[-75.72233,-4.87165],[-75.73757,-4.82594],[-75.74308,-4.73487],[-75.85139,-4.65888],[-75.88163,-4.61777],[-75.89054,-4.55681],[-75.86262,-4.52023],[-75.90108,-4.4576],[-75.95587,-4.42507],[-75.97631,-4.33166],[-76.02307,-4.21874],[-76.05807,-4.15665],[-76.14976,-4.0632],[-76.17262,-3.95544],[-76.20315,-3.92463],[-76.2064,-3.84465],[-76.24735,-3.78557],[-76.24529,-3.75106],[-76.2897,-3.69122],[-76.23408,-3.63483],[-76.25937,-3.57561],[-76.20618,-3.52806],[-76.26146,-3.47522],[-76.27003,-3.36113],[-76.36729,-3.21783],[-76.35205,-3.16239],[-76.38927,-3.12768],[-76.35347,-3.09042],[-76.33793,-2.98861],[-76.35123,-2.94643],[-76.31687,-2.89756],[-76.30734,-2.83485],[-76.34421,-2.80007],[-76.36134,-2.7459],[-76.47064,-2.60431],[-76.49925,-2.59262],[-76.50242,-2.53648],[-76.53432,-2.51228],[-76.04499,-2.12804],[-75.77836,-1.79395],[-75.77708,-1.85647],[-75.74592,-1.93092],[-75.57484,-1.96346],[-75.53629,-1.99646],[-75.47254,-2.00386],[-75.4449,-2.03414],[-75.33755,-2.0032],[-75.28815,-2.00871],[-75.24325,-2.1031],[-75.24619,-2.13383],[-75.16608,-2.19175],[-75.14088,-2.27893],[-75.08323,-2.29347],[-75.01715,-2.35179],[-74.96515,-2.36565],[-74.94959,-2.45879],[-74.95681,-2.50429],[-74.99119,-2.51601],[-74.95746,-2.61146],[-74.97375,-2.6607],[-75.00993,-2.68467],[-75.01027,-2.76636],[-75.05464,-2.94019],[-75.01429,-3.07488],[-75.01781,-3.12898],[-74.99161,-3.19001],[-74.8929,-3.20985],[-74.81337,-3.24321],[-74.81878,-3.29685],[-74.75394,-3.33453],[-74.71257,-3.43607],[-74.67947,-3.46579],[-74.67923,-3.50937],[-74.55454,-3.63331],[-74.50143,-3.69886],[-74.36744,-3.71868],[-74.28113,-3.8298],[-74.21914,-3.854],[-74.19222,-3.88246],[-74.14791,-3.98932],[-74.13544,-4.06188],[-74.10171,-4.17703],[-74.0587,-4.24761],[-73.94526,-4.3245],[-73.937,-4.3719],[-73.88352,-4.38843],[-73.83358,-4.43862],[-73.74709,-4.44906],[-73.69192,-4.43978],[-73.59268,-4.38182],[-73.54922,-4.34133],[-73.48814,-4.32365],[-73.46821,-4.2849],[-73.40029,-4.23855],[-73.38062,-4.26],[-73.4428,-4.30635],[-73.42056,-4.42419],[-73.43522,-4.44636],[-73.46483,-4.51521],[-73.52941,-4.5843],[-73.58198,-4.61868],[-73.64423,-4.71424],[-73.71155,-4.73542],[-73.84384,-4.87141],[-73.87435,-4.88281],[-73.893,-4.95558],[-73.93325,-5.01075],[-73.95442,-4.98116],[-74.03714,-4.94663],[-74.08939,-4.96916],[-74.13117,-5.01503],[-74.17045,-5.0327],[-74.17578,-5.0798],[-74.24551,-5.13619],[-74.35063,-5.15348],[-74.41834,-5.20693],[-74.57292,-5.26432],[-74.61517,-5.30433],[-74.63801,-5.35401],[-74.82899,-5.45371],[-74.90209,-5.4703],[-74.9601,-5.51986],[-75.01947,-5.49693],[-75.06599,-5.4994],[-75.18158,-5.62323],[-75.2081,-5.6171],[-75.30493,-5.68621],[-75.38903,-5.69125],[-75.43713,-5.72542],[-75.51448,-5.73926]]]}},{"type":"Feature","properties":{"COUNT":21,"FIRST_IDPR":"0506","NOMBPROV":"LUCANAS","FIRST_NOMB":"AYACUCHO","LAST_DCTO":"-","LAST_LEY":"-","FIRST_FECH":"EPOCA INDEP.","LAST_FECHA":"EPOCA INDEP.","MIN_SHAPE_":1446494.2235,"ha":1446494.22},"geometry":{"type":"Polygon","coordinates":[[[-73.58175,-14.41613],[-73.53246,-14.50724],[-73.53396,-14.50722],[-73.53656,-14.50814],[-73.54309,-14.50889],[-73.55093,-14.51473],[-73.55222,-14.51673],[-73.55541,-14.518],[-73.55859,-14.52177],[-73.56023,-14.52236],[-73.56094,-14.52244],[-73.56304,-14.52084],[-73.56446,-14.52089],[-73.56794,-14.52605],[-73.57655,-14.53749],[-73.57766,-14.53886],[-73.58546,-14.54712],[-73.59148,-14.54829],[-73.59679,-14.54397],[-73.60052,-14.54194],[-73.60212,-14.54173],[-73.60655,-14.54304],[-73.6074,-14.54382],[-73.60756,-14.54484],[-73.60756,-14.54556],[-73.60907,-14.54861],[-73.61197,-14.55223],[-73.61486,-14.55736],[-73.61903,-14.56605],[-73.62379,-14.57271],[-73.63469,-14.5909],[-73.6377,-14.59301],[-73.67749,-14.62262],[-73.69234,-14.62984],[-73.69851,-14.63113],[-73.69893,-14.63161],[-73.69977,-14.63323],[-73.70295,-14.6344],[-73.70898,-14.63521],[-73.70958,-14.63575],[-73.71277,-14.63774],[-73.71445,-14.64008],[-73.72079,-14.64245],[-73.72269,-14.64046],[-73.72445,-14.63848],[-73.72511,-14.63815],[-73.73734,-14.63806],[-73.74839,-14.6351],[-73.74873,-14.63656],[-73.74732,-14.64028],[-73.74957,-14.63803],[-73.75293,-14.63656],[-73.75481,-14.63929],[-73.75409,-14.64133],[-73.75481,-14.64256],[-73.75616,-14.64419],[-73.75643,-14.64459],[-73.75541,-14.64752],[-73.76098,-14.64668],[-73.77433,-14.64337],[-73.77525,-14.64287],[-73.78158,-14.63836],[-73.78326,-14.64019],[-73.78368,-14.63995],[-73.78491,-14.63986],[-73.79044,-14.64279],[-73.7918,-14.6444],[-73.79685,-14.64533],[-73.80519,-14.64272],[-73.80651,-14.64147],[-73.81113,-14.63849],[-73.82113,-14.64535],[-73.82299,-14.67419],[-73.82141,-14.6784],[-73.8222,-14.67919],[-73.82782,-14.68476],[-73.83024,-14.68807],[-73.83612,-14.70469],[-73.83637,-14.70707],[-73.83612,-14.7138],[-73.83583,-14.71567],[-73.82561,-14.72556],[-73.82572,-14.72592],[-73.83115,-14.73204],[-73.83896,-14.74057],[-73.85078,-14.75493],[-73.85545,-14.75663],[-73.85478,-14.76257],[-73.85545,-14.76421],[-73.8583,-14.76633],[-73.86066,-14.76742],[-73.87057,-14.76715],[-73.86983,-14.77429],[-73.86975,-14.77527],[-73.87151,-14.77686],[-73.87141,-14.78915],[-73.87023,-14.79117],[-73.86898,-14.79304],[-73.87071,-14.79539],[-73.87113,-14.79555],[-73.87147,-14.79679],[-73.87096,-14.79812],[-73.87112,-14.8004],[-73.87227,-14.80158],[-73.87522,-14.80253],[-73.8781,-14.80333],[-73.87841,-14.80355],[-73.87932,-14.8039],[-73.88175,-14.80381],[-73.88522,-14.8048],[-73.88966,-14.80761],[-73.89003,-14.80825],[-73.89094,-14.81069],[-73.89355,-14.81086],[-73.8938,-14.81172],[-73.89489,-14.81703],[-73.89475,-14.81939],[-73.89459,-14.82016],[-73.89481,-14.82172],[-73.89477,-14.82216],[-73.89514,-14.82488],[-73.89569,-14.82617],[-73.8954,-14.82847],[-73.89734,-14.83201],[-73.89752,-14.83334],[-73.89876,-14.83711],[-73.89813,-14.83989],[-73.90014,-14.84248],[-73.89879,-14.84752],[-73.89647,-14.85885],[-73.89512,-14.86055],[-73.89075,-14.86437],[-73.88541,-14.86923],[-73.88384,-14.87169],[-73.88252,-14.87313],[-73.87952,-14.88099],[-73.87955,-14.88161],[-73.87917,-14.88317],[-73.87987,-14.89047],[-73.87662,-14.89488],[-73.86896,-14.89631],[-73.86377,-14.9013],[-73.86311,-14.90154],[-73.85804,-14.9031],[-73.85723,-14.90437],[-73.85806,-14.90828],[-73.85803,-14.90921],[-73.85291,-14.91676],[-73.84349,-14.92053],[-73.84176,-14.93268],[-73.84097,-14.93639],[-73.84185,-14.93858],[-73.84137,-14.93957],[-73.84091,-14.94129],[-73.84024,-14.94777],[-73.83795,-14.9533],[-73.83558,-14.95889],[-73.8322,-14.96026],[-73.83059,-14.96134],[-73.83013,-14.96275],[-73.83001,-14.96413],[-73.82821,-14.96569],[-73.82661,-14.96656],[-73.82596,-14.96656],[-73.82327,-14.96664],[-73.82111,-14.96805],[-73.81939,-14.972],[-73.81911,-14.9723],[-73.81631,-14.97568],[-73.81343,-14.97721],[-73.81322,-14.97888],[-73.81421,-14.98045],[-73.81612,-14.98121],[-73.81708,-14.98591],[-73.81776,-14.98787],[-73.81522,-14.99513],[-73.81389,-14.99645],[-73.81396,-14.99698],[-73.81259,-15.00414],[-73.81251,-15.00522],[-73.81357,-15.01043],[-73.80917,-15.01787],[-73.80855,-15.02337],[-73.80827,-15.02445],[-73.80809,-15.02608],[-73.808,-15.02729],[-73.80923,-15.03064],[-73.80954,-15.03566],[-73.80797,-15.03853],[-73.80776,-15.03877],[-73.80722,-15.03959],[-73.80588,-15.04112],[-73.80091,-15.04651],[-73.79993,-15.04931],[-73.79908,-15.05226],[-73.79838,-15.05517],[-73.79833,-15.05612],[-73.79846,-15.05666],[-73.79861,-15.0607],[-73.7987,-15.06103],[-73.79876,-15.06244],[-73.79759,-15.06362],[-73.79563,-15.06745],[-73.79562,-15.06804],[-73.79577,-15.06909],[-73.7957,-15.06934],[-73.7955,-15.07093],[-73.79544,-15.07129],[-73.79557,-15.07265],[-73.79701,-15.07513],[-73.79848,-15.08011],[-73.7985,-15.08093],[-73.80042,-15.08298],[-73.8115,-15.08703],[-73.81328,-15.0874],[-73.81712,-15.09033],[-73.8191,-15.09159],[-73.81988,-15.09244],[-73.82003,-15.09283],[-73.82612,-15.10131],[-73.82656,-15.10282],[-73.82727,-15.10354],[-73.83055,-15.10481],[-73.8308,-15.10544],[-73.83074,-15.10679],[-73.83017,-15.10944],[-73.83029,-15.11],[-73.83084,-15.11328],[-73.8324,-15.11794],[-73.83221,-15.11992],[-73.83266,-15.12128],[-73.83292,-15.12185],[-73.83434,-15.12486],[-73.83472,-15.12502],[-73.8353,-15.12495],[-73.83646,-15.12608],[-73.83675,-15.12778],[-73.84071,-15.13305],[-73.84629,-15.13276],[-73.84673,-15.13245],[-73.84893,-15.13247],[-73.85987,-15.13278],[-73.86481,-15.1326],[-73.8656,-15.13295],[-73.86832,-15.13477],[-73.87029,-15.13496],[-73.8717,-15.13478],[-73.87262,-15.13457],[-73.87283,-15.13447],[-73.87474,-15.13287],[-73.87747,-15.13103],[-73.88144,-15.12919],[-73.88183,-15.1289],[-73.88379,-15.12781],[-73.8859,-15.12772],[-73.88786,-15.12803],[-73.88835,-15.12805],[-73.89371,-15.12913],[-73.89781,-15.12937],[-73.89873,-15.12933],[-73.90029,-15.1292],[-73.9015,-15.12899],[-73.90401,-15.12854],[-73.90483,-15.12855],[-73.90752,-15.12928],[-73.91221,-15.13027],[-73.91502,-15.13133],[-73.91706,-15.13137],[-73.92213,-15.13114],[-73.92753,-15.13271],[-73.93521,-15.13586],[-73.94098,-15.13719],[-73.94267,-15.13768],[-73.94378,-15.13809],[-73.95861,-15.14561],[-73.96373,-15.14492],[-73.96824,-15.14605],[-73.9701,-15.14785],[-73.98474,-15.15522],[-73.99679,-15.16098],[-73.99825,-15.16089],[-73.99842,-15.16095],[-74.0011,-15.16684],[-74.00485,-15.17067],[-74.00644,-15.17173],[-74.01152,-15.17458],[-74.01292,-15.17463],[-74.01692,-15.17856],[-74.01798,-15.17963],[-74.02028,-15.18078],[-74.02067,-15.18138],[-74.021,-15.18234],[-74.02226,-15.18594],[-74.02678,-15.1911],[-74.02772,-15.19224],[-74.02936,-15.19261],[-74.02957,-15.19285],[-74.03013,-15.19413],[-74.03298,-15.1957],[-74.03353,-15.19591],[-74.03434,-15.19611],[-74.03543,-15.19657],[-74.03683,-15.19712],[-74.0388,-15.19808],[-74.04138,-15.20006],[-74.04482,-15.2062],[-74.04576,-15.20676],[-74.04711,-15.20912],[-74.04825,-15.21011],[-74.0497,-15.21127],[-74.05278,-15.21298],[-74.05498,-15.21545],[-74.07185,-15.22802],[-74.07204,-15.22831],[-74.07334,-15.22906],[-74.07432,-15.22938],[-74.07555,-15.23032],[-74.07745,-15.23098],[-74.08363,-15.23294],[-74.08917,-15.23488],[-74.09061,-15.23524],[-74.09129,-15.23514],[-74.10524,-15.23705],[-74.10627,-15.23818],[-74.1073,-15.23923],[-74.12603,-15.23568],[-74.12829,-15.23437],[-74.13339,-15.23445],[-74.13446,-15.23437],[-74.1357,-15.23428],[-74.13738,-15.23379],[-74.13852,-15.23267],[-74.13932,-15.23234],[-74.14023,-15.23233],[-74.14331,-15.23041],[-74.14547,-15.22959],[-74.14625,-15.22926],[-74.14945,-15.22865],[-74.15368,-15.22973],[-74.15579,-15.2301],[-74.16143,-15.22804],[-74.16854,-15.22444],[-74.17419,-15.22292],[-74.17478,-15.22295],[-74.17771,-15.22308],[-74.17998,-15.22334],[-74.18094,-15.22378],[-74.1826,-15.22499],[-74.18313,-15.22528],[-74.18615,-15.22826],[-74.18648,-15.2288],[-74.18786,-15.23003],[-74.19326,-15.23514],[-74.19363,-15.23552],[-74.1962,-15.23686],[-74.20073,-15.23634],[-74.20339,-15.235],[-74.21137,-15.23443],[-74.21283,-15.23385],[-74.21618,-15.23388],[-74.21668,-15.23413],[-74.21941,-15.23538],[-74.22227,-15.23517],[-74.22314,-15.23554],[-74.22397,-15.23679],[-74.2226,-15.24344],[-74.22208,-15.2443],[-74.22037,-15.24748],[-74.2193,-15.24915],[-74.21838,-15.25201],[-74.21762,-15.25675],[-74.21695,-15.26069],[-74.21667,-15.2651],[-74.21377,-15.26956],[-74.21285,-15.27158],[-74.20633,-15.28336],[-74.20505,-15.28539],[-74.20525,-15.28666],[-74.20629,-15.28746],[-74.20684,-15.28785],[-74.2026,-15.29917],[-74.19474,-15.30971],[-74.19163,-15.31442],[-74.19249,-15.31737],[-74.19593,-15.31979],[-74.20131,-15.322],[-74.20104,-15.32315],[-74.20117,-15.32566],[-74.20451,-15.32815],[-74.2044,-15.32891],[-74.20535,-15.33314],[-74.20903,-15.33779],[-74.20984,-15.34206],[-74.20914,-15.34468],[-74.21106,-15.34866],[-74.21217,-15.35084],[-74.21414,-15.35362],[-74.21751,-15.35644],[-74.22149,-15.36123],[-74.2337,-15.37436],[-74.24041,-15.38015],[-74.24183,-15.38203],[-74.24292,-15.38432],[-74.24471,-15.38666],[-74.24866,-15.39333],[-74.24911,-15.39417],[-74.25638,-15.4021],[-74.25718,-15.40329],[-74.2568,-15.40528],[-74.25312,-15.41871],[-74.25114,-15.422],[-74.24992,-15.4241],[-74.24952,-15.42599],[-74.24382,-15.44336],[-74.24284,-15.4504],[-74.24118,-15.48104],[-74.30012,-15.47839],[-74.32843,-15.39099],[-74.30972,-15.35894],[-74.40946,-15.30849],[-74.38788,-15.25178],[-74.39872,-15.18146],[-74.45142,-15.17597],[-74.55252,-15.13994],[-74.60597,-15.1485],[-74.7186,-15.13566],[-74.7623,-15.09805],[-74.66427,-15.0447],[-74.66345,-14.90793],[-74.69384,-14.83816],[-74.74624,-14.84355],[-74.75601,-14.77113],[-74.8027,-14.75215],[-74.84574,-14.70798],[-74.85277,-14.61181],[-74.89542,-14.54508],[-74.95892,-14.60645],[-75.0599,-14.62262],[-75.08009,-14.56901],[-75.0691,-14.52693],[-75.09814,-14.4851],[-75.10127,-14.4332],[-75.13805,-14.41466],[-75.09393,-14.31242],[-75.03998,-14.27788],[-75.09079,-14.21518],[-75.05905,-14.12962],[-75.02913,-14.07195],[-74.94236,-14.09469],[-74.84138,-14.0734],[-74.77253,-14.09032],[-74.72572,-14.11704],[-74.69835,-14.07862],[-74.64055,-14.09445],[-74.6232,-14.13714],[-74.43128,-14.1493],[-74.39232,-14.16705],[-74.32945,-14.12863],[-74.20798,-14.1269],[-74.17443,-14.10471],[-74.11604,-14.02887],[-74.07037,-14.02667],[-74.08546,-14.08881],[-74.03917,-14.0985],[-73.99916,-14.15919],[-73.95003,-14.18573],[-73.87925,-14.2167],[-73.89658,-14.26283],[-73.79883,-14.29394],[-73.73826,-14.33816],[-73.69529,-14.32659],[-73.58175,-14.41613]]]}},{"type":"Feature","properties":{"COUNT":23,"FIRST_IDPR":"0105","NOMBPROV":"LUYA","FIRST_NOMB":"AMAZONAS","LAST_DCTO":"LEY","LAST_LEY":"S/N","FIRST_FECH":"16/08/1920","LAST_FECHA":"05/02/1861","MIN_SHAPE_":324512.97262,"ha":324512.97},"geometry":{"type":"Polygon","coordinates":[[[-77.89095,-6.10269],[-77.90203,-6.19935],[-77.94201,-6.26883],[-77.91989,-6.3685],[-77.86258,-6.4455],[-77.85141,-6.50898],[-77.80225,-6.6557],[-77.85316,-6.67654],[-77.93597,-6.68979],[-78.03587,-6.74324],[-78.0582,-6.67615],[-78.1076,-6.64233],[-78.13603,-6.5263],[-78.19003,-6.45702],[-78.27793,-6.38896],[-78.33373,-6.35098],[-78.33539,-6.31868],[-78.41973,-6.18842],[-78.37306,-6.16978],[-78.36812,-6.10862],[-78.2914,-6.06515],[-78.22372,-6.06155],[-78.17241,-5.99415],[-78.1308,-5.90256],[-78.07445,-5.92037],[-78.05031,-5.97717],[-77.98208,-5.96847],[-77.89095,-6.10269]]]}},{"type":"Feature","properties":{"COUNT":4,"FIRST_IDPR":"1702","NOMBPROV":"MANU","FIRST_NOMB":"MADRE DE DIOS","LAST_DCTO":"LEY","LAST_LEY":"1782","FIRST_FECH":"09/06/2000","LAST_FECHA":"26/12/1912","MIN_SHAPE_":2881533.61325,"ha":2881533.61},"geometry":{"type":"Polygon","coordinates":[[[-71.90035,-12.73336],[-71.95638,-12.65487],[-71.9814,-12.58049],[-72.03146,-12.52477],[-72.07113,-12.51148],[-72.06149,-12.44045],[-71.97601,-12.39878],[-71.97303,-12.32054],[-72.03384,-12.26504],[-72.10551,-12.23806],[-72.08756,-12.14269],[-72.09445,-12.08519],[-72.17373,-12.05981],[-72.26893,-12.05438],[-72.2593,-12.0063],[-72.28455,-11.97643],[-72.33747,-11.96808],[-72.34751,-11.89127],[-72.33215,-11.85553],[-72.3913,-11.82635],[-72.37077,-11.78497],[-72.42506,-11.73317],[-72.42874,-11.70897],[-72.35094,-11.6218],[-72.31551,-11.59558],[-72.29255,-11.43327],[-72.24789,-11.38501],[-72.23926,-11.34506],[-72.20462,-11.34743],[-72.16309,-11.32012],[-72.11206,-11.33107],[-72.09687,-11.3776],[-71.99936,-11.37045],[-71.94561,-11.38631],[-71.89356,-11.35287],[-71.85387,-11.36815],[-71.82613,-11.3151],[-71.75021,-11.3299],[-71.64861,-11.37773],[-71.6647,-11.41939],[-71.59114,-11.43113],[-71.57873,-11.46963],[-71.49381,-11.48905],[-71.41573,-11.52885],[-71.33936,-11.63874],[-71.32066,-11.67919],[-71.25143,-11.70817],[-71.20637,-11.75553],[-71.12629,-11.75334],[-71.07643,-11.77962],[-71.02616,-11.88501],[-70.98175,-11.9183],[-70.89056,-11.9242],[-70.85924,-11.96566],[-70.74666,-11.99799],[-70.64437,-12.00575],[-70.64036,-12.03716],[-70.541,-12.11229],[-70.49892,-12.1068],[-70.43582,-12.15442],[-70.40993,-12.14742],[-70.3475,-12.20445],[-70.27558,-12.31312],[-70.24697,-12.3853],[-70.25678,-12.42117],[-70.22959,-12.46686],[-70.10343,-12.5083],[-70.06729,-12.57967],[-70.07502,-12.63935],[-70.16155,-12.67868],[-70.19585,-12.72094],[-70.25251,-12.74961],[-70.29399,-12.84578],[-70.33296,-12.87042],[-70.35382,-12.91449],[-70.3593,-13.00841],[-70.40287,-13.11441],[-70.38847,-13.19239],[-70.46425,-13.15969],[-70.54985,-13.15286],[-70.58754,-13.10313],[-70.65976,-13.08846],[-70.71005,-13.10946],[-70.75841,-13.10804],[-70.84296,-13.06705],[-70.92139,-13.11083],[-70.94219,-13.1565],[-70.97452,-13.16829],[-71.01404,-13.26719],[-71.06418,-13.2567],[-71.12201,-13.23353],[-71.16818,-13.09409],[-71.17304,-12.98333],[-71.23875,-12.97193],[-71.30101,-12.9407],[-71.35494,-12.88398],[-71.41524,-12.89426],[-71.44887,-12.86334],[-71.45105,-12.82497],[-71.55213,-12.7093],[-71.6003,-12.70006],[-71.69497,-12.73879],[-71.74694,-12.79611],[-71.81059,-12.74498],[-71.90035,-12.73336]]]}},{"type":"Feature","properties":{"COUNT":3,"FIRST_IDPR":"1007","NOMBPROV":"MARAÑON","FIRST_NOMB":"HUANUCO","LAST_DCTO":"LEY","LAST_LEY":"1595","FIRST_FECH":"31/10/1955","LAST_FECHA":"21/10/1912","MIN_SHAPE_":494965.97279,"ha":494965.97},"geometry":{"type":"Polygon","coordinates":[[[-77.17482,-8.83362],[-77.24736,-8.71276],[-77.2606,-8.64852],[-77.29485,-8.63293],[-77.28903,-8.5893],[-77.31749,-8.53015],[-77.26408,-8.46753],[-77.20421,-8.48569],[-77.13384,-8.44002],[-77.14257,-8.47583],[-77.08888,-8.48282],[-77.09165,-8.51698],[-77.0498,-8.55372],[-76.9163,-8.57016],[-76.84727,-8.54648],[-76.83158,-8.51666],[-76.69727,-8.53241],[-76.62432,-8.51195],[-76.54269,-8.50971],[-76.46617,-8.56974],[-76.44395,-8.48879],[-76.4168,-8.44344],[-76.37579,-8.42258],[-76.33347,-8.42947],[-76.32419,-8.52413],[-76.27846,-8.57746],[-76.26668,-8.65505],[-76.22868,-8.74808],[-76.22356,-8.79143],[-76.20539,-8.83386],[-76.22662,-8.86384],[-76.22123,-8.92568],[-76.24054,-8.9711],[-76.36546,-9.02632],[-76.41923,-8.9864],[-76.47337,-9.01223],[-76.56146,-9.02137],[-76.63221,-9.0454],[-76.68943,-8.93132],[-76.73478,-8.87078],[-76.82231,-8.83446],[-76.89501,-8.8615],[-77.01705,-8.84059],[-77.08142,-8.77499],[-77.14329,-8.78072],[-77.17482,-8.83362]]]}},{"type":"Feature","properties":{"COUNT":5,"FIRST_IDPR":"2206","NOMBPROV":"MARISCAL CACERES","FIRST_NOMB":"SAN MARTIN","LAST_DCTO":"LEY","LAST_LEY":"9097","FIRST_FECH":"24/01/1959","LAST_FECHA":"07/05/1940","MIN_SHAPE_":1426188.17138,"ha":1426188.17},"geometry":{"type":"Polygon","coordinates":[[[-76.59772,-7.68929],[-76.63418,-7.68684],[-76.65779,-7.72642],[-76.77305,-7.74571],[-76.76343,-7.79346],[-76.7193,-7.86453],[-76.8003,-7.92058],[-76.87324,-7.8988],[-76.92953,-7.84174],[-77.02084,-7.80587],[-77.07697,-7.84862],[-77.10252,-7.95267],[-77.07436,-7.9923],[-77.0687,-8.03951],[-77.23829,-8.01332],[-77.29226,-8.06009],[-77.38547,-8.05539],[-77.40713,-7.99199],[-77.37691,-7.90882],[-77.40678,-7.90249],[-77.44286,-7.81364],[-77.47983,-7.80329],[-77.52778,-7.75758],[-77.48453,-7.69971],[-77.53095,-7.65448],[-77.5367,-7.58228],[-77.52692,-7.50484],[-77.55954,-7.46482],[-77.61027,-7.43486],[-77.63571,-7.35745],[-77.62865,-7.32002],[-77.64675,-7.24074],[-77.60553,-7.21916],[-77.64353,-7.149],[-77.71338,-7.10789],[-77.75893,-6.96451],[-77.72332,-6.89346],[-77.76172,-6.80775],[-77.74671,-6.75184],[-77.74561,-6.66516],[-77.69336,-6.67853],[-77.62666,-6.61274],[-77.5637,-6.64408],[-77.54407,-6.677],[-77.45466,-6.68169],[-77.38173,-6.69759],[-77.43615,-6.60522],[-77.39387,-6.60269],[-77.33515,-6.52233],[-77.32636,-6.46803],[-77.27551,-6.38473],[-77.19787,-6.42099],[-77.15822,-6.5012],[-77.04661,-6.56569],[-77.07404,-6.63971],[-77.02542,-6.7135],[-77.0392,-6.7376],[-77.01444,-6.83712],[-76.96546,-6.94319],[-76.95203,-6.99632],[-76.9093,-7.00198],[-76.90708,-7.08618],[-76.85087,-7.07291],[-76.81213,-7.17298],[-76.78389,-7.16287],[-76.7153,-7.09769],[-76.6704,-7.12725],[-76.63377,-7.15228],[-76.6145,-7.21351],[-76.55779,-7.30708],[-76.57431,-7.38682],[-76.55148,-7.50429],[-76.57968,-7.60762],[-76.56561,-7.65719],[-76.59772,-7.68929]]]}},{"type":"Feature","properties":{"COUNT":8,"FIRST_IDPR":"0213","NOMBPROV":"MARISCAL LUZURIAGA","FIRST_NOMB":"ANCASH","LAST_DCTO":"LEY","LAST_LEY":"13426","FIRST_FECH":"28/10/1889","LAST_FECHA":"05/05/1960","MIN_SHAPE_":73673.6219076,"ha":73673.62},"geometry":{"type":"Polygon","coordinates":[[[-77.3595,-8.97724],[-77.38633,-8.99508],[-77.44514,-8.99018],[-77.48654,-9.00727],[-77.55273,-8.98782],[-77.544,-8.93129],[-77.56345,-8.90337],[-77.40557,-8.91318],[-77.39246,-8.88104],[-77.44713,-8.83832],[-77.39265,-8.76762],[-77.27977,-8.70282],[-77.24736,-8.71276],[-77.17482,-8.83362],[-77.15953,-8.8971],[-77.18857,-8.92838],[-77.32047,-8.94544],[-77.3595,-8.97724]]]}},{"type":"Feature","properties":{"COUNT":6,"FIRST_IDPR":"1801","NOMBPROV":"MARISCAL NIETO","FIRST_NOMB":"MOQUEGUA","LAST_DCTO":"-","LAST_LEY":"-","FIRST_FECH":"08/11/1894","LAST_FECHA":"EPOCA INDEP.","MIN_SHAPE_":868659.271087,"ha":868659.27},"geometry":{"type":"Polygon","coordinates":[[[-70.57251,-17.19411],[-70.60998,-17.2145],[-70.68422,-17.22498],[-70.71592,-17.27365],[-70.7524,-17.38057],[-70.73558,-17.40123],[-70.84376,-17.52466],[-70.87965,-17.55524],[-70.90781,-17.64722],[-70.9966,-17.62079],[-71.07288,-17.5247],[-71.07395,-17.48747],[-71.21587,-17.43467],[-71.25935,-17.43995],[-71.31561,-17.41995],[-71.37634,-17.35128],[-71.36937,-17.31223],[-71.44096,-17.25172],[-71.30225,-17.09385],[-71.33942,-17.02176],[-71.38461,-17.02111],[-71.39092,-16.98049],[-71.33303,-16.94347],[-71.28586,-16.94314],[-71.1694,-16.90697],[-71.15569,-16.87118],[-71.06092,-16.7586],[-70.96569,-16.77766],[-70.82586,-16.7615],[-70.77836,-16.71517],[-70.76395,-16.63464],[-70.72049,-16.61936],[-70.67903,-16.54842],[-70.60303,-16.54808],[-70.56278,-16.56388],[-70.47285,-16.55547],[-70.39663,-16.52376],[-70.35975,-16.47764],[-70.31294,-16.46158],[-70.31375,-16.46647],[-70.30242,-16.47752],[-70.29917,-16.4794],[-70.28702,-16.48331],[-70.27223,-16.4925],[-70.24421,-16.50383],[-70.2426,-16.50477],[-70.22867,-16.50608],[-70.22716,-16.50794],[-70.22401,-16.5116],[-70.22221,-16.51221],[-70.2029,-16.53694],[-70.201,-16.53917],[-70.19951,-16.53963],[-70.19333,-16.53907],[-70.19239,-16.53879],[-70.18539,-16.5372],[-70.18405,-16.53853],[-70.18051,-16.55686],[-70.17668,-16.57216],[-70.17582,-16.59275],[-70.17047,-16.59866],[-70.16917,-16.6007],[-70.15792,-16.616],[-70.15441,-16.61571],[-70.14623,-16.61713],[-70.14274,-16.62047],[-70.13457,-16.63066],[-70.12617,-16.63459],[-70.12138,-16.63719],[-70.11337,-16.63975],[-70.10785,-16.64412],[-70.10367,-16.64825],[-70.09914,-16.6503],[-70.09901,-16.65045],[-70.09066,-16.6541],[-70.08678,-16.65518],[-70.08416,-16.65297],[-70.07267,-16.64126],[-70.04861,-16.62771],[-70.03327,-16.63432],[-70.03064,-16.63472],[-70.02462,-16.63118],[-69.99556,-16.72978],[-70.05086,-16.76366],[-70.09109,-16.81212],[-70.09428,-16.89092],[-70.14662,-16.93873],[-70.18129,-16.93212],[-70.24718,-16.95244],[-70.25907,-16.90203],[-70.24377,-16.86024],[-70.18407,-16.83469],[-70.20557,-16.80812],[-70.30761,-16.77305],[-70.44161,-16.84123],[-70.46472,-16.94568],[-70.44958,-17.08129],[-70.49186,-17.09137],[-70.5278,-17.16831],[-70.57251,-17.19411]]]}},{"type":"Feature","properties":{"COUNT":4,"FIRST_IDPR":"1604","NOMBPROV":"MARISCAL RAMON CASTILLA","FIRST_NOMB":"LORETO","LAST_DCTO":"DEC.","LAST_LEY":"S/N","FIRST_FECH":"02/07/1943","LAST_FECHA":"07/02/1866","MIN_SHAPE_":3796987.88966,"ha":3796987.89},"geometry":{"type":"Polygon","coordinates":[[[-70.50264,-3.46323],[-70.71115,-3.7903],[-70.61902,-3.84006],[-70.57368,-3.83029],[-70.49641,-3.87581],[-70.3463,-3.79976],[-70.27631,-3.83763],[-70.24609,-3.89037],[-70.198,-3.90961],[-70.17454,-3.96956],[-70.10503,-4.05747],[-70.05997,-4.08624],[-70.03408,-4.13441],[-69.95569,-4.20764],[-69.94959,-4.27938],[-69.97442,-4.33278],[-70.0186,-4.35325],[-70.07086,-4.32232],[-70.07937,-4.28541],[-70.15814,-4.27721],[-70.15383,-4.319],[-70.18084,-4.3554],[-70.24582,-4.28462],[-70.27853,-4.22893],[-70.29395,-4.15931],[-70.37979,-4.13391],[-70.43282,-4.13129],[-70.46631,-4.17576],[-70.52604,-4.13608],[-70.55868,-4.1708],[-70.61624,-4.19348],[-70.64462,-4.12695],[-70.69432,-4.18667],[-70.74703,-4.16121],[-70.81661,-4.19711],[-70.82858,-4.24815],[-70.86463,-4.25615],[-70.87638,-4.32165],[-70.94829,-4.37602],[-71.07423,-4.3941],[-71.10579,-4.37631],[-71.18548,-4.39789],[-71.21299,-4.37664],[-71.26188,-4.42783],[-71.34095,-4.43937],[-71.38773,-4.4256],[-71.41881,-4.46471],[-71.47918,-4.43492],[-71.53592,-4.46258],[-71.56956,-4.50823],[-71.61591,-4.52814],[-71.64791,-4.50273],[-71.7068,-4.50989],[-71.7397,-4.48164],[-71.865,-4.52645],[-71.91851,-4.5293],[-71.9186,-4.56191],[-71.98221,-4.62743],[-72.0374,-4.63666],[-72.10305,-4.70657],[-72.18593,-4.74279],[-72.26916,-4.79715],[-72.32589,-4.80156],[-72.37857,-4.83483],[-72.41493,-4.90032],[-72.45255,-4.90099],[-72.48569,-4.93519],[-72.52048,-4.93281],[-72.60536,-4.99918],[-72.60652,-5.02822],[-72.65455,-5.06284],[-72.72865,-5.05484],[-72.81985,-5.13278],[-72.85497,-5.1387],[-72.91279,-5.1199],[-72.97774,-5.06325],[-73.05387,-5.03725],[-73.0981,-5.0008],[-73.16992,-4.998],[-73.23624,-4.97057],[-73.10215,-4.78977],[-73.12944,-4.69554],[-73.06326,-4.66973],[-73.03524,-4.63254],[-73.035,-4.55406],[-73.00677,-4.50785],[-72.93468,-4.4671],[-72.81144,-4.49854],[-72.78338,-4.48846],[-72.75656,-4.38272],[-72.6351,-4.39913],[-72.60294,-4.35523],[-72.62856,-4.30365],[-72.48177,-4.2933],[-72.38776,-4.20853],[-72.43674,-4.16153],[-72.39559,-4.05724],[-72.34816,-4.006],[-72.30601,-3.99426],[-72.25537,-3.94479],[-72.28289,-3.83484],[-72.27994,-3.73945],[-72.30265,-3.68612],[-72.17427,-3.60428],[-72.14802,-3.52852],[-72.11844,-3.49767],[-72.19801,-3.44105],[-72.19845,-3.40426],[-72.27396,-3.33278],[-72.29344,-3.29294],[-72.33777,-3.28245],[-72.40383,-3.23514],[-72.47906,-3.09866],[-72.54636,-3.0714],[-72.57339,-2.94785],[-72.57077,-2.8909],[-72.51754,-2.89114],[-72.44866,-2.84526],[-72.37731,-2.84996],[-72.27683,-2.78691],[-72.19305,-2.81536],[-72.16772,-2.8005],[-72.11765,-2.83145],[-72.03274,-2.81612],[-71.98296,-2.87629],[-71.93828,-2.90326],[-71.79684,-2.90725],[-71.75487,-2.94135],[-71.74518,-2.97914],[-71.68561,-3.01189],[-71.64937,-3.01195],[-71.59579,-2.95178],[-71.49038,-3.0154],[-71.48872,-3.10854],[-71.4029,-3.17209],[-71.31074,-3.18157],[-71.20702,-3.21895],[-71.0644,-3.21502],[-71.05069,-3.25662],[-70.97588,-3.28079],[-70.93129,-3.34741],[-70.84266,-3.34809],[-70.76209,-3.38015],[-70.71462,-3.36395],[-70.65445,-3.40669],[-70.59437,-3.42487],[-70.52861,-3.40784],[-70.50264,-3.46323]]]}},{"type":"Feature","properties":{"COUNT":13,"FIRST_IDPR":"1601","NOMBPROV":"MAYNAS","FIRST_NOMB":"LORETO","LAST_DCTO":"LEY","LAST_LEY":"28362","FIRST_FECH":"08/06/1936","LAST_FECHA":"19/10/2004","MIN_SHAPE_":12170565.8047,"ha":12170565.8},"geometry":{"type":"Polygon","coordinates":[[[-70.50264,-3.46323],[-70.52861,-3.40784],[-70.59437,-3.42487],[-70.65445,-3.40669],[-70.71462,-3.36395],[-70.76209,-3.38015],[-70.84266,-3.34809],[-70.93129,-3.34741],[-70.97588,-3.28079],[-71.05069,-3.25662],[-71.0644,-3.21502],[-71.20702,-3.21895],[-71.31074,-3.18157],[-71.4029,-3.17209],[-71.48872,-3.10854],[-71.49038,-3.0154],[-71.59579,-2.95178],[-71.64937,-3.01195],[-71.68561,-3.01189],[-71.74518,-2.97914],[-71.75487,-2.94135],[-71.79684,-2.90725],[-71.93828,-2.90326],[-71.98296,-2.87629],[-72.03274,-2.81612],[-72.11765,-2.83145],[-72.16772,-2.8005],[-72.19305,-2.81536],[-72.27683,-2.78691],[-72.37731,-2.84996],[-72.44866,-2.84526],[-72.51754,-2.89114],[-72.57077,-2.8909],[-72.57339,-2.94785],[-72.54636,-3.0714],[-72.47906,-3.09866],[-72.40383,-3.23514],[-72.33777,-3.28245],[-72.29344,-3.29294],[-72.27396,-3.33278],[-72.19845,-3.40426],[-72.19801,-3.44105],[-72.11844,-3.49767],[-72.14802,-3.52852],[-72.17427,-3.60428],[-72.30265,-3.68612],[-72.27994,-3.73945],[-72.28289,-3.83484],[-72.25537,-3.94479],[-72.30601,-3.99426],[-72.34816,-4.006],[-72.39559,-4.05724],[-72.43674,-4.16153],[-72.38776,-4.20853],[-72.48177,-4.2933],[-72.62856,-4.30365],[-72.60294,-4.35523],[-72.6351,-4.39913],[-72.75656,-4.38272],[-72.78338,-4.48846],[-72.81144,-4.49854],[-72.93468,-4.4671],[-73.00677,-4.50785],[-73.035,-4.55406],[-73.03524,-4.63254],[-73.06326,-4.66973],[-73.12944,-4.69554],[-73.1556,-4.70971],[-73.26966,-4.63884],[-73.32256,-4.58432],[-73.3953,-4.47925],[-73.43522,-4.44636],[-73.42056,-4.42419],[-73.4428,-4.30635],[-73.38062,-4.26],[-73.40029,-4.23855],[-73.46821,-4.2849],[-73.48814,-4.32365],[-73.54922,-4.34133],[-73.59268,-4.38182],[-73.69192,-4.43978],[-73.74709,-4.44906],[-73.83358,-4.43862],[-73.88352,-4.38843],[-73.937,-4.3719],[-73.94526,-4.3245],[-74.0587,-4.24761],[-74.10171,-4.17703],[-74.13544,-4.06188],[-74.14791,-3.98932],[-74.19222,-3.88246],[-74.21914,-3.854],[-74.28113,-3.8298],[-74.36744,-3.71868],[-74.50143,-3.69886],[-74.55454,-3.63331],[-74.67923,-3.50937],[-74.67947,-3.46579],[-74.71257,-3.43607],[-74.75394,-3.33453],[-74.81878,-3.29685],[-74.81337,-3.24321],[-74.8929,-3.20985],[-74.99161,-3.19001],[-75.01781,-3.12898],[-75.01429,-3.07488],[-75.05464,-2.94019],[-75.01027,-2.76636],[-75.00993,-2.68467],[-74.97375,-2.6607],[-74.95746,-2.61146],[-74.99119,-2.51601],[-74.95681,-2.50429],[-74.94959,-2.45879],[-74.96515,-2.36565],[-75.01715,-2.35179],[-75.08323,-2.29347],[-75.14088,-2.27893],[-75.16608,-2.19175],[-75.24619,-2.13383],[-75.24325,-2.1031],[-75.28815,-2.00871],[-75.33755,-2.0032],[-75.4449,-2.03414],[-75.47254,-2.00386],[-75.53629,-1.99646],[-75.57484,-1.96346],[-75.74592,-1.93092],[-75.77708,-1.85647],[-75.77836,-1.79395],[-75.58093,-1.54637],[-75.53896,-1.48347],[-75.4039,-1.00008],[-75.3867,-0.92974],[-75.32203,-0.97478],[-75.21624,-0.97083],[-75.22117,-0.86576],[-75.27247,-0.7354],[-75.23587,-0.64727],[-75.2276,-0.55143],[-75.27774,-0.49841],[-75.31276,-0.49424],[-75.38752,-0.43433],[-75.46273,-0.31843],[-75.48222,-0.23696],[-75.53077,-0.1809],[-75.61055,-0.19112],[-75.6105,-0.11336],[-75.56361,-0.1312],[-75.50563,-0.11794],[-75.46068,-0.15167],[-75.40513,-0.17027],[-75.30624,-0.15542],[-75.25977,-0.12795],[-75.1836,-0.03861],[-75.07736,-0.0842],[-75.01689,-0.14569],[-74.9728,-0.15353],[-74.93208,-0.21779],[-74.84809,-0.23358],[-74.81391,-0.19225],[-74.76271,-0.22479],[-74.73039,-0.29292],[-74.73114,-0.33918],[-74.66864,-0.37375],[-74.61668,-0.37308],[-74.57472,-0.39503],[-74.52955,-0.46513],[-74.42134,-0.50452],[-74.42687,-0.54112],[-74.38818,-0.55566],[-74.36644,-0.61045],[-74.37283,-0.65289],[-74.26815,-0.84701],[-74.2783,-0.89986],[-74.26722,-0.98236],[-74.2234,-1.00736],[-74.16836,-1.00633],[-74.09426,-1.04801],[-74.0462,-1.04482],[-74.01507,-1.08648],[-73.9478,-1.13211],[-73.91374,-1.12003],[-73.85713,-1.23178],[-73.68093,-1.23802],[-73.61995,-1.26131],[-73.61297,-1.31549],[-73.53164,-1.43501],[-73.52882,-1.46467],[-73.47857,-1.52209],[-73.50117,-1.61915],[-73.53696,-1.68836],[-73.49995,-1.7312],[-73.45928,-1.7364],[-73.42565,-1.7903],[-73.38334,-1.77471],[-73.30676,-1.78344],[-73.20379,-1.76392],[-73.15207,-1.85758],[-73.11277,-1.87281],[-73.11867,-2.0157],[-73.0944,-2.04223],[-73.13203,-2.18355],[-73.16876,-2.22463],[-73.119,-2.28454],[-73.1211,-2.32543],[-73.0683,-2.31514],[-73.06641,-2.35524],[-72.96336,-2.34315],[-72.956,-2.39155],[-72.88909,-2.43332],[-72.8518,-2.43578],[-72.7691,-2.3868],[-72.71518,-2.38559],[-72.69212,-2.40629],[-72.59552,-2.36655],[-72.51916,-2.42522],[-72.46645,-2.42123],[-72.37942,-2.45498],[-72.36811,-2.48953],[-72.2909,-2.46914],[-72.25822,-2.43225],[-72.20567,-2.44595],[-72.14776,-2.41563],[-72.04874,-2.33494],[-72.01011,-2.36895],[-71.96196,-2.35714],[-71.92606,-2.30778],[-71.88476,-2.31159],[-71.83277,-2.19042],[-71.79913,-2.20437],[-71.74059,-2.1422],[-71.73122,-2.20145],[-71.7085,-2.22733],[-71.66403,-2.2023],[-71.60408,-2.23139],[-71.46335,-2.27109],[-71.37109,-2.38935],[-71.31674,-2.3744],[-71.30239,-2.34357],[-71.23108,-2.33761],[-71.18817,-2.37958],[-71.16684,-2.33777],[-71.13032,-2.33749],[-71.13358,-2.28513],[-71.05333,-2.27062],[-71.00021,-2.20785],[-70.92867,-2.25415],[-70.87939,-2.22089],[-70.83595,-2.29081],[-70.77776,-2.29299],[-70.75124,-2.32827],[-70.66592,-2.35377],[-70.67844,-2.40214],[-70.62707,-2.39753],[-70.63829,-2.46577],[-70.5993,-2.48444],[-70.47506,-2.45507],[-70.43723,-2.52125],[-70.41254,-2.5257],[-70.35791,-2.48932],[-70.29517,-2.51263],[-70.3545,-2.54527],[-70.33458,-2.57789],[-70.27384,-2.54733],[-70.23006,-2.57459],[-70.21933,-2.64359],[-70.10327,-2.65736],[-70.06604,-2.6841],[-70.06006,-2.75892],[-70.13998,-2.89082],[-70.50264,-3.46323]]]}},{"type":"Feature","properties":{"COUNT":9,"FIRST_IDPR":"2108","NOMBPROV":"MELGAR","FIRST_NOMB":"PUNO","LAST_DCTO":"-","LAST_LEY":"-","FIRST_FECH":"EPOCA INDEP.","LAST_FECHA":"EPOCA INDEP.","MIN_SHAPE_":657194.75026,"ha":657194.75},"geometry":{"type":"Polygon","coordinates":[[[-70.26824,-14.28297],[-70.26753,-14.28572],[-70.26669,-14.2895],[-70.26726,-14.29408],[-70.2676,-14.29671],[-70.2681,-14.30094],[-70.26903,-14.30334],[-70.27117,-14.30808],[-70.27168,-14.3095],[-70.27267,-14.31063],[-70.2731,-14.31221],[-70.27383,-14.31434],[-70.27651,-14.32256],[-70.28023,-14.32829],[-70.28114,-14.3294],[-70.28355,-14.33148],[-70.28615,-14.33366],[-70.29194,-14.33888],[-70.30128,-14.34357],[-70.31429,-14.34011],[-70.31473,-14.34024],[-70.31669,-14.34189],[-70.31753,-14.34263],[-70.32229,-14.3459],[-70.32665,-14.3499],[-70.32665,-14.35664],[-70.32342,-14.3612],[-70.32357,-14.3621],[-70.32397,-14.36356],[-70.32361,-14.36613],[-70.32363,-14.37064],[-70.3229,-14.37319],[-70.31992,-14.37547],[-70.31546,-14.37932],[-70.3176,-14.38649],[-70.31795,-14.3878],[-70.31905,-14.39214],[-70.31948,-14.39359],[-70.31932,-14.39704],[-70.31935,-14.39816],[-70.31826,-14.40492],[-70.31803,-14.40601],[-70.32321,-14.41285],[-70.32444,-14.41413],[-70.3268,-14.41885],[-70.32717,-14.4193],[-70.32668,-14.42318],[-70.32646,-14.42634],[-70.32669,-14.42741],[-70.32838,-14.43088],[-70.3291,-14.43116],[-70.32927,-14.43293],[-70.32985,-14.437],[-70.32978,-14.43915],[-70.33066,-14.4433],[-70.33153,-14.44598],[-70.33222,-14.44701],[-70.33191,-14.44757],[-70.332,-14.44803],[-70.33253,-14.44887],[-70.33282,-14.44983],[-70.33401,-14.45264],[-70.33396,-14.45329],[-70.33215,-14.45498],[-70.33163,-14.45629],[-70.33084,-14.45681],[-70.33018,-14.45805],[-70.33028,-14.45947],[-70.32923,-14.46235],[-70.32964,-14.46826],[-70.3304,-14.46911],[-70.33059,-14.46977],[-70.33268,-14.47208],[-70.33636,-14.47757],[-70.33822,-14.48126],[-70.33805,-14.48197],[-70.3378,-14.48658],[-70.33828,-14.48861],[-70.34272,-14.49589],[-70.34524,-14.49784],[-70.34557,-14.49981],[-70.34679,-14.50127],[-70.34745,-14.5016],[-70.34837,-14.50221],[-70.34855,-14.50243],[-70.34901,-14.50316],[-70.34935,-14.50409],[-70.34967,-14.50482],[-70.35159,-14.50622],[-70.35242,-14.50694],[-70.3528,-14.50767],[-70.35285,-14.50895],[-70.35278,-14.50916],[-70.35215,-14.51205],[-70.35253,-14.51437],[-70.35291,-14.5161],[-70.35406,-14.52116],[-70.35437,-14.52182],[-70.35397,-14.52394],[-70.35332,-14.52587],[-70.35258,-14.52871],[-70.35262,-14.52984],[-70.35256,-14.5304],[-70.3543,-14.53328],[-70.3614,-14.53902],[-70.3692,-14.54105],[-70.36875,-14.54347],[-70.36664,-14.55067],[-70.3653,-14.55114],[-70.35398,-14.55767],[-70.35134,-14.55874],[-70.34281,-14.5733],[-70.34206,-14.57803],[-70.34349,-14.58055],[-70.34493,-14.58343],[-70.35506,-14.58803],[-70.35618,-14.58868],[-70.36253,-14.59561],[-70.36467,-14.59732],[-70.36846,-14.59494],[-70.37062,-14.59222],[-70.37683,-14.58455],[-70.38729,-14.57362],[-70.38842,-14.57216],[-70.38957,-14.57121],[-70.3909,-14.57019],[-70.40404,-14.5623],[-70.40578,-14.56328],[-70.42348,-14.57374],[-70.42487,-14.58401],[-70.42428,-14.58496],[-70.41596,-14.60582],[-70.41794,-14.61018],[-70.4181,-14.61117],[-70.41644,-14.61582],[-70.41446,-14.61659],[-70.41109,-14.61832],[-70.4032,-14.62452],[-70.39526,-14.63265],[-70.39193,-14.63325],[-70.38775,-14.63671],[-70.38772,-14.64264],[-70.38763,-14.64525],[-70.38579,-14.65823],[-70.38385,-14.66323],[-70.3821,-14.66787],[-70.38273,-14.6704],[-70.38359,-14.67332],[-70.38475,-14.67696],[-70.38597,-14.67972],[-70.38848,-14.68367],[-70.39853,-14.70352],[-70.40199,-14.71847],[-70.40421,-14.72061],[-70.41185,-14.72748],[-70.41767,-14.73375],[-70.42672,-14.76867],[-70.43056,-14.7735],[-70.44554,-14.78799],[-70.44552,-14.79813],[-70.44681,-14.80116],[-70.44674,-14.80353],[-70.44846,-14.81065],[-70.45298,-14.82038],[-70.45397,-14.82584],[-70.45193,-14.82742],[-70.45043,-14.82759],[-70.44207,-14.83346],[-70.44319,-14.83661],[-70.44021,-14.85273],[-70.43814,-14.85521],[-70.43748,-14.85552],[-70.43733,-14.86024],[-70.43767,-14.8609],[-70.44111,-14.86763],[-70.44387,-14.87097],[-70.44884,-14.87405],[-70.44934,-14.8749],[-70.45598,-14.88081],[-70.45628,-14.88295],[-70.45754,-14.88468],[-70.46104,-14.89112],[-70.46102,-14.89214],[-70.46295,-14.90111],[-70.46389,-14.90641],[-70.46524,-14.91136],[-70.46614,-14.92067],[-70.46682,-14.92123],[-70.46593,-14.92283],[-70.46617,-14.92422],[-70.46793,-14.92602],[-70.4657,-14.92799],[-70.46552,-14.92815],[-70.50445,-14.92243],[-70.53184,-15.02795],[-70.55256,-15.06364],[-70.52008,-15.1513],[-70.56258,-15.18401],[-70.59585,-15.12681],[-70.65732,-15.134],[-70.76082,-15.03086],[-70.83349,-15.00209],[-70.9936,-15.08459],[-71.00405,-14.97188],[-70.98474,-14.94607],[-70.99384,-14.82916],[-70.97548,-14.76413],[-71.01309,-14.73969],[-71.05324,-14.75433],[-71.08951,-14.71319],[-71.11794,-14.64892],[-71.11298,-14.64393],[-71.11246,-14.64349],[-71.10993,-14.63567],[-71.10993,-14.63469],[-71.10912,-14.63395],[-71.09901,-14.63269],[-71.0958,-14.63304],[-71.09399,-14.63252],[-71.08069,-14.6299],[-71.07548,-14.63194],[-71.06937,-14.62605],[-71.06565,-14.6241],[-71.06054,-14.62027],[-71.05492,-14.61685],[-71.05388,-14.61571],[-71.05312,-14.61516],[-71.05017,-14.61014],[-71.03877,-14.59819],[-71.0249,-14.59193],[-71.01005,-14.59754],[-71.01231,-14.59158],[-71.01511,-14.58829],[-71.01965,-14.58595],[-71.01969,-14.5834],[-71.0164,-14.57924],[-71.00262,-14.57234],[-70.99274,-14.57577],[-70.98982,-14.57908],[-70.98471,-14.58023],[-70.9777,-14.58302],[-70.97343,-14.57223],[-70.97351,-14.57137],[-70.97323,-14.57052],[-70.9669,-14.56891],[-70.96643,-14.5675],[-70.96723,-14.56629],[-70.96799,-14.56483],[-70.96902,-14.56229],[-70.97062,-14.56016],[-70.97818,-14.55049],[-70.98185,-14.54775],[-70.98264,-14.54439],[-70.98237,-14.54307],[-70.97927,-14.54212],[-70.97906,-14.54057],[-70.98109,-14.53664],[-70.98299,-14.53253],[-70.98361,-14.53157],[-70.98448,-14.53078],[-70.98585,-14.52909],[-70.9884,-14.52567],[-70.98861,-14.52437],[-70.99221,-14.51619],[-70.99492,-14.51054],[-70.99599,-14.50739],[-70.99803,-14.50391],[-70.99933,-14.50284],[-70.99917,-14.50227],[-70.9981,-14.50168],[-70.99463,-14.50072],[-70.9934,-14.50022],[-70.98731,-14.49922],[-70.98659,-14.49872],[-70.98659,-14.49573],[-70.98736,-14.4943],[-70.98747,-14.49307],[-70.98866,-14.49049],[-70.98916,-14.48944],[-70.98923,-14.48883],[-70.98485,-14.47912],[-70.98339,-14.4767],[-70.9826,-14.47433],[-70.98346,-14.47155],[-70.98383,-14.47066],[-70.98469,-14.46879],[-70.98467,-14.46806],[-70.98472,-14.46663],[-70.98501,-14.4654],[-70.98572,-14.46419],[-70.98636,-14.46298],[-70.98818,-14.46189],[-70.98834,-14.46086],[-70.98807,-14.4602],[-70.98782,-14.45697],[-70.98755,-14.45491],[-70.98336,-14.45058],[-70.98137,-14.44902],[-70.97377,-14.44711],[-70.96908,-14.44724],[-70.96428,-14.44516],[-70.96235,-14.44454],[-70.96368,-14.4425],[-70.9649,-14.44154],[-70.96595,-14.43895],[-70.96841,-14.43344],[-70.97004,-14.43158],[-70.97083,-14.43064],[-70.97158,-14.43019],[-70.97313,-14.42955],[-70.97377,-14.42929],[-70.97388,-14.42813],[-70.97325,-14.42653],[-70.97278,-14.42408],[-70.97186,-14.42134],[-70.97357,-14.41832],[-70.97597,-14.41779],[-70.97699,-14.41748],[-70.97705,-14.41746],[-70.97817,-14.41715],[-70.97872,-14.41666],[-70.96258,-14.36185],[-70.91297,-14.32758],[-70.88058,-14.27088],[-70.89935,-14.2293],[-70.86683,-14.16908],[-70.80893,-14.1242],[-70.78982,-14.07882],[-70.71985,-14.07498],[-70.69202,-14.12392],[-70.65014,-14.12457],[-70.61929,-14.15936],[-70.55105,-14.15532],[-70.54119,-14.18971],[-70.47963,-14.22315],[-70.42517,-14.17809],[-70.38691,-14.19602],[-70.32946,-14.17518],[-70.26824,-14.28297]]]}},{"type":"Feature","properties":{"COUNT":4,"FIRST_IDPR":"2109","NOMBPROV":"MOHO","FIRST_NOMB":"PUNO","LAST_DCTO":"LEY","LAST_LEY":"25360","FIRST_FECH":"12/12/1991","LAST_FECHA":"12/12/1991","MIN_SHAPE_":103544.158238,"ha":103544.16},"geometry":{"type":"Polygon","coordinates":[[[-69.65511,-15.27137],[-69.62987,-15.26487],[-69.54843,-15.30868],[-69.50858,-15.24867],[-69.48606,-15.27158],[-69.39836,-15.21229],[-69.29175,-15.16227],[-69.24063,-15.18684],[-69.1763,-15.26136],[-69.24856,-15.37081],[-69.25351,-15.46919],[-69.29007,-15.43688],[-69.33112,-15.53795],[-69.43496,-15.48236],[-69.4767,-15.42725],[-69.56896,-15.3545],[-69.59648,-15.36936],[-69.64198,-15.32015],[-69.65511,-15.27137]]]}},{"type":"Feature","properties":{"COUNT":10,"FIRST_IDPR":"2004","NOMBPROV":"MORROPON","FIRST_NOMB":"PIURA","LAST_DCTO":"LEY","LAST_LEY":"8174","FIRST_FECH":"08/10/1840","LAST_FECHA":"31/01/1936","MIN_SHAPE_":384324.53309,"ha":384324.53},"geometry":{"type":"Polygon","coordinates":[[[-79.83944,-5.63003],[-79.86442,-5.56342],[-79.85399,-5.53182],[-79.90305,-5.49145],[-79.94587,-5.515],[-79.96854,-5.58117],[-79.99919,-5.58536],[-80.08393,-5.56044],[-80.25993,-5.33032],[-80.323,-5.29054],[-80.36502,-5.23242],[-80.33554,-5.12172],[-80.28962,-5.07152],[-80.2215,-5.05045],[-80.25658,-4.99145],[-80.23431,-4.94831],[-80.17641,-4.97175],[-80.10245,-4.92904],[-80.08256,-5.00447],[-80.0388,-5.02636],[-80.00225,-5.01597],[-79.95932,-5.0367],[-79.90917,-5.0194],[-79.86243,-4.97204],[-79.78848,-4.99082],[-79.67826,-5.09355],[-79.64221,-5.10722],[-79.71492,-5.12663],[-79.72033,-5.18209],[-79.6941,-5.2592],[-79.6552,-5.3333],[-79.66282,-5.36895],[-79.74036,-5.38093],[-79.76843,-5.42453],[-79.74999,-5.44644],[-79.64253,-5.48519],[-79.68161,-5.53098],[-79.73738,-5.509],[-79.77705,-5.56192],[-79.8004,-5.56215],[-79.83944,-5.63003]]]}},{"type":"Feature","properties":{"COUNT":6,"FIRST_IDPR":"2201","NOMBPROV":"MOYOBAMBA","FIRST_NOMB":"SAN MARTIN","LAST_DCTO":"LEY","LAST_LEY":"S/N","FIRST_FECH":"02/01/1857","LAST_FECHA":"02/01/1857","MIN_SHAPE_":392696.455,"ha":392696.46},"geometry":{"type":"Polygon","coordinates":[[[-77.74483,-5.4069],[-77.69596,-5.41105],[-77.67036,-5.40964],[-77.58167,-5.46118],[-77.55812,-5.42558],[-77.5174,-5.46675],[-77.46194,-5.58414],[-77.40873,-5.58916],[-77.37007,-5.56956],[-77.33832,-5.60347],[-77.23194,-5.59546],[-77.04173,-5.67471],[-76.99561,-5.66712],[-76.96135,-5.70608],[-76.89454,-5.74623],[-76.83545,-5.74556],[-76.81805,-5.86214],[-76.74673,-5.95403],[-76.75443,-5.99839],[-76.78683,-6.02388],[-76.84564,-6.03036],[-76.88347,-6.08221],[-76.84035,-6.10499],[-76.81533,-6.24432],[-76.83514,-6.28515],[-76.8671,-6.26461],[-76.94932,-6.28438],[-76.97181,-6.32252],[-76.95252,-6.39716],[-77.0092,-6.41321],[-77.11548,-6.39921],[-77.14658,-6.35111],[-77.13273,-6.30242],[-77.19728,-6.23342],[-77.12454,-6.20336],[-77.12046,-6.15926],[-77.14322,-6.10082],[-77.15384,-6.01696],[-77.14018,-5.94452],[-77.19552,-5.93875],[-77.22984,-5.89878],[-77.25307,-5.80348],[-77.29987,-5.76189],[-77.40346,-5.69967],[-77.50083,-5.67192],[-77.57109,-5.70836],[-77.62719,-5.64363],[-77.65538,-5.58082],[-77.641,-5.5263],[-77.74219,-5.42338],[-77.74483,-5.4069]]]}},{"type":"Feature","properties":{"COUNT":5,"FIRST_IDPR":"1103","NOMBPROV":"NAZCA","FIRST_NOMB":"ICA","LAST_DCTO":"LEY","LAST_LEY":"2548","FIRST_FECH":"10/05/1955","LAST_FECHA":"19/11/1917","MIN_SHAPE_":518745.164839,"ha":518745.16},"geometry":{"type":"Polygon","coordinates":[[[-75.08009,-14.56901],[-75.0599,-14.62262],[-74.95892,-14.60645],[-74.89542,-14.54508],[-74.85277,-14.61181],[-74.84574,-14.70798],[-74.8027,-14.75215],[-74.75601,-14.77113],[-74.74624,-14.84355],[-74.69384,-14.83816],[-74.66345,-14.90793],[-74.66427,-15.0447],[-74.7623,-15.09805],[-74.81592,-15.1395],[-74.8706,-15.15123],[-74.93987,-15.20601],[-74.9682,-15.29942],[-75.00388,-15.33023],[-75.04965,-15.4345],[-75.07333,-15.44294],[-75.08257,-15.42369],[-75.18589,-15.36724],[-75.15221,-15.34936],[-75.16882,-15.30739],[-75.23062,-15.2772],[-75.21662,-15.23142],[-75.27468,-15.16832],[-75.36865,-15.14079],[-75.44269,-15.00059],[-75.50428,-14.95994],[-75.49404,-14.92966],[-75.4403,-14.8949],[-75.41608,-14.77474],[-75.43267,-14.74996],[-75.41062,-14.68524],[-75.42634,-14.64306],[-75.36089,-14.62073],[-75.36369,-14.58209],[-75.3303,-14.61536],[-75.2392,-14.59102],[-75.21877,-14.64639],[-75.18558,-14.63689],[-75.15485,-14.67702],[-75.07995,-14.60231],[-75.08009,-14.56901]]]}},{"type":"Feature","properties":{"COUNT":10,"FIRST_IDPR":"0214","NOMBPROV":"OCROS","FIRST_NOMB":"ANCASH","LAST_DCTO":"LEY","LAST_LEY":"S/N","FIRST_FECH":"30/09/1941","LAST_FECHA":"02/01/1857","MIN_SHAPE_":193492.38296,"ha":193492.38},"geometry":{"type":"Polygon","coordinates":[[[-77.3447,-10.60798],[-77.39531,-10.66154],[-77.38557,-10.70759],[-77.49496,-10.7461],[-77.57717,-10.72857],[-77.58637,-10.64694],[-77.57665,-10.58375],[-77.64073,-10.59627],[-77.64426,-10.52741],[-77.73678,-10.56321],[-77.68392,-10.43139],[-77.59937,-10.38333],[-77.52364,-10.3874],[-77.48148,-10.34623],[-77.46252,-10.27566],[-77.39915,-10.27205],[-77.3595,-10.29203],[-77.24376,-10.26717],[-77.22968,-10.33],[-77.15821,-10.36192],[-77.17287,-10.40087],[-77.17604,-10.4831],[-77.19099,-10.55213],[-77.25187,-10.54524],[-77.31063,-10.56769],[-77.3447,-10.60798]]]}},{"type":"Feature","properties":{"COUNT":10,"FIRST_IDPR":"1306","NOMBPROV":"OTUZCO","FIRST_NOMB":"LA LIBERTAD","LAST_DCTO":"DEC.","LAST_LEY":"S/N","FIRST_FECH":"07/03/1964","LAST_FECHA":"17/12/1866","MIN_SHAPE_":208386.55936,"ha":208386.56},"geometry":{"type":"Polygon","coordinates":[[[-78.68237,-8.09722],[-78.72133,-8.09172],[-78.71151,-8.01623],[-78.68363,-7.99719],[-78.6889,-7.94741],[-78.78022,-7.88362],[-78.77571,-7.80068],[-78.81626,-7.79687],[-78.89307,-7.74897],[-78.91229,-7.68608],[-78.89598,-7.64539],[-78.80377,-7.63411],[-78.71246,-7.70398],[-78.69605,-7.76268],[-78.66319,-7.79198],[-78.58122,-7.71092],[-78.55092,-7.7262],[-78.49945,-7.6974],[-78.46844,-7.64574],[-78.37606,-7.63996],[-78.34796,-7.68572],[-78.3028,-7.69646],[-78.26115,-7.75402],[-78.27335,-7.78491],[-78.25232,-7.83718],[-78.25301,-7.88653],[-78.32047,-7.90595],[-78.40615,-7.9901],[-78.47185,-7.99716],[-78.53312,-8.04267],[-78.5359,-8.08389],[-78.59572,-8.06157],[-78.68237,-8.09722]]]}},{"type":"Feature","properties":{"COUNT":7,"FIRST_IDPR":"1903","NOMBPROV":"OXAPAMPA","FIRST_NOMB":"PASCO","LAST_DCTO":"LEY","LAST_LEY":"13014","FIRST_FECH":"14/05/1876","LAST_FECHA":"17/06/1958","MIN_SHAPE_":1784306.29337,"ha":1784306.29},"geometry":{"type":"Polygon","coordinates":[[[-75.45335,-10.9003],[-75.46522,-10.90113],[-75.46609,-10.89964],[-75.46734,-10.89595],[-75.46766,-10.89218],[-75.46743,-10.89098],[-75.46717,-10.89037],[-75.46712,-10.88816],[-75.46861,-10.88594],[-75.46957,-10.88509],[-75.47233,-10.88282],[-75.47285,-10.88137],[-75.47283,-10.87887],[-75.47264,-10.87596],[-75.47278,-10.87444],[-75.47412,-10.87009],[-75.47551,-10.86768],[-75.47791,-10.86497],[-75.47827,-10.86371],[-75.47793,-10.86139],[-75.47801,-10.85958],[-75.48031,-10.85304],[-75.48041,-10.84872],[-75.47976,-10.84751],[-75.47819,-10.84547],[-75.47666,-10.84422],[-75.47515,-10.84299],[-75.47551,-10.8399],[-75.47541,-10.83465],[-75.4753,-10.83323],[-75.47457,-10.82902],[-75.47678,-10.82396],[-75.47742,-10.8227],[-75.47974,-10.81793],[-75.47902,-10.81571],[-75.47422,-10.80976],[-75.47096,-10.80899],[-75.46897,-10.808],[-75.46806,-10.80755],[-75.46949,-10.80194],[-75.46989,-10.80126],[-75.47059,-10.79912],[-75.46997,-10.79749],[-75.4642,-10.79137],[-75.46176,-10.78865],[-75.46149,-10.78758],[-75.46009,-10.7865],[-75.45936,-10.78541],[-75.4592,-10.78427],[-75.45928,-10.78211],[-75.45949,-10.78032],[-75.45985,-10.77896],[-75.46107,-10.77765],[-75.46232,-10.7767],[-75.47012,-10.77685],[-75.47132,-10.7782],[-75.47184,-10.77881],[-75.4742,-10.78014],[-75.47789,-10.78096],[-75.48214,-10.77639],[-75.48232,-10.77471],[-75.48412,-10.76499],[-75.48485,-10.76499],[-75.48849,-10.76139],[-75.48923,-10.76035],[-75.49025,-10.75683],[-75.49454,-10.75523],[-75.49478,-10.75516],[-75.4963,-10.75598],[-75.49665,-10.75699],[-75.5,-10.75838],[-75.50062,-10.75806],[-75.50254,-10.75799],[-75.50279,-10.75805],[-75.50525,-10.75678],[-75.50799,-10.75462],[-75.50924,-10.75392],[-75.50936,-10.75392],[-75.51002,-10.75425],[-75.51048,-10.75452],[-75.51284,-10.75585],[-75.51311,-10.7561],[-75.51349,-10.75637],[-75.51372,-10.75643],[-75.51447,-10.75637],[-75.51569,-10.75503],[-75.5172,-10.75396],[-75.52094,-10.75431],[-75.52196,-10.75395],[-75.52308,-10.75367],[-75.52371,-10.75289],[-75.52726,-10.7495],[-75.52872,-10.74895],[-75.52955,-10.74861],[-75.53062,-10.74697],[-75.53073,-10.74601],[-75.53084,-10.74529],[-75.53125,-10.74347],[-75.53142,-10.74329],[-75.53322,-10.74353],[-75.53554,-10.74274],[-75.5363,-10.74222],[-75.53661,-10.74211],[-75.53713,-10.74206],[-75.53876,-10.74229],[-75.54192,-10.74109],[-75.54248,-10.74097],[-75.54415,-10.7412],[-75.54597,-10.74246],[-75.5484,-10.74455],[-75.54903,-10.74505],[-75.55118,-10.74551],[-75.55254,-10.7452],[-75.55502,-10.74457],[-75.55602,-10.74426],[-75.55678,-10.74412],[-75.55692,-10.74407],[-75.55744,-10.74357],[-75.55788,-10.74233],[-75.55815,-10.742],[-75.55905,-10.74162],[-75.56005,-10.74015],[-75.56081,-10.73651],[-75.56229,-10.73325],[-75.56245,-10.7323],[-75.56306,-10.7309],[-75.56469,-10.72909],[-75.56582,-10.72867],[-75.56777,-10.72712],[-75.57342,-10.68063],[-75.62341,-10.62234],[-75.71349,-10.60629],[-75.85677,-10.55434],[-75.93585,-10.48471],[-75.9855,-10.48284],[-75.92515,-10.40676],[-75.92441,-10.35603],[-75.8564,-10.30171],[-75.84013,-10.25827],[-75.7856,-10.25237],[-75.70397,-10.20669],[-75.70311,-10.13304],[-75.6749,-10.04708],[-75.60859,-10.02287],[-75.59366,-9.95179],[-75.54864,-9.98361],[-75.47573,-9.97396],[-75.39565,-9.91396],[-75.36936,-9.87083],[-75.28794,-9.87028],[-75.27582,-9.84976],[-75.30307,-9.78362],[-75.24075,-9.78584],[-75.16012,-9.83997],[-75.1084,-9.84625],[-75.05988,-9.81969],[-74.99944,-9.83845],[-74.9431,-9.7611],[-74.89767,-9.73711],[-74.84935,-9.7483],[-74.80443,-9.72982],[-74.80704,-9.68658],[-74.73517,-9.57271],[-74.75052,-9.52461],[-74.7277,-9.46997],[-74.6771,-9.42832],[-74.58456,-9.49562],[-74.57556,-9.57049],[-74.49676,-9.59335],[-74.48555,-9.70222],[-74.44758,-9.77996],[-74.4502,-9.87023],[-74.41455,-9.90211],[-74.41233,-9.95396],[-74.42403,-9.98944],[-74.40061,-10.07052],[-74.36697,-10.1129],[-74.32776,-10.10965],[-74.30394,-10.16359],[-74.23166,-10.18505],[-74.22434,-10.27923],[-74.27671,-10.37407],[-74.25518,-10.45248],[-74.21873,-10.45211],[-74.18179,-10.50404],[-74.13267,-10.60491],[-74.16496,-10.63845],[-74.22985,-10.6355],[-74.28113,-10.67486],[-74.31731,-10.72671],[-74.37427,-10.75811],[-74.38568,-10.81177],[-74.48492,-10.83646],[-74.51004,-10.88035],[-74.573,-10.9126],[-74.6141,-10.90463],[-74.6493,-10.86707],[-74.70017,-10.87789],[-74.73269,-10.83573],[-74.7918,-10.83113],[-74.83131,-10.7805],[-74.89331,-10.76913],[-74.95648,-10.73279],[-74.97926,-10.74689],[-75.01666,-10.67713],[-75.07432,-10.66581],[-75.1198,-10.73022],[-75.19102,-10.71571],[-75.24405,-10.76695],[-75.26236,-10.82529],[-75.3173,-10.86357],[-75.40638,-10.85613],[-75.45335,-10.9003]]]}},{"type":"Feature","properties":{"COUNT":6,"FIRST_IDPR":"1509","NOMBPROV":"OYON","FIRST_NOMB":"LIMA","LAST_DCTO":"LEY","LAST_LEY":"S/N","FIRST_FECH":"EPOC.INDEP.","LAST_FECHA":"02/01/1857","MIN_SHAPE_":187645.114944,"ha":187645.11},"geometry":{"type":"Polygon","coordinates":[[[-77.01097,-10.69599],[-76.95341,-10.69461],[-76.87947,-10.65622],[-76.86331,-10.62182],[-76.8572,-10.49336],[-76.82817,-10.42898],[-76.7999,-10.41913],[-76.77004,-10.4648],[-76.72505,-10.48571],[-76.70179,-10.59354],[-76.65566,-10.64678],[-76.65938,-10.68825],[-76.63349,-10.78453],[-76.58821,-10.84505],[-76.65421,-10.88198],[-76.6951,-10.87927],[-76.74312,-10.93433],[-76.79861,-10.91907],[-76.88924,-10.84413],[-76.9689,-10.86391],[-77.07763,-11.01246],[-77.13884,-11.01123],[-77.19423,-10.9575],[-77.16804,-10.91854],[-77.15649,-10.84924],[-77.17662,-10.77807],[-77.14029,-10.7561],[-77.03484,-10.73275],[-77.01097,-10.69599]]]}},{"type":"Feature","properties":{"COUNT":5,"FIRST_IDPR":"1307","NOMBPROV":"PACASMAYO","FIRST_NOMB":"LA LIBERTAD","LAST_DCTO":"-","LAST_LEY":"-","FIRST_FECH":"EPOCA INDEP.","LAST_FECHA":"EPOCA INDEP.","MIN_SHAPE_":111825.46529,"ha":111825.47},"geometry":{"type":"Polygon","coordinates":[[[-79.18733,-7.38866],[-79.26767,-7.48973],[-79.31623,-7.58181],[-79.35844,-7.55909],[-79.38678,-7.59859],[-79.45482,-7.63802],[-79.57661,-7.46151],[-79.56954,-7.38999],[-79.59972,-7.28575],[-79.56109,-7.28855],[-79.54181,-7.25393],[-79.45879,-7.22546],[-79.40397,-7.30235],[-79.36928,-7.32412],[-79.25633,-7.38186],[-79.18733,-7.38866]]]}},{"type":"Feature","properties":{"COUNT":4,"FIRST_IDPR":"1008","NOMBPROV":"PACHITEA","FIRST_NOMB":"HUANUCO","LAST_DCTO":"LEY","LAST_LEY":"2889","FIRST_FECH":"29/11/1918","LAST_FECHA":"29/11/1918","MIN_SHAPE_":263590.903468,"ha":263590.9},"geometry":{"type":"Polygon","coordinates":[[[-75.9855,-10.48284],[-76.03167,-10.45593],[-76.02595,-10.42614],[-76.0434,-10.32973],[-76.03937,-10.23669],[-76.06738,-10.1946],[-76.06381,-10.13084],[-76.04364,-10.09904],[-76.12531,-10.06692],[-76.13621,-9.98628],[-76.11721,-9.9031],[-76.08681,-9.88132],[-76.05857,-9.82122],[-75.87403,-9.79292],[-75.82457,-9.83196],[-75.79459,-9.80989],[-75.81036,-9.76413],[-75.79783,-9.70279],[-75.72125,-9.61751],[-75.71388,-9.6125],[-75.71147,-9.69077],[-75.72454,-9.74],[-75.71628,-9.8023],[-75.75293,-9.81698],[-75.76141,-9.85644],[-75.65527,-9.94377],[-75.59366,-9.95179],[-75.60859,-10.02287],[-75.6749,-10.04708],[-75.70311,-10.13304],[-75.70397,-10.20669],[-75.7856,-10.25237],[-75.84013,-10.25827],[-75.8564,-10.30171],[-75.92441,-10.35603],[-75.92515,-10.40676],[-75.9855,-10.48284]]]}},{"type":"Feature","properties":{"COUNT":3,"FIRST_IDPR":"2503","NOMBPROV":"PADRE ABAD","FIRST_NOMB":"UCAYALI","LAST_DCTO":"LEY","LAST_LEY":"26429","FIRST_FECH":"01/06/1982","LAST_FECHA":"05/01/1995","MIN_SHAPE_":945016.41555,"ha":945016.42},"geometry":{"type":"Polygon","coordinates":[[[-74.95365,-8.85805],[-74.93416,-8.93022],[-74.97886,-8.95204],[-75.04556,-8.90422],[-75.09437,-8.9223],[-75.1433,-8.97219],[-75.15099,-9.03872],[-75.18102,-9.081],[-75.23758,-9.10677],[-75.2106,-9.15914],[-75.20971,-9.22994],[-75.26233,-9.27037],[-75.28272,-9.30983],[-75.32894,-9.29703],[-75.4521,-9.29672],[-75.49439,-9.37736],[-75.56245,-9.40017],[-75.62157,-9.39673],[-75.67084,-9.39664],[-75.73176,-9.27227],[-75.79411,-9.18837],[-75.80646,-9.12149],[-75.84439,-9.05151],[-75.87586,-9.02146],[-75.87435,-8.97025],[-75.9173,-8.87924],[-75.92165,-8.78081],[-75.94575,-8.71614],[-75.89185,-8.66157],[-75.83339,-8.65229],[-75.77964,-8.54742],[-75.77868,-8.49385],[-75.71647,-8.48733],[-75.70701,-8.43932],[-75.64813,-8.40975],[-75.59906,-8.41198],[-75.54662,-8.4665],[-75.44079,-8.43683],[-75.43532,-8.39311],[-75.50406,-8.34884],[-75.50288,-8.28941],[-75.45304,-8.21045],[-75.41573,-8.24366],[-75.33294,-8.24776],[-75.27104,-8.26348],[-75.21661,-8.24042],[-75.14261,-8.27271],[-75.08145,-8.2739],[-75.04036,-8.31256],[-75.00214,-8.38891],[-75.02946,-8.41789],[-74.99924,-8.50515],[-74.93971,-8.59704],[-74.96696,-8.67136],[-74.93229,-8.72984],[-74.92628,-8.78438],[-74.95365,-8.85805]]]}},{"type":"Feature","properties":{"COUNT":7,"FIRST_IDPR":"2005","NOMBPROV":"PAITA","FIRST_NOMB":"PIURA","LAST_DCTO":"L.R.","LAST_LEY":"315","FIRST_FECH":"EPOCA INDEP.","LAST_FECHA":"28/08/1920","MIN_SHAPE_":170913.604632,"ha":170913.6},"geometry":{"type":"Polygon","coordinates":[[[-80.96149,-5.31105],[-80.99395,-5.38846],[-81.07817,-5.31321],[-81.10815,-5.31475],[-81.13812,-5.26362],[-81.19455,-5.21212],[-81.13316,-5.07028],[-81.09067,-5.08174],[-81.06022,-5.03928],[-81.08642,-4.96733],[-81.21055,-4.8164],[-80.96826,-4.77179],[-80.93193,-4.80492],[-80.95376,-4.86319],[-80.9243,-4.89339],[-80.85247,-4.90943],[-80.84816,-5.09313],[-80.8596,-5.28136],[-80.93923,-5.23754],[-81.02542,-5.24279],[-80.96149,-5.31105]]]}},{"type":"Feature","properties":{"COUNT":11,"FIRST_IDPR":"0215","NOMBPROV":"PALLASCA","FIRST_NOMB":"ANCASH","LAST_DCTO":"LEY","LAST_LEY":"2971","FIRST_FECH":"02/01/1857","LAST_FECHA":"16/12/1918","MIN_SHAPE_":207048.35143,"ha":207048.35},"geometry":{"type":"Polygon","coordinates":[[[-77.56581,-8.23721],[-77.63563,-8.26921],[-77.66629,-8.31203],[-77.70568,-8.30938],[-77.74598,-8.36327],[-77.79886,-8.38119],[-77.87689,-8.39809],[-77.87946,-8.42787],[-77.93372,-8.45483],[-77.9928,-8.53241],[-78.06817,-8.56418],[-78.13049,-8.61714],[-78.1058,-8.65982],[-78.18471,-8.69402],[-78.23558,-8.65292],[-78.19353,-8.60011],[-78.21688,-8.55692],[-78.17366,-8.50354],[-78.13947,-8.42783],[-78.1375,-8.36867],[-78.11595,-8.3101],[-78.06646,-8.27759],[-78.01863,-8.22432],[-77.93321,-8.19701],[-77.8979,-8.07602],[-77.81044,-8.06773],[-77.71943,-8.07345],[-77.64737,-8.04971],[-77.63652,-8.10619],[-77.60569,-8.15481],[-77.55722,-8.19373],[-77.56581,-8.23721]]]}},{"type":"Feature","properties":{"COUNT":5,"FIRST_IDPR":"1104","NOMBPROV":"PALPA","FIRST_NOMB":"ICA","LAST_DCTO":"LEY","LAST_LEY":"11969","FIRST_FECH":"16/01/1953","LAST_FECHA":"16/01/1953","MIN_SHAPE_":121702.252076,"ha":121702.25},"geometry":{"type":"Polygon","coordinates":[[[-75.08009,-14.56901],[-75.07995,-14.60231],[-75.15485,-14.67702],[-75.18558,-14.63689],[-75.21877,-14.64639],[-75.2392,-14.59102],[-75.3303,-14.61536],[-75.36369,-14.58209],[-75.31685,-14.53078],[-75.30125,-14.47254],[-75.22792,-14.39541],[-75.23979,-14.32078],[-75.22617,-14.12641],[-75.23972,-14.08405],[-75.21055,-14.05044],[-75.16568,-14.07253],[-75.10884,-14.03288],[-75.05905,-14.12962],[-75.09079,-14.21518],[-75.03998,-14.27788],[-75.09393,-14.31242],[-75.13805,-14.41466],[-75.10127,-14.4332],[-75.09814,-14.4851],[-75.0691,-14.52693],[-75.08009,-14.56901]]]}},{"type":"Feature","properties":{"COUNT":8,"FIRST_IDPR":"0507","NOMBPROV":"PARINACOCHAS","FIRST_NOMB":"AYACUCHO","LAST_DCTO":"-","LAST_LEY":"-","FIRST_FECH":"EPOCA INDEP.","LAST_FECHA":"EPOCA INDEP.","MIN_SHAPE_":587306.993338,"ha":587306.99},"geometry":{"type":"Polygon","coordinates":[[[-73.53163,-14.50788],[-73.53117,-14.50845],[-73.52386,-14.51159],[-73.52284,-14.51379],[-73.522,-14.51813],[-73.52237,-14.52446],[-73.52225,-14.52699],[-73.51606,-14.53625],[-73.50898,-14.54125],[-73.50999,-14.54745],[-73.51537,-14.56769],[-73.51912,-14.57067],[-73.53338,-14.58102],[-73.53333,-14.58707],[-73.53086,-14.59356],[-73.52992,-14.59492],[-73.51015,-14.64626],[-73.53575,-14.67359],[-73.53736,-14.67341],[-73.53908,-14.67328],[-73.56337,-14.68104],[-73.5711,-14.68727],[-73.5721,-14.68855],[-73.57071,-14.69267],[-73.5705,-14.69312],[-73.57088,-14.69413],[-73.57429,-14.69499],[-73.57538,-14.69492],[-73.5746,-14.6958],[-73.57419,-14.6962],[-73.57361,-14.69755],[-73.57364,-14.6981],[-73.5751,-14.69958],[-73.57502,-14.70141],[-73.57472,-14.70155],[-73.57332,-14.70302],[-73.57155,-14.70636],[-73.57673,-14.71169],[-73.57678,-14.71303],[-73.5769,-14.71551],[-73.5757,-14.71818],[-73.57285,-14.72053],[-73.56949,-14.71976],[-73.57055,-14.72544],[-73.57089,-14.72542],[-73.57149,-14.72679],[-73.57075,-14.72823],[-73.56793,-14.73343],[-73.56585,-14.7336],[-73.56371,-14.73686],[-73.5628,-14.74216],[-73.56255,-14.7436],[-73.56254,-14.74411],[-73.56369,-14.74624],[-73.56449,-14.74766],[-73.56314,-14.75145],[-73.56234,-14.75352],[-73.56305,-14.75478],[-73.56408,-14.76038],[-73.56372,-14.76484],[-73.56405,-14.76604],[-73.56441,-14.76896],[-73.56575,-14.77241],[-73.5627,-14.78018],[-73.56034,-14.7826],[-73.55892,-14.78319],[-73.55844,-14.78447],[-73.55721,-14.78569],[-73.55352,-14.78936],[-73.55368,-14.79086],[-73.55228,-14.79516],[-73.54901,-14.80161],[-73.54117,-14.8005],[-73.5346,-14.79891],[-73.53248,-14.79992],[-73.52981,-14.80079],[-73.52819,-14.8017],[-73.52696,-14.80348],[-73.52317,-14.80752],[-73.52219,-14.80827],[-73.52021,-14.81067],[-73.51999,-14.81112],[-73.5203,-14.81204],[-73.5198,-14.8131],[-73.51432,-14.82218],[-73.51484,-14.82467],[-73.51237,-14.82633],[-73.50784,-14.82534],[-73.50107,-14.82826],[-73.49995,-14.82845],[-73.4986,-14.82938],[-73.49736,-14.83127],[-73.49486,-14.83463],[-73.4924,-14.83695],[-73.49152,-14.83755],[-73.48633,-14.84159],[-73.48503,-14.84257],[-73.48017,-14.84192],[-73.47994,-14.8417],[-73.47614,-14.84049],[-73.47451,-14.83991],[-73.46827,-14.839],[-73.46562,-14.84026],[-73.4607,-14.82925],[-73.45426,-14.81074],[-73.45249,-14.80284],[-73.44011,-14.78806],[-73.43789,-14.78487],[-73.43292,-14.78182],[-73.42483,-14.77775],[-73.41534,-14.77119],[-73.40455,-14.7655],[-73.40062,-14.74393],[-73.3843,-14.70818],[-73.37544,-14.7011],[-73.37058,-14.69403],[-73.37009,-14.68816],[-73.35636,-14.68697],[-73.35473,-14.69196],[-73.3522,-14.70163],[-73.35194,-14.70265],[-73.33771,-14.71067],[-73.32833,-14.71736],[-73.32174,-14.71621],[-73.28973,-14.73273],[-73.2775,-14.72853],[-73.27641,-14.72758],[-73.27305,-14.72384],[-73.27006,-14.72131],[-73.26722,-14.7181],[-73.25122,-14.71139],[-73.23904,-14.71107],[-73.23298,-14.71043],[-73.22737,-14.70842],[-73.22549,-14.70748],[-73.21988,-14.703],[-73.21827,-14.70161],[-73.2023,-14.70452],[-73.19041,-14.70577],[-73.18801,-14.70339],[-73.18399,-14.6969],[-73.18183,-14.69177],[-73.17963,-14.68818],[-73.17222,-14.68501],[-73.14729,-14.67778],[-73.13338,-14.68095],[-73.13196,-14.68153],[-73.12352,-14.68194],[-73.12207,-14.69026],[-73.12115,-14.69158],[-73.10464,-14.68299],[-73.10675,-14.67695],[-73.10669,-14.66886],[-73.10444,-14.66787],[-73.09632,-14.65048],[-73.07843,-14.65606],[-73.07447,-14.65832],[-73.06937,-14.66167],[-73.0649,-14.66557],[-73.06312,-14.6658],[-73.05439,-14.65988],[-73.05221,-14.65921],[-73.04419,-14.65781],[-73.04039,-14.64939],[-73.0414,-14.64695],[-73.04361,-14.62567],[-73.03959,-14.62433],[-73.03437,-14.62537],[-73.03316,-14.62632],[-73.02203,-14.62732],[-73.01951,-14.63061],[-73.01467,-14.63091],[-73.01312,-14.63268],[-73.00121,-14.65864],[-72.99816,-14.66262],[-72.99596,-14.66234],[-72.99124,-14.66062],[-72.98594,-14.66038],[-72.9846,-14.66001],[-72.98303,-14.65583],[-72.97216,-14.65802],[-72.96503,-14.66667],[-72.95877,-14.67719],[-72.9515,-14.6852],[-72.95095,-14.68539],[-72.93443,-14.69565],[-72.93276,-14.69439],[-72.92127,-14.68554],[-72.91767,-14.68537],[-72.91224,-14.69615],[-72.89537,-14.69922],[-72.8854,-14.70597],[-72.88435,-14.70639],[-72.8744,-14.70817],[-72.87388,-14.70797],[-72.86564,-14.71068],[-72.85574,-14.72916],[-72.85428,-14.73195],[-72.85584,-14.7387],[-72.85201,-14.74803],[-72.84682,-14.75982],[-72.85107,-14.76233],[-72.85184,-14.76271],[-72.85268,-14.76308],[-72.85471,-14.76296],[-72.85664,-14.76266],[-72.85892,-14.76382],[-72.86272,-14.76301],[-72.86814,-14.76274],[-72.86971,-14.76194],[-72.87241,-14.76147],[-72.87257,-14.76157],[-72.87665,-14.76545],[-72.87757,-14.7653],[-72.87991,-14.76617],[-72.8802,-14.76652],[-72.88102,-14.7695],[-72.88187,-14.7707],[-72.88709,-14.77196],[-72.88789,-14.77186],[-72.88927,-14.77141],[-72.896,-14.77119],[-72.89983,-14.77055],[-72.9085,-14.77022],[-72.918,-14.76165],[-72.91828,-14.76051],[-72.91871,-14.7595],[-72.92992,-14.75817],[-72.93283,-14.76111],[-72.93504,-14.76276],[-72.94085,-14.7648],[-72.95208,-14.77521],[-72.95338,-14.77642],[-72.95408,-14.77681],[-72.95567,-14.77929],[-72.96927,-14.79515],[-72.97088,-14.79683],[-72.97498,-14.80024],[-72.97675,-14.80329],[-72.97741,-14.80436],[-72.98563,-14.80485],[-72.99059,-14.804],[-72.99181,-14.80367],[-72.99483,-14.80617],[-72.99712,-14.81158],[-72.99888,-14.81279],[-73.00308,-14.81647],[-73.00379,-14.83249],[-73.02044,-14.85419],[-73.03333,-14.84993],[-73.03434,-14.8487],[-73.0386,-14.84412],[-73.06119,-14.82553],[-73.06581,-14.82536],[-73.09187,-14.83868],[-73.10151,-14.84368],[-73.10887,-14.84295],[-73.11364,-14.84386],[-73.11734,-14.84255],[-73.11872,-14.84258],[-73.12138,-14.8474],[-73.12676,-14.85316],[-73.12773,-14.85443],[-73.12792,-14.85799],[-73.12607,-14.86046],[-73.12522,-14.86124],[-73.11837,-14.86789],[-73.13562,-14.88882],[-73.14174,-14.89639],[-73.15726,-14.90634],[-73.16164,-14.91119],[-73.16586,-14.91216],[-73.16763,-14.91203],[-73.18669,-14.91026],[-73.19238,-14.91123],[-73.19343,-14.91477],[-73.19394,-14.92059],[-73.20085,-14.92278],[-73.23808,-14.90615],[-73.25315,-14.89986],[-73.255,-14.89975],[-73.26471,-14.9065],[-73.2654,-14.90933],[-73.26542,-14.91043],[-73.26267,-14.92008],[-73.25674,-14.92452],[-73.25602,-14.92821],[-73.25816,-14.93334],[-73.25903,-14.93442],[-73.26532,-14.96353],[-73.26264,-14.9657],[-73.26538,-14.97476],[-73.27327,-14.97711],[-73.27746,-14.97881],[-73.28489,-14.98374],[-73.28931,-14.98364],[-73.29227,-14.98352],[-73.2964,-14.98145],[-73.30624,-14.98577],[-73.31014,-14.98623],[-73.31343,-14.98671],[-73.33291,-15.00045],[-73.33417,-15.00093],[-73.34148,-15.00284],[-73.34245,-15.00355],[-73.34123,-15.0065],[-73.34,-15.00836],[-73.33834,-15.01226],[-73.33686,-15.0161],[-73.33594,-15.02341],[-73.33343,-15.02635],[-73.33531,-15.03164],[-73.34134,-15.03552],[-73.34693,-15.03783],[-73.3536,-15.03612],[-73.37022,-15.04056],[-73.37775,-15.04254],[-73.40918,-15.05824],[-73.41005,-15.05795],[-73.41221,-15.0587],[-73.43101,-15.06318],[-73.43958,-15.06239],[-73.44359,-15.0606],[-73.44729,-15.06152],[-73.44807,-15.06139],[-73.45542,-15.05052],[-73.45833,-15.04491],[-73.49248,-15.0607],[-73.50482,-15.05642],[-73.50554,-15.05596],[-73.50638,-15.05624],[-73.51057,-15.05818],[-73.51198,-15.0589],[-73.5152,-15.06043],[-73.51596,-15.06103],[-73.52032,-15.06108],[-73.52654,-15.05692],[-73.531,-15.05335],[-73.53331,-15.05548],[-73.538,-15.06002],[-73.53861,-15.05993],[-73.53931,-15.05946],[-73.53975,-15.05859],[-73.54047,-15.05706],[-73.54183,-15.05577],[-73.54233,-15.05568],[-73.54353,-15.05549],[-73.54369,-15.05551],[-73.54498,-15.05555],[-73.54584,-15.05669],[-73.54561,-15.05905],[-73.54552,-15.06069],[-73.54477,-15.06529],[-73.54411,-15.06705],[-73.5368,-15.08306],[-73.53826,-15.08777],[-73.53827,-15.09091],[-73.53854,-15.09129],[-73.54624,-15.09382],[-73.54645,-15.09411],[-73.54625,-15.0983],[-73.54936,-15.10331],[-73.54967,-15.10435],[-73.54954,-15.10686],[-73.55086,-15.11062],[-73.55237,-15.1174],[-73.55286,-15.12143],[-73.55185,-15.12519],[-73.5497,-15.12469],[-73.54644,-15.12634],[-73.54438,-15.12791],[-73.54585,-15.13182],[-73.54837,-15.13431],[-73.54853,-15.13441],[-73.54813,-15.13498],[-73.54669,-15.13609],[-73.54677,-15.13655],[-73.54686,-15.13666],[-73.54731,-15.13698],[-73.54834,-15.1376],[-73.5484,-15.13822],[-73.54817,-15.13896],[-73.54607,-15.14428],[-73.54669,-15.14509],[-73.54796,-15.14579],[-73.55104,-15.14414],[-73.5518,-15.14397],[-73.55211,-15.14399],[-73.55278,-15.14439],[-73.55398,-15.14963],[-73.55306,-15.15346],[-73.55484,-15.15564],[-73.55471,-15.1561],[-73.55337,-15.15837],[-73.55238,-15.15855],[-73.55133,-15.15895],[-73.55106,-15.15955],[-73.54909,-15.16368],[-73.54887,-15.16418],[-73.54749,-15.16475],[-73.547,-15.1656],[-73.54929,-15.16951],[-73.54938,-15.1702],[-73.54889,-15.1707],[-73.54841,-15.17122],[-73.54798,-15.1725],[-73.54785,-15.17422],[-73.54838,-15.17643],[-73.54818,-15.17695],[-73.54478,-15.18309],[-73.54455,-15.18466],[-73.54434,-15.18488],[-73.54131,-15.18518],[-73.53923,-15.18621],[-73.53662,-15.19464],[-73.53621,-15.19617],[-73.53645,-15.19768],[-73.53763,-15.20406],[-73.53754,-15.2083],[-73.53592,-15.2099],[-73.53594,-15.21018],[-73.53559,-15.21262],[-73.53704,-15.21513],[-73.53706,-15.21551],[-73.53454,-15.21601],[-73.5326,-15.21777],[-73.53229,-15.21788],[-73.52871,-15.22293],[-73.52339,-15.22355],[-73.52144,-15.23791],[-73.51809,-15.24513],[-73.51443,-15.25214],[-73.51128,-15.25505],[-73.50636,-15.26107],[-73.50497,-15.26382],[-73.50437,-15.26897],[-73.50212,-15.27287],[-73.48428,-15.28156],[-73.48187,-15.2847],[-73.48167,-15.28604],[-73.48294,-15.28981],[-73.48294,-15.29081],[-73.4785,-15.29202],[-73.46988,-15.29485],[-73.46871,-15.29799],[-73.46641,-15.30167],[-73.4624,-15.30451],[-73.45458,-15.31136],[-73.45342,-15.31442],[-73.45303,-15.31469],[-73.44934,-15.318],[-73.44854,-15.3189],[-73.44484,-15.32722],[-73.44065,-15.34842],[-73.44096,-15.35506],[-73.4411,-15.35572],[-73.44698,-15.35798],[-73.45661,-15.36464],[-73.48188,-15.37953],[-73.48374,-15.37972],[-73.48589,-15.38019],[-73.4894,-15.38187],[-73.49362,-15.38223],[-73.53664,-15.39792],[-73.54157,-15.4009],[-73.57464,-15.40726],[-73.5877,-15.40482],[-73.59411,-15.4037],[-73.59972,-15.40707],[-73.60351,-15.41138],[-73.62802,-15.42006],[-73.63012,-15.41896],[-73.64204,-15.41779],[-73.65161,-15.41628],[-73.65975,-15.4235],[-73.67452,-15.43147],[-73.69456,-15.43478],[-73.70432,-15.423],[-73.71743,-15.41421],[-73.72684,-15.40998],[-73.75972,-15.38314],[-73.76286,-15.37609],[-73.76624,-15.36772],[-73.77206,-15.35428],[-73.77515,-15.35124],[-73.77932,-15.3464],[-73.77955,-15.34274],[-73.77645,-15.34032],[-73.77808,-15.33874],[-73.77988,-15.33841],[-73.78585,-15.33801],[-73.78928,-15.33897],[-73.79599,-15.33666],[-73.79858,-15.33469],[-73.79919,-15.33379],[-73.80096,-15.32857],[-73.81547,-15.32553],[-73.8252,-15.326],[-73.86005,-15.32612],[-73.86297,-15.32531],[-73.86404,-15.3247],[-73.86565,-15.32416],[-73.87093,-15.33294],[-73.87711,-15.33623],[-73.87936,-15.33723],[-73.88029,-15.33738],[-73.88408,-15.33746],[-73.88389,-15.33792],[-73.87486,-15.35507],[-73.8744,-15.36406],[-73.87082,-15.37991],[-73.87212,-15.38362],[-73.87518,-15.3919],[-73.87401,-15.39353],[-73.86977,-15.40162],[-73.87016,-15.40377],[-73.8688,-15.41726],[-73.86808,-15.42144],[-73.86951,-15.42893],[-73.87656,-15.43915],[-73.87687,-15.43878],[-73.87809,-15.43809],[-73.88744,-15.43878],[-73.89127,-15.44456],[-73.91478,-15.45825],[-73.92072,-15.46483],[-73.9273,-15.47238],[-73.93291,-15.4781],[-73.93485,-15.48064],[-73.93858,-15.48253],[-73.93987,-15.48296],[-73.9409,-15.48425],[-73.94267,-15.48673],[-73.94618,-15.49391],[-73.95007,-15.49975],[-73.9499,-15.5019],[-73.94993,-15.50299],[-73.95148,-15.50527],[-73.95422,-15.51093],[-73.95872,-15.51995],[-73.96391,-15.52585],[-73.9685,-15.53131],[-73.97056,-15.53366],[-73.97262,-15.53409],[-73.97746,-15.53721],[-73.97802,-15.53762],[-73.98479,-15.54093],[-73.99191,-15.54711],[-73.99287,-15.54841],[-73.99387,-15.54969],[-73.99439,-15.55039],[-73.99532,-15.55198],[-74.00043,-15.55395],[-74.01118,-15.56408],[-74.01091,-15.56503],[-74.01083,-15.56938],[-74.01328,-15.57135],[-74.01487,-15.58242],[-74.01916,-15.59149],[-74.01837,-15.59369],[-74.01943,-15.59758],[-74.01943,-15.59838],[-74.02167,-15.60038],[-74.02314,-15.60042],[-74.02854,-15.60656],[-74.04993,-15.61997],[-74.05095,-15.62228],[-74.05232,-15.62313],[-74.05833,-15.62646],[-74.0606,-15.6282],[-74.08159,-15.61168],[-74.08196,-15.61038],[-74.08257,-15.60826],[-74.08359,-15.59783],[-74.08391,-15.59668],[-74.0846,-15.59353],[-74.08391,-15.58996],[-74.08089,-15.58227],[-74.07919,-15.58098],[-74.07881,-15.57597],[-74.07747,-15.56931],[-74.07701,-15.56745],[-74.07395,-15.56305],[-74.07409,-15.56162],[-74.07655,-15.55481],[-74.07655,-15.55286],[-74.07237,-15.54587],[-74.07205,-15.5449],[-74.06821,-15.54129],[-74.06816,-15.53763],[-74.0708,-15.53526],[-74.07127,-15.53415],[-74.07145,-15.5311],[-74.07149,-15.52957],[-74.07451,-15.52609],[-74.07626,-15.52262],[-74.07872,-15.51702],[-74.0778,-15.51299],[-74.07594,-15.51109],[-74.07465,-15.50961],[-74.0746,-15.50859],[-74.07548,-15.50558],[-74.07548,-15.50461],[-74.07442,-15.50266],[-74.0585,-15.49815],[-74.04513,-15.49282],[-74.04437,-15.49231],[-74.04304,-15.48996],[-74.04234,-15.48844],[-74.03864,-15.48159],[-74.03888,-15.47954],[-74.04095,-15.47487],[-74.04269,-15.46793],[-74.04241,-15.46671],[-74.04257,-15.46481],[-74.04172,-15.46221],[-74.03758,-15.45662],[-74.03729,-15.45608],[-74.03784,-15.45415],[-74.03847,-15.45076],[-74.04187,-15.44846],[-74.04553,-15.44338],[-74.05171,-15.42477],[-74.05373,-15.41773],[-74.05514,-15.41622],[-74.05626,-15.41489],[-74.06042,-15.40754],[-74.0619,-15.40668],[-74.06492,-15.40304],[-74.06543,-15.40219],[-74.07523,-15.39882],[-74.07775,-15.39843],[-74.08088,-15.3967],[-74.08166,-15.39575],[-74.11308,-15.40498],[-74.11497,-15.4091],[-74.11472,-15.41082],[-74.11501,-15.41157],[-74.12195,-15.41135],[-74.12807,-15.41254],[-74.13724,-15.4246],[-74.14632,-15.4264],[-74.15126,-15.42875],[-74.15375,-15.44072],[-74.15365,-15.44253],[-74.15178,-15.44779],[-74.15013,-15.45102],[-74.15969,-15.47278],[-74.16209,-15.47952],[-74.19374,-15.49166],[-74.19623,-15.49136],[-74.2044,-15.48873],[-74.23436,-15.4857],[-74.24284,-15.4504],[-74.24382,-15.44336],[-74.24952,-15.42599],[-74.24992,-15.4241],[-74.25114,-15.422],[-74.25312,-15.41871],[-74.2568,-15.40528],[-74.25718,-15.40329],[-74.25638,-15.4021],[-74.24911,-15.39417],[-74.24866,-15.39333],[-74.24471,-15.38666],[-74.24292,-15.38432],[-74.24183,-15.38203],[-74.24041,-15.38015],[-74.2337,-15.37436],[-74.22149,-15.36123],[-74.21751,-15.35644],[-74.21414,-15.35362],[-74.21217,-15.35084],[-74.21106,-15.34866],[-74.20914,-15.34468],[-74.20984,-15.34206],[-74.20903,-15.33779],[-74.20535,-15.33314],[-74.2044,-15.32891],[-74.20451,-15.32815],[-74.20117,-15.32566],[-74.20104,-15.32315],[-74.20131,-15.322],[-74.19593,-15.31979],[-74.19249,-15.31737],[-74.19163,-15.31442],[-74.19474,-15.30971],[-74.2026,-15.29917],[-74.20684,-15.28785],[-74.20629,-15.28746],[-74.20525,-15.28666],[-74.20505,-15.28539],[-74.20633,-15.28336],[-74.21285,-15.27158],[-74.21377,-15.26956],[-74.21667,-15.2651],[-74.21695,-15.26069],[-74.21762,-15.25675],[-74.21838,-15.25201],[-74.2193,-15.24915],[-74.22037,-15.24748],[-74.22208,-15.2443],[-74.2226,-15.24344],[-74.22397,-15.23679],[-74.22314,-15.23554],[-74.22227,-15.23517],[-74.21941,-15.23538],[-74.21668,-15.23413],[-74.21618,-15.23388],[-74.21283,-15.23385],[-74.21137,-15.23443],[-74.20339,-15.235],[-74.20073,-15.23634],[-74.1962,-15.23686],[-74.19363,-15.23552],[-74.19326,-15.23514],[-74.18786,-15.23003],[-74.18648,-15.2288],[-74.18615,-15.22826],[-74.18313,-15.22528],[-74.1826,-15.22499],[-74.18094,-15.22378],[-74.17998,-15.22334],[-74.17771,-15.22308],[-74.17478,-15.22295],[-74.17419,-15.22292],[-74.16854,-15.22444],[-74.16143,-15.22804],[-74.15579,-15.2301],[-74.15368,-15.22973],[-74.14945,-15.22865],[-74.14625,-15.22926],[-74.14547,-15.22959],[-74.14331,-15.23041],[-74.14023,-15.23233],[-74.13932,-15.23234],[-74.13852,-15.23267],[-74.13738,-15.23379],[-74.1357,-15.23428],[-74.13446,-15.23437],[-74.13339,-15.23445],[-74.12829,-15.23437],[-74.12603,-15.23568],[-74.1073,-15.23923],[-74.10627,-15.23818],[-74.10524,-15.23705],[-74.09129,-15.23514],[-74.09061,-15.23524],[-74.08917,-15.23488],[-74.08363,-15.23294],[-74.07745,-15.23098],[-74.07555,-15.23032],[-74.07432,-15.22938],[-74.07334,-15.22906],[-74.07204,-15.22831],[-74.07185,-15.22802],[-74.05498,-15.21545],[-74.05278,-15.21298],[-74.0497,-15.21127],[-74.04825,-15.21011],[-74.04711,-15.20912],[-74.04576,-15.20676],[-74.04482,-15.2062],[-74.04138,-15.20006],[-74.0388,-15.19808],[-74.03683,-15.19712],[-74.03543,-15.19657],[-74.03434,-15.19611],[-74.03353,-15.19591],[-74.03298,-15.1957],[-74.03013,-15.19413],[-74.02957,-15.19285],[-74.02936,-15.19261],[-74.02772,-15.19224],[-74.02678,-15.1911],[-74.02226,-15.18594],[-74.021,-15.18234],[-74.02067,-15.18138],[-74.02028,-15.18078],[-74.01798,-15.17963],[-74.01692,-15.17856],[-74.01292,-15.17463],[-74.01152,-15.17458],[-74.00644,-15.17173],[-74.00485,-15.17067],[-74.0011,-15.16684],[-73.99842,-15.16095],[-73.99825,-15.16089],[-73.99679,-15.16098],[-73.98474,-15.15522],[-73.9701,-15.14785],[-73.96824,-15.14605],[-73.96373,-15.14492],[-73.95861,-15.14561],[-73.94378,-15.13809],[-73.94267,-15.13768],[-73.94098,-15.13719],[-73.93521,-15.13586],[-73.92753,-15.13271],[-73.92213,-15.13114],[-73.91706,-15.13137],[-73.91502,-15.13133],[-73.91221,-15.13027],[-73.90752,-15.12928],[-73.90483,-15.12855],[-73.90401,-15.12854],[-73.9015,-15.12899],[-73.90029,-15.1292],[-73.89873,-15.12933],[-73.89781,-15.12937],[-73.89371,-15.12913],[-73.88835,-15.12805],[-73.88786,-15.12803],[-73.8859,-15.12772],[-73.88379,-15.12781],[-73.88183,-15.1289],[-73.88144,-15.12919],[-73.87747,-15.13103],[-73.87474,-15.13287],[-73.87283,-15.13447],[-73.87262,-15.13457],[-73.8717,-15.13478],[-73.87029,-15.13496],[-73.86832,-15.13477],[-73.8656,-15.13295],[-73.86481,-15.1326],[-73.85987,-15.13278],[-73.84893,-15.13247],[-73.84673,-15.13245],[-73.84629,-15.13276],[-73.84071,-15.13305],[-73.83675,-15.12778],[-73.83646,-15.12608],[-73.8353,-15.12495],[-73.83472,-15.12502],[-73.83434,-15.12486],[-73.83292,-15.12185],[-73.83266,-15.12128],[-73.83221,-15.11992],[-73.8324,-15.11794],[-73.83084,-15.11328],[-73.83029,-15.11],[-73.83017,-15.10944],[-73.83074,-15.10679],[-73.8308,-15.10544],[-73.83055,-15.10481],[-73.82727,-15.10354],[-73.82656,-15.10282],[-73.82612,-15.10131],[-73.82003,-15.09283],[-73.81988,-15.09244],[-73.8191,-15.09159],[-73.81712,-15.09033],[-73.81328,-15.0874],[-73.8115,-15.08703],[-73.80042,-15.08298],[-73.7985,-15.08093],[-73.79848,-15.08011],[-73.79701,-15.07513],[-73.79557,-15.07265],[-73.79544,-15.07129],[-73.7955,-15.07093],[-73.7957,-15.06934],[-73.79577,-15.06909],[-73.79562,-15.06804],[-73.79563,-15.06745],[-73.79759,-15.06362],[-73.79876,-15.06244],[-73.7987,-15.06103],[-73.79861,-15.0607],[-73.79846,-15.05666],[-73.79833,-15.05612],[-73.79838,-15.05517],[-73.79908,-15.05226],[-73.79993,-15.04931],[-73.80091,-15.04651],[-73.80588,-15.04112],[-73.80722,-15.03959],[-73.80776,-15.03877],[-73.80797,-15.03853],[-73.80954,-15.03566],[-73.80923,-15.03064],[-73.808,-15.02729],[-73.80809,-15.02608],[-73.80827,-15.02445],[-73.80855,-15.02337],[-73.80917,-15.01787],[-73.81357,-15.01043],[-73.81251,-15.00522],[-73.81259,-15.00414],[-73.81396,-14.99698],[-73.81389,-14.99645],[-73.81522,-14.99513],[-73.81776,-14.98787],[-73.81708,-14.98591],[-73.81612,-14.98121],[-73.81421,-14.98045],[-73.81322,-14.97888],[-73.81343,-14.97721],[-73.81631,-14.97568],[-73.81911,-14.9723],[-73.81939,-14.972],[-73.82111,-14.96805],[-73.82327,-14.96664],[-73.82596,-14.96656],[-73.82661,-14.96656],[-73.82821,-14.96569],[-73.83001,-14.96413],[-73.83013,-14.96275],[-73.83059,-14.96134],[-73.8322,-14.96026],[-73.83558,-14.95889],[-73.83795,-14.9533],[-73.84024,-14.94777],[-73.84091,-14.94129],[-73.84137,-14.93957],[-73.84185,-14.93858],[-73.84097,-14.93639],[-73.84176,-14.93268],[-73.84349,-14.92053],[-73.85291,-14.91676],[-73.85803,-14.90921],[-73.85806,-14.90828],[-73.85723,-14.90437],[-73.85804,-14.9031],[-73.86311,-14.90154],[-73.86377,-14.9013],[-73.86896,-14.89631],[-73.87662,-14.89488],[-73.87987,-14.89047],[-73.87917,-14.88317],[-73.87955,-14.88161],[-73.87952,-14.88099],[-73.88252,-14.87313],[-73.88384,-14.87169],[-73.88541,-14.86923],[-73.89075,-14.86437],[-73.89512,-14.86055],[-73.89647,-14.85885],[-73.89879,-14.84752],[-73.90014,-14.84248],[-73.89813,-14.83989],[-73.89876,-14.83711],[-73.89752,-14.83334],[-73.89734,-14.83201],[-73.8954,-14.82847],[-73.89569,-14.82617],[-73.89514,-14.82488],[-73.89477,-14.82216],[-73.89481,-14.82172],[-73.89459,-14.82016],[-73.89475,-14.81939],[-73.89489,-14.81703],[-73.8938,-14.81172],[-73.89355,-14.81086],[-73.89094,-14.81069],[-73.89003,-14.80825],[-73.88966,-14.80761],[-73.88522,-14.8048],[-73.88175,-14.80381],[-73.87932,-14.8039],[-73.87841,-14.80355],[-73.8781,-14.80333],[-73.87522,-14.80253],[-73.87227,-14.80158],[-73.87112,-14.8004],[-73.87096,-14.79812],[-73.87147,-14.79679],[-73.87113,-14.79555],[-73.87071,-14.79539],[-73.86898,-14.79304],[-73.87023,-14.79117],[-73.87141,-14.78915],[-73.87151,-14.77686],[-73.86975,-14.77527],[-73.86983,-14.77429],[-73.87057,-14.76715],[-73.86066,-14.76742],[-73.8583,-14.76633],[-73.85545,-14.76421],[-73.85478,-14.76257],[-73.85545,-14.75663],[-73.85078,-14.75493],[-73.83896,-14.74057],[-73.83115,-14.73204],[-73.82572,-14.72592],[-73.82561,-14.72556],[-73.83583,-14.71567],[-73.83612,-14.7138],[-73.83637,-14.70707],[-73.83612,-14.70469],[-73.83024,-14.68807],[-73.82782,-14.68476],[-73.8222,-14.67919],[-73.82141,-14.6784],[-73.82299,-14.67419],[-73.82113,-14.64535],[-73.81113,-14.63849],[-73.80651,-14.64147],[-73.80519,-14.64272],[-73.79685,-14.64533],[-73.7918,-14.6444],[-73.79044,-14.64279],[-73.78491,-14.63986],[-73.78368,-14.63995],[-73.78326,-14.64019],[-73.78158,-14.63836],[-73.77525,-14.64287],[-73.77433,-14.64337],[-73.76098,-14.64668],[-73.75541,-14.64752],[-73.75643,-14.64459],[-73.75616,-14.64419],[-73.75481,-14.64256],[-73.75409,-14.64133],[-73.75481,-14.63929],[-73.75293,-14.63656],[-73.74957,-14.63803],[-73.74732,-14.64028],[-73.74873,-14.63656],[-73.74839,-14.6351],[-73.73734,-14.63806],[-73.72511,-14.63815],[-73.72445,-14.63848],[-73.72269,-14.64046],[-73.72079,-14.64245],[-73.71445,-14.64008],[-73.71277,-14.63774],[-73.70958,-14.63575],[-73.70898,-14.63521],[-73.70295,-14.6344],[-73.69977,-14.63323],[-73.69893,-14.63161],[-73.69851,-14.63113],[-73.69234,-14.62984],[-73.67749,-14.62262],[-73.6377,-14.59301],[-73.63469,-14.5909],[-73.62379,-14.57271],[-73.61903,-14.56605],[-73.61486,-14.55736],[-73.61197,-14.55223],[-73.60907,-14.54861],[-73.60756,-14.54556],[-73.60756,-14.54484],[-73.6074,-14.54382],[-73.60655,-14.54304],[-73.60212,-14.54173],[-73.60052,-14.54194],[-73.59679,-14.54397],[-73.59148,-14.54829],[-73.58546,-14.54712],[-73.57766,-14.53886],[-73.57655,-14.53749],[-73.56794,-14.52605],[-73.56446,-14.52089],[-73.56304,-14.52084],[-73.56094,-14.52244],[-73.56023,-14.52236],[-73.55859,-14.52177],[-73.55541,-14.518],[-73.55222,-14.51673],[-73.55093,-14.51473],[-73.54309,-14.50889],[-73.53656,-14.50814],[-73.53396,-14.50722],[-73.53163,-14.50788]],[[-73.6903,-15.32968],[-73.64716,-15.27713],[-73.73906,-15.26574],[-73.72323,-15.32103],[-73.6903,-15.32968]]]}},{"type":"Feature","properties":{"COUNT":9,"FIRST_IDPR":"0810","NOMBPROV":"PARURO","FIRST_NOMB":"CUSCO","LAST_DCTO":"LEY","LAST_LEY":"13203","FIRST_FECH":"02/01/1857","LAST_FECHA":"15/04/1959","MIN_SHAPE_":197018.34791,"ha":197018.35},"geometry":{"type":"Polygon","coordinates":[[[-72.22867,-13.71406],[-72.16785,-13.64953],[-72.13221,-13.6393],[-72.09137,-13.64916],[-72.02365,-13.61394],[-71.94786,-13.61741],[-71.91613,-13.59369],[-71.84316,-13.63079],[-71.78976,-13.69836],[-71.83444,-13.81142],[-71.80101,-13.8511],[-71.80914,-13.89452],[-71.72938,-13.97518],[-71.69971,-14.11629],[-71.67684,-14.22284],[-71.69266,-14.27873],[-71.74849,-14.26611],[-71.76372,-14.19242],[-71.87699,-14.20026],[-71.90855,-14.14934],[-71.91022,-14.05935],[-71.96804,-13.96034],[-72.05568,-13.93485],[-72.10473,-13.85608],[-72.13533,-13.78306],[-72.16636,-13.74742],[-72.22867,-13.71406]]]}},{"type":"Feature","properties":{"COUNT":13,"FIRST_IDPR":"1901","NOMBPROV":"PASCO","FIRST_NOMB":"PASCO","LAST_DCTO":"LEY","LAST_LEY":"12292","FIRST_FECH":"27/11/1944","LAST_FECHA":"15/04/1955","MIN_SHAPE_":475013.378042,"ha":475013.38},"geometry":{"type":"Polygon","coordinates":[[[-76.03167,-10.45593],[-75.9855,-10.48284],[-75.93585,-10.48471],[-75.85677,-10.55434],[-75.71349,-10.60629],[-75.62341,-10.62234],[-75.57342,-10.68063],[-75.56777,-10.72712],[-75.56835,-10.72744],[-75.56843,-10.72795],[-75.56832,-10.72846],[-75.56875,-10.73036],[-75.56826,-10.73171],[-75.56813,-10.73264],[-75.56877,-10.73398],[-75.56949,-10.73639],[-75.57051,-10.73795],[-75.57119,-10.73967],[-75.57164,-10.74094],[-75.57201,-10.74192],[-75.57315,-10.74297],[-75.5739,-10.74442],[-75.57382,-10.7468],[-75.5743,-10.7492],[-75.57452,-10.75011],[-75.57515,-10.75268],[-75.57549,-10.75362],[-75.57537,-10.7585],[-75.57571,-10.75931],[-75.57468,-10.76162],[-75.57418,-10.76307],[-75.57394,-10.7657],[-75.57387,-10.76788],[-75.57404,-10.76896],[-75.57425,-10.76982],[-75.57452,-10.77089],[-75.57547,-10.77207],[-75.57607,-10.77266],[-75.57636,-10.7736],[-75.57604,-10.77588],[-75.57619,-10.77635],[-75.57691,-10.77717],[-75.57684,-10.77795],[-75.57661,-10.77925],[-75.57656,-10.78018],[-75.57728,-10.78303],[-75.57958,-10.78843],[-75.58044,-10.7908],[-75.58184,-10.79278],[-75.58388,-10.8008],[-75.5874,-10.80432],[-75.58933,-10.80882],[-75.58999,-10.81127],[-75.59069,-10.81156],[-75.59314,-10.81102],[-75.59476,-10.81117],[-75.59714,-10.81172],[-75.59835,-10.81243],[-75.60375,-10.8169],[-75.60407,-10.81774],[-75.60523,-10.82084],[-75.60598,-10.82259],[-75.61001,-10.82356],[-75.61515,-10.82246],[-75.61923,-10.82358],[-75.62219,-10.82385],[-75.62328,-10.82408],[-75.6268,-10.82466],[-75.62851,-10.82484],[-75.6324,-10.82575],[-75.63664,-10.82705],[-75.64085,-10.82679],[-75.64148,-10.82662],[-75.6514,-10.82526],[-75.65502,-10.82531],[-75.6573,-10.82576],[-75.65929,-10.82685],[-75.66063,-10.82707],[-75.66168,-10.82735],[-75.66387,-10.82771],[-75.66553,-10.82853],[-75.6661,-10.82858],[-75.66697,-10.8296],[-75.66742,-10.83036],[-75.66798,-10.83089],[-75.66833,-10.83103],[-75.66916,-10.83148],[-75.66985,-10.83195],[-75.67113,-10.8328],[-75.67172,-10.83466],[-75.67231,-10.83622],[-75.67232,-10.83626],[-75.67257,-10.83657],[-75.67357,-10.83733],[-75.67411,-10.83765],[-75.67445,-10.83771],[-75.67546,-10.83786],[-75.67642,-10.83863],[-75.67766,-10.8392],[-75.68042,-10.83928],[-75.68416,-10.83811],[-75.69133,-10.83657],[-75.69217,-10.83613],[-75.69344,-10.8337],[-75.69329,-10.83297],[-75.69078,-10.83021],[-75.68996,-10.82303],[-75.69091,-10.81948],[-75.69675,-10.81694],[-75.70246,-10.81673],[-75.70476,-10.81554],[-75.70606,-10.81533],[-75.70639,-10.81538],[-75.7084,-10.81574],[-75.70905,-10.81546],[-75.70953,-10.81474],[-75.71018,-10.81453],[-75.71078,-10.81451],[-75.71411,-10.81365],[-75.71661,-10.8119],[-75.71873,-10.81012],[-75.71902,-10.80983],[-75.72016,-10.80901],[-75.72135,-10.80879],[-75.72224,-10.80878],[-75.72351,-10.80854],[-75.72393,-10.80849],[-75.72543,-10.80872],[-75.72747,-10.80914],[-75.72864,-10.80937],[-75.73237,-10.80919],[-75.73321,-10.80941],[-75.73354,-10.81014],[-75.73356,-10.81102],[-75.73433,-10.81258],[-75.7354,-10.81461],[-75.73719,-10.81563],[-75.73778,-10.81613],[-75.74203,-10.82115],[-75.74311,-10.82254],[-75.74702,-10.82371],[-75.74762,-10.82421],[-75.75022,-10.82528],[-75.75068,-10.82539],[-75.75246,-10.82685],[-75.75346,-10.82742],[-75.75513,-10.8286],[-75.75773,-10.82972],[-75.75965,-10.83016],[-75.75971,-10.83019],[-75.76058,-10.82983],[-75.76137,-10.8301],[-75.76212,-10.83036],[-75.76294,-10.82999],[-75.76529,-10.82802],[-75.76572,-10.82786],[-75.76736,-10.82757],[-75.7685,-10.82733],[-75.76879,-10.82717],[-75.77007,-10.82645],[-75.77156,-10.82642],[-75.77269,-10.82593],[-75.77369,-10.82595],[-75.776,-10.82569],[-75.77783,-10.82586],[-75.77881,-10.82551],[-75.78021,-10.82531],[-75.78064,-10.82533],[-75.78257,-10.82532],[-75.7846,-10.82495],[-75.78549,-10.82464],[-75.78599,-10.82456],[-75.78662,-10.82481],[-75.78914,-10.82527],[-75.78989,-10.82662],[-75.79093,-10.82744],[-75.79209,-10.82802],[-75.7979,-10.83265],[-75.80046,-10.83465],[-75.80255,-10.83601],[-75.80527,-10.83799],[-75.80931,-10.84208],[-75.81234,-10.84458],[-75.81623,-10.84848],[-75.81729,-10.85091],[-75.81817,-10.86142],[-75.81796,-10.86237],[-75.81508,-10.8663],[-75.81453,-10.86999],[-75.81506,-10.87132],[-75.81524,-10.87189],[-75.81743,-10.87332],[-75.82733,-10.87519],[-75.82856,-10.8754],[-75.8291,-10.87562],[-75.83223,-10.8793],[-75.83283,-10.88022],[-75.83697,-10.88604],[-75.83964,-10.88563],[-75.84568,-10.88144],[-75.84671,-10.88118],[-75.84932,-10.88088],[-75.84979,-10.88043],[-75.85026,-10.87703],[-75.85044,-10.87592],[-75.85139,-10.87349],[-75.85199,-10.87301],[-75.85397,-10.8719],[-75.85506,-10.87087],[-75.85563,-10.87032],[-75.85826,-10.86786],[-75.86115,-10.86794],[-75.86181,-10.87088],[-75.86176,-10.8716],[-75.86226,-10.87208],[-75.86295,-10.8726],[-75.86391,-10.87531],[-75.86403,-10.87561],[-75.86478,-10.87659],[-75.86642,-10.876],[-75.86765,-10.87536],[-75.86785,-10.87527],[-75.86862,-10.87493],[-75.8696,-10.87488],[-75.8698,-10.87454],[-75.87032,-10.87282],[-75.87039,-10.87132],[-75.8708,-10.86995],[-75.8728,-10.86825],[-75.87405,-10.86768],[-75.88032,-10.86904],[-75.88133,-10.86966],[-75.88287,-10.8699],[-75.88964,-10.86915],[-75.89064,-10.86977],[-75.89281,-10.87025],[-75.89532,-10.86915],[-75.89602,-10.86894],[-75.89968,-10.86963],[-75.90028,-10.86977],[-75.90225,-10.86987],[-75.90402,-10.87024],[-75.90622,-10.87101],[-75.90714,-10.87128],[-75.90804,-10.87145],[-75.91044,-10.87205],[-75.9113,-10.87221],[-75.91316,-10.872],[-75.9134,-10.8722],[-75.91638,-10.8739],[-75.91776,-10.87529],[-75.91915,-10.88007],[-75.91961,-10.88099],[-75.92275,-10.88315],[-75.92877,-10.88295],[-75.93714,-10.88659],[-75.93834,-10.88248],[-75.93851,-10.8814],[-75.93848,-10.87889],[-75.93741,-10.87544],[-75.93718,-10.87266],[-75.94034,-10.86998],[-75.94941,-10.8647],[-75.95156,-10.86321],[-75.95175,-10.86286],[-75.95251,-10.86144],[-75.95367,-10.86025],[-75.95477,-10.85955],[-75.95573,-10.85878],[-75.95743,-10.85469],[-75.95807,-10.85385],[-75.95823,-10.85285],[-75.95819,-10.85019],[-75.95832,-10.84906],[-75.95873,-10.84776],[-75.95949,-10.84658],[-75.96066,-10.84529],[-75.96108,-10.84479],[-75.97111,-10.84258],[-75.97256,-10.84074],[-75.97316,-10.83938],[-75.97366,-10.83852],[-75.97532,-10.83621],[-75.97646,-10.83493],[-75.97888,-10.83215],[-75.98144,-10.83056],[-75.98488,-10.82794],[-75.99032,-10.82348],[-75.99151,-10.82222],[-75.99267,-10.82098],[-75.99329,-10.82084],[-75.99571,-10.82124],[-75.9965,-10.82169],[-75.99726,-10.8232],[-75.99856,-10.82514],[-75.9991,-10.82574],[-76.00138,-10.8265],[-76.00331,-10.82719],[-76.004,-10.82736],[-76.00666,-10.82871],[-76.00894,-10.8336],[-76.00848,-10.83673],[-76.00985,-10.83908],[-76.01503,-10.84268],[-76.02319,-10.85347],[-76.02439,-10.85477],[-76.02744,-10.85708],[-76.02986,-10.85864],[-76.03663,-10.86671],[-76.03835,-10.86889],[-76.0414,-10.87203],[-76.04176,-10.8726],[-76.04301,-10.87439],[-76.04432,-10.87889],[-76.04448,-10.87952],[-76.04903,-10.88263],[-76.05079,-10.88349],[-76.05684,-10.88332],[-76.05812,-10.8834],[-76.06212,-10.88437],[-76.06236,-10.88464],[-76.06275,-10.88509],[-76.06364,-10.88537],[-76.06431,-10.88558],[-76.06592,-10.88602],[-76.06689,-10.88646],[-76.06882,-10.88706],[-76.06975,-10.88847],[-76.07151,-10.89008],[-76.07279,-10.89112],[-76.07333,-10.89177],[-76.07426,-10.89206],[-76.07551,-10.8926],[-76.07729,-10.89341],[-76.07795,-10.89335],[-76.08141,-10.8947],[-76.08214,-10.89514],[-76.08241,-10.89575],[-76.08257,-10.89657],[-76.08222,-10.89745],[-76.0831,-10.89749],[-76.0832,-10.89798],[-76.08364,-10.89843],[-76.08539,-10.89933],[-76.08577,-10.90013],[-76.08586,-10.90024],[-76.08709,-10.90215],[-76.08739,-10.90281],[-76.08794,-10.90437],[-76.08826,-10.90481],[-76.08986,-10.90645],[-76.09018,-10.90665],[-76.09134,-10.90656],[-76.09164,-10.9069],[-76.09177,-10.90825],[-76.09197,-10.9086],[-76.09244,-10.91037],[-76.09228,-10.91127],[-76.09203,-10.9135],[-76.09284,-10.91474],[-76.09367,-10.91579],[-76.09411,-10.91718],[-76.09423,-10.91839],[-76.09449,-10.91888],[-76.09567,-10.92032],[-76.09596,-10.92126],[-76.09684,-10.92295],[-76.09803,-10.92277],[-76.09856,-10.92322],[-76.09878,-10.92519],[-76.09904,-10.92886],[-76.09896,-10.93031],[-76.10153,-10.93198],[-76.10371,-10.93311],[-76.10386,-10.93374],[-76.1045,-10.93492],[-76.10647,-10.93649],[-76.10915,-10.93894],[-76.10924,-10.94017],[-76.10941,-10.94135],[-76.10985,-10.94277],[-76.10999,-10.94396],[-76.11103,-10.94765],[-76.11135,-10.94782],[-76.11287,-10.94834],[-76.11568,-10.95012],[-76.11671,-10.95162],[-76.12049,-10.95897],[-76.12127,-10.96063],[-76.12224,-10.96115],[-76.1909,-10.96031],[-76.2098,-10.91897],[-76.22368,-10.91501],[-76.24908,-10.92455],[-76.25892,-10.92006],[-76.2658,-10.92017],[-76.27883,-10.92373],[-76.27882,-10.92542],[-76.27873,-10.92712],[-76.27818,-10.92908],[-76.27697,-10.93094],[-76.27627,-10.93326],[-76.27692,-10.93519],[-76.2777,-10.93786],[-76.27824,-10.94334],[-76.27789,-10.94449],[-76.2775,-10.94581],[-76.27721,-10.94734],[-76.27645,-10.95094],[-76.27391,-10.95045],[-76.27297,-10.95034],[-76.27198,-10.95125],[-76.27147,-10.95324],[-76.27261,-10.95667],[-76.27121,-10.95628],[-76.26949,-10.95517],[-76.26875,-10.95557],[-76.26723,-10.95728],[-76.26579,-10.95826],[-76.26563,-10.95857],[-76.26545,-10.96013],[-76.26794,-10.9612],[-76.26903,-10.96134],[-76.27002,-10.96262],[-76.26986,-10.96356],[-76.2695,-10.96416],[-76.26872,-10.96448],[-76.26845,-10.96447],[-76.26784,-10.96431],[-76.26746,-10.96525],[-76.26795,-10.96679],[-76.26964,-10.96715],[-76.27174,-10.96616],[-76.27144,-10.96812],[-76.27295,-10.97102],[-76.27261,-10.97208],[-76.27185,-10.97358],[-76.27089,-10.97476],[-76.27017,-10.97531],[-76.26928,-10.97573],[-76.26873,-10.97614],[-76.26834,-10.97744],[-76.26941,-10.97946],[-76.26797,-10.9797],[-76.26751,-10.97962],[-76.26671,-10.97963],[-76.26616,-10.97984],[-76.26582,-10.98071],[-76.26639,-10.98183],[-76.26686,-10.98321],[-76.26655,-10.98543],[-76.26628,-10.98599],[-76.26576,-10.9874],[-76.2656,-10.98845],[-76.26647,-10.9909],[-76.26454,-10.99425],[-76.26404,-10.99447],[-76.26275,-10.9952],[-76.26281,-10.99637],[-76.26389,-10.99807],[-76.26173,-11.00029],[-76.25992,-10.99982],[-76.25867,-10.9994],[-76.25732,-10.99995],[-76.25717,-11.00023],[-76.2566,-11.00095],[-76.25567,-11.0024],[-76.25582,-11.00299],[-76.25672,-11.00391],[-76.25917,-11.00476],[-76.25899,-11.00712],[-76.25735,-11.00873],[-76.25644,-11.00954],[-76.25628,-11.01055],[-76.25631,-11.01141],[-76.25887,-11.01278],[-76.25941,-11.01285],[-76.25995,-11.01501],[-76.25932,-11.0159],[-76.25683,-11.01776],[-76.2546,-11.02046],[-76.25366,-11.02189],[-76.25344,-11.02288],[-76.25409,-11.02349],[-76.25749,-11.02503],[-76.25801,-11.02538],[-76.25914,-11.02528],[-76.25957,-11.02592],[-76.25902,-11.02783],[-76.25849,-11.0282],[-76.25787,-11.02867],[-76.25717,-11.02972],[-76.2567,-11.03064],[-76.25548,-11.03122],[-76.25343,-11.03191],[-76.2527,-11.03198],[-76.2523,-11.03193],[-76.25099,-11.03233],[-76.25155,-11.03344],[-76.25188,-11.03387],[-76.252,-11.03623],[-76.2517,-11.03675],[-76.25115,-11.03942],[-76.25032,-11.04038],[-76.24884,-11.04034],[-76.24663,-11.04078],[-76.2447,-11.04119],[-76.24369,-11.04122],[-76.24322,-11.04154],[-76.2432,-11.04341],[-76.24347,-11.04373],[-76.24534,-11.04541],[-76.24406,-11.04678],[-76.24264,-11.04703],[-76.24209,-11.04683],[-76.24145,-11.04644],[-76.24074,-11.0464],[-76.24035,-11.04659],[-76.24023,-11.04674],[-76.24003,-11.04758],[-76.23997,-11.04788],[-76.23957,-11.0492],[-76.23965,-11.05021],[-76.2402,-11.05108],[-76.24101,-11.05149],[-76.24177,-11.05206],[-76.24072,-11.05328],[-76.23966,-11.05417],[-76.23964,-11.05429],[-76.24061,-11.05526],[-76.2418,-11.05733],[-76.24112,-11.06037],[-76.24332,-11.06693],[-76.24344,-11.06813],[-76.24517,-11.07054],[-76.24395,-11.07227],[-76.24394,-11.07254],[-76.24417,-11.07323],[-76.24417,-11.07393],[-76.24406,-11.0755],[-76.24435,-11.07717],[-76.24517,-11.07906],[-76.24545,-11.08018],[-76.24574,-11.08068],[-76.24704,-11.08171],[-76.24849,-11.08279],[-76.2485,-11.08351],[-76.24822,-11.08436],[-76.24794,-11.08518],[-76.25019,-11.08913],[-76.25096,-11.09415],[-76.25118,-11.09496],[-76.25124,-11.09631],[-76.2509,-11.09778],[-76.25072,-11.10107],[-76.25031,-11.10321],[-76.25025,-11.10456],[-76.24974,-11.10629],[-76.24955,-11.10693],[-76.24617,-11.11121],[-76.24596,-11.11196],[-76.24548,-11.11331],[-76.24309,-11.11531],[-76.23785,-11.11602],[-76.23619,-11.11856],[-76.23498,-11.12038],[-76.23259,-11.12186],[-76.23212,-11.12248],[-76.23081,-11.12419],[-76.22799,-11.12878],[-76.22476,-11.13156],[-76.22525,-11.13314],[-76.2248,-11.13459],[-76.22399,-11.1362],[-76.22002,-11.13805],[-76.2187,-11.13971],[-76.2187,-11.14309],[-76.21819,-11.1441],[-76.21564,-11.148],[-76.21479,-11.15003],[-76.21463,-11.15031],[-76.3079,-11.13266],[-76.31807,-11.09164],[-76.39722,-11.07576],[-76.49121,-11.08944],[-76.5313,-11.03606],[-76.57695,-11.01653],[-76.56508,-10.96618],[-76.58821,-10.84505],[-76.63349,-10.78453],[-76.65938,-10.68825],[-76.65566,-10.64678],[-76.53851,-10.70435],[-76.51617,-10.74295],[-76.45636,-10.64743],[-76.41961,-10.65317],[-76.34603,-10.59606],[-76.29372,-10.60189],[-76.24196,-10.5427],[-76.24681,-10.47916],[-76.30588,-10.41217],[-76.27112,-10.3711],[-76.22304,-10.37488],[-76.13049,-10.42973],[-76.03167,-10.45593]]]}},{"type":"Feature","properties":{"COUNT":13,"FIRST_IDPR":"1308","NOMBPROV":"PATAZ","FIRST_NOMB":"LA LIBERTAD","LAST_DCTO":"-","LAST_LEY":"-","FIRST_FECH":"18/06/1987","LAST_FECHA":"EPOCA INDEP.","MIN_SHAPE_":399547.99952,"ha":399548},"geometry":{"type":"Polygon","coordinates":[[[-77.56581,-8.23721],[-77.55722,-8.19373],[-77.60569,-8.15481],[-77.63652,-8.10619],[-77.64737,-8.04971],[-77.64082,-7.98333],[-77.62362,-7.87654],[-77.65648,-7.79789],[-77.65359,-7.77046],[-77.70093,-7.59354],[-77.62204,-7.62217],[-77.60594,-7.64713],[-77.54556,-7.67218],[-77.53095,-7.65448],[-77.48453,-7.69971],[-77.52778,-7.75758],[-77.47983,-7.80329],[-77.44286,-7.81364],[-77.40678,-7.90249],[-77.37691,-7.90882],[-77.40713,-7.99199],[-77.38547,-8.05539],[-77.29226,-8.06009],[-77.23829,-8.01332],[-77.0687,-8.03951],[-77.01956,-8.05269],[-76.98672,-8.11123],[-76.907,-8.17074],[-76.9256,-8.2185],[-76.90124,-8.28347],[-76.91375,-8.32609],[-76.97648,-8.39594],[-77.08548,-8.40622],[-77.13384,-8.44002],[-77.20421,-8.48569],[-77.26408,-8.46753],[-77.31749,-8.53015],[-77.36602,-8.50709],[-77.40034,-8.48197],[-77.40546,-8.44148],[-77.4389,-8.41986],[-77.4589,-8.33566],[-77.49137,-8.28255],[-77.56581,-8.23721]]]}},{"type":"Feature","properties":{"COUNT":10,"FIRST_IDPR":"0508","NOMBPROV":"PAUCAR DEL SARA SARA","FIRST_NOMB":"AYACUCHO","LAST_DCTO":"-","LAST_LEY":"-","FIRST_FECH":"EPOCA INDEP.","LAST_FECHA":"EPOCA INDEP.","MIN_SHAPE_":208321.47098,"ha":208321.47},"geometry":{"type":"Polygon","coordinates":[[[-73.2748,-15.39295],[-73.33628,-15.40515],[-73.39217,-15.39874],[-73.4411,-15.35572],[-73.44096,-15.35506],[-73.44065,-15.34842],[-73.44484,-15.32722],[-73.44854,-15.3189],[-73.44934,-15.318],[-73.45303,-15.31469],[-73.45342,-15.31442],[-73.45458,-15.31136],[-73.4624,-15.30451],[-73.46641,-15.30167],[-73.46871,-15.29799],[-73.46988,-15.29485],[-73.4785,-15.29202],[-73.48294,-15.29081],[-73.48294,-15.28981],[-73.48167,-15.28604],[-73.48187,-15.2847],[-73.48428,-15.28156],[-73.50212,-15.27287],[-73.50437,-15.26897],[-73.50497,-15.26382],[-73.50636,-15.26107],[-73.51128,-15.25505],[-73.51443,-15.25214],[-73.51809,-15.24513],[-73.52144,-15.23791],[-73.52339,-15.22355],[-73.52871,-15.22293],[-73.53229,-15.21788],[-73.5326,-15.21777],[-73.53454,-15.21601],[-73.53706,-15.21551],[-73.53704,-15.21513],[-73.53559,-15.21262],[-73.53594,-15.21018],[-73.53592,-15.2099],[-73.53754,-15.2083],[-73.53763,-15.20406],[-73.53645,-15.19768],[-73.53621,-15.19617],[-73.53662,-15.19464],[-73.53923,-15.18621],[-73.54131,-15.18518],[-73.54434,-15.18488],[-73.54455,-15.18466],[-73.54478,-15.18309],[-73.54818,-15.17695],[-73.54838,-15.17643],[-73.54785,-15.17422],[-73.54798,-15.1725],[-73.54841,-15.17122],[-73.54889,-15.1707],[-73.54938,-15.1702],[-73.54929,-15.16951],[-73.547,-15.1656],[-73.54749,-15.16475],[-73.54887,-15.16418],[-73.54909,-15.16368],[-73.55106,-15.15955],[-73.55133,-15.15895],[-73.55238,-15.15855],[-73.55337,-15.15837],[-73.55471,-15.1561],[-73.55484,-15.15564],[-73.55306,-15.15346],[-73.55398,-15.14963],[-73.55278,-15.14439],[-73.55211,-15.14399],[-73.5518,-15.14397],[-73.55104,-15.14414],[-73.54796,-15.14579],[-73.54669,-15.14509],[-73.54607,-15.14428],[-73.54817,-15.13896],[-73.5484,-15.13822],[-73.54834,-15.1376],[-73.54731,-15.13698],[-73.54686,-15.13666],[-73.54677,-15.13655],[-73.54669,-15.13609],[-73.54813,-15.13498],[-73.54853,-15.13441],[-73.54837,-15.13431],[-73.54585,-15.13182],[-73.54438,-15.12791],[-73.54644,-15.12634],[-73.5497,-15.12469],[-73.55185,-15.12519],[-73.55286,-15.12143],[-73.55237,-15.1174],[-73.55086,-15.11062],[-73.54954,-15.10686],[-73.54967,-15.10435],[-73.54936,-15.10331],[-73.54625,-15.0983],[-73.54645,-15.09411],[-73.54624,-15.09382],[-73.53854,-15.09129],[-73.53827,-15.09091],[-73.53826,-15.08777],[-73.5368,-15.08306],[-73.54411,-15.06705],[-73.54477,-15.06529],[-73.54552,-15.06069],[-73.54561,-15.05905],[-73.54584,-15.05669],[-73.54498,-15.05555],[-73.54369,-15.05551],[-73.54353,-15.05549],[-73.54233,-15.05568],[-73.54183,-15.05577],[-73.54047,-15.05706],[-73.53975,-15.05859],[-73.53931,-15.05946],[-73.53861,-15.05993],[-73.538,-15.06002],[-73.53331,-15.05548],[-73.531,-15.05335],[-73.52654,-15.05692],[-73.52032,-15.06108],[-73.51596,-15.06103],[-73.5152,-15.06043],[-73.51198,-15.0589],[-73.51057,-15.05818],[-73.50638,-15.05624],[-73.50554,-15.05596],[-73.50482,-15.05642],[-73.49248,-15.0607],[-73.45833,-15.04491],[-73.45542,-15.05052],[-73.44807,-15.06139],[-73.44729,-15.06152],[-73.44359,-15.0606],[-73.43958,-15.06239],[-73.43101,-15.06318],[-73.41221,-15.0587],[-73.41005,-15.05795],[-73.40918,-15.05824],[-73.37775,-15.04254],[-73.37022,-15.04056],[-73.3536,-15.03612],[-73.34693,-15.03783],[-73.34134,-15.03552],[-73.33531,-15.03164],[-73.33343,-15.02635],[-73.33594,-15.02341],[-73.33686,-15.0161],[-73.33834,-15.01226],[-73.34,-15.00836],[-73.34123,-15.0065],[-73.34245,-15.00355],[-73.34148,-15.00284],[-73.33417,-15.00093],[-73.33291,-15.00045],[-73.31343,-14.98671],[-73.31014,-14.98623],[-73.30624,-14.98577],[-73.2964,-14.98145],[-73.29227,-14.98352],[-73.28931,-14.98364],[-73.28489,-14.98374],[-73.27746,-14.97881],[-73.27327,-14.97711],[-73.26538,-14.97476],[-73.26264,-14.9657],[-73.26532,-14.96353],[-73.25903,-14.93442],[-73.25816,-14.93334],[-73.25602,-14.92821],[-73.25674,-14.92452],[-73.26267,-14.92008],[-73.26542,-14.91043],[-73.2654,-14.90933],[-73.26471,-14.9065],[-73.255,-14.89975],[-73.25315,-14.89986],[-73.23808,-14.90615],[-73.20085,-14.92278],[-73.19394,-14.92059],[-73.19343,-14.91477],[-73.19238,-14.91123],[-73.18669,-14.91026],[-73.16763,-14.91203],[-73.16586,-14.91216],[-73.16164,-14.91119],[-73.15726,-14.90634],[-73.14174,-14.89639],[-73.13562,-14.88882],[-73.11837,-14.86789],[-73.12522,-14.86124],[-73.12607,-14.86046],[-73.12792,-14.85799],[-73.12773,-14.85443],[-73.12676,-14.85316],[-73.12138,-14.8474],[-73.11872,-14.84258],[-73.11734,-14.84255],[-73.11364,-14.84386],[-73.10887,-14.84295],[-73.10151,-14.84368],[-73.09187,-14.83868],[-73.06581,-14.82536],[-73.06119,-14.82553],[-73.0386,-14.84412],[-73.03434,-14.8487],[-73.03333,-14.84993],[-73.02044,-14.85419],[-73.01421,-14.85571],[-73.03146,-14.90005],[-72.98666,-14.9561],[-73.00535,-15.00932],[-73.00424,-15.06413],[-73.04756,-15.13435],[-73.11075,-15.18611],[-73.11684,-15.22285],[-73.17455,-15.30661],[-73.24593,-15.28609],[-73.28492,-15.29494],[-73.29062,-15.37132],[-73.2748,-15.39295]]]}},{"type":"Feature","properties":{"COUNT":6,"FIRST_IDPR":"0811","NOMBPROV":"PAUCARTAMBO","FIRST_NOMB":"CUSCO","LAST_DCTO":"LEY","LAST_LEY":"14116","FIRST_FECH":"EPOCA INDEP.","LAST_FECHA":"15/06/1962","MIN_SHAPE_":579946.97532,"ha":579946.98},"geometry":{"type":"Polygon","coordinates":[[[-71.06418,-13.2567],[-71.14347,-13.3579],[-71.16174,-13.4034],[-71.14328,-13.47654],[-71.21734,-13.51855],[-71.29409,-13.4553],[-71.3728,-13.4462],[-71.41625,-13.51694],[-71.46878,-13.49424],[-71.49889,-13.45801],[-71.52334,-13.58839],[-71.62661,-13.56617],[-71.62264,-13.60428],[-71.68078,-13.62948],[-71.71952,-13.55247],[-71.7465,-13.42093],[-71.73968,-13.38559],[-71.8213,-13.3196],[-71.86384,-13.22778],[-71.88889,-13.05349],[-71.90637,-13.02079],[-71.8285,-12.95423],[-71.89141,-12.83321],[-71.90035,-12.73336],[-71.81059,-12.74498],[-71.74694,-12.79611],[-71.69497,-12.73879],[-71.6003,-12.70006],[-71.55213,-12.7093],[-71.45105,-12.82497],[-71.44887,-12.86334],[-71.41524,-12.89426],[-71.35494,-12.88398],[-71.30101,-12.9407],[-71.23875,-12.97193],[-71.17304,-12.98333],[-71.16818,-13.09409],[-71.12201,-13.23353],[-71.06418,-13.2567]]]}},{"type":"Feature","properties":{"COUNT":10,"FIRST_IDPR":"2207","NOMBPROV":"PICOTA","FIRST_NOMB":"SAN MARTIN","LAST_DCTO":"LEY","LAST_LEY":"12094","FIRST_FECH":"31/01/1944","LAST_FECHA":"07/04/1954","MIN_SHAPE_":210749.915179,"ha":210749.92},"geometry":{"type":"Polygon","coordinates":[[[-76.52387,-6.72538],[-76.52421,-6.69287],[-76.45632,-6.68001],[-76.27505,-6.69207],[-76.2619,-6.7691],[-76.19737,-6.74916],[-76.18819,-6.71231],[-76.12677,-6.68799],[-76.09541,-6.71486],[-76.06852,-6.80149],[-76.0509,-6.81086],[-76.01053,-6.89361],[-76.05146,-6.9443],[-76.01079,-6.99654],[-76.01072,-7.07838],[-76.05994,-7.1613],[-76.14353,-7.20396],[-76.15794,-7.19829],[-76.15776,-7.10275],[-76.18599,-7.07591],[-76.319,-7.05845],[-76.38064,-7.01483],[-76.41768,-7.01832],[-76.52351,-6.97604],[-76.54864,-6.92833],[-76.47135,-6.85598],[-76.48149,-6.80742],[-76.52387,-6.72538]]]}},{"type":"Feature","properties":{"COUNT":8,"FIRST_IDPR":"1105","NOMBPROV":"PISCO","FIRST_NOMB":"ICA","LAST_DCTO":"LEY","LAST_LEY":"S/N","FIRST_FECH":"08/03/1951","LAST_FECHA":"13/10/1900","MIN_SHAPE_":394836.06162,"ha":394836.06},"geometry":{"type":"Polygon","coordinates":[[[-75.47731,-13.52548],[-75.51401,-13.61709],[-75.48487,-13.65097],[-75.52944,-13.74007],[-75.55458,-13.74957],[-75.648,-13.80744],[-75.70165,-13.8172],[-75.78889,-13.85644],[-75.85322,-13.83705],[-75.88454,-13.85517],[-76.02798,-13.84012],[-76.05595,-13.9293],[-76.02505,-13.95923],[-76.02545,-14.00503],[-75.98654,-14.06949],[-76.07149,-14.20689],[-76.03312,-14.27662],[-75.98618,-14.29632],[-76.0035,-14.39021],[-76.03668,-14.42605],[-76.0662,-14.38694],[-76.13186,-14.35426],[-76.10995,-14.29269],[-76.14357,-14.22762],[-76.19075,-14.1975],[-76.23053,-14.14912],[-76.2902,-14.16151],[-76.28565,-14.08955],[-76.26645,-14.01469],[-76.28252,-13.91805],[-76.33001,-13.92503],[-76.39633,-13.9089],[-76.37129,-13.80888],[-76.29622,-13.79347],[-76.30077,-13.83772],[-76.26096,-13.8656],[-76.19766,-13.64088],[-76.19161,-13.5945],[-76.08849,-13.56448],[-75.98697,-13.57164],[-75.93556,-13.63105],[-75.86385,-13.61143],[-75.81446,-13.61956],[-75.68928,-13.43967],[-75.58512,-13.40267],[-75.53892,-13.40501],[-75.50292,-13.36595],[-75.46578,-13.43216],[-75.47731,-13.52548]]]}},{"type":"Feature","properties":{"COUNT":8,"FIRST_IDPR":"2001","NOMBPROV":"PIURA","FIRST_NOMB":"PIURA","LAST_DCTO":"LEY","LAST_LEY":"8231","FIRST_FECH":"19/02/1965","LAST_FECHA":"03/04/1936","MIN_SHAPE_":598263.381126,"ha":598263.38},"geometry":{"type":"Polygon","coordinates":[[[-80.10245,-4.92904],[-80.17641,-4.97175],[-80.23431,-4.94831],[-80.25658,-4.99145],[-80.2215,-5.05045],[-80.28962,-5.07152],[-80.33554,-5.12172],[-80.36502,-5.23242],[-80.323,-5.29054],[-80.25993,-5.33032],[-80.08393,-5.56044],[-79.99919,-5.58536],[-79.96854,-5.58117],[-79.99483,-5.75195],[-80.05298,-5.81124],[-80.10908,-5.7878],[-80.20769,-5.72148],[-80.2912,-5.67793],[-80.32297,-5.67933],[-80.53463,-5.60161],[-80.55258,-5.49227],[-80.63671,-5.48608],[-80.63533,-5.45037],[-80.70543,-5.42953],[-80.69527,-5.38483],[-80.72409,-5.35217],[-80.8056,-5.33855],[-80.84934,-5.29836],[-80.8277,-5.22501],[-80.80552,-5.22092],[-80.74463,-5.13007],[-80.70032,-5.01762],[-80.69769,-4.96009],[-80.60602,-4.92901],[-80.54005,-4.83979],[-80.50743,-4.82337],[-80.41887,-4.82896],[-80.3615,-4.78376],[-80.34313,-4.71033],[-80.37111,-4.67795],[-80.35667,-4.63684],[-80.24886,-4.58511],[-80.22143,-4.59545],[-80.15342,-4.60419],[-80.12357,-4.67301],[-80.03555,-4.65635],[-80.02569,-4.71823],[-80.07732,-4.73155],[-80.0964,-4.83845],[-80.11709,-4.88237],[-80.10245,-4.92904]]]}},{"type":"Feature","properties":{"COUNT":4,"FIRST_IDPR":"0216","NOMBPROV":"POMABAMBA","FIRST_NOMB":"ANCASH","LAST_DCTO":"LEY","LAST_LEY":"S/N","FIRST_FECH":"28/06/1955","LAST_FECHA":"28/08/1868","MIN_SHAPE_":92220.6273407,"ha":92220.63},"geometry":{"type":"Polygon","coordinates":[[[-77.56345,-8.90337],[-77.57427,-8.90044],[-77.60463,-8.88671],[-77.5812,-8.77112],[-77.59274,-8.75767],[-77.53868,-8.70175],[-77.49648,-8.69702],[-77.50156,-8.61436],[-77.48992,-8.59067],[-77.36602,-8.50709],[-77.31749,-8.53015],[-77.28903,-8.5893],[-77.29485,-8.63293],[-77.2606,-8.64852],[-77.24736,-8.71276],[-77.27977,-8.70282],[-77.39265,-8.76762],[-77.44713,-8.83832],[-77.39246,-8.88104],[-77.40557,-8.91318],[-77.56345,-8.90337]]]}},{"type":"Feature","properties":{"COUNT":5,"FIRST_IDPR":"1009","NOMBPROV":"PUERTO INCA","FIRST_NOMB":"HUANUCO","LAST_DCTO":"LEY","LAST_LEY":"12640","FIRST_FECH":"19/11/1984","LAST_FECHA":"02/02/1956","MIN_SHAPE_":1004069.78967,"ha":1004069.79},"geometry":{"type":"Polygon","coordinates":[[[-74.6771,-9.42832],[-74.7277,-9.46997],[-74.75052,-9.52461],[-74.73517,-9.57271],[-74.80704,-9.68658],[-74.80443,-9.72982],[-74.84935,-9.7483],[-74.89767,-9.73711],[-74.9431,-9.7611],[-74.99944,-9.83845],[-75.05988,-9.81969],[-75.1084,-9.84625],[-75.16012,-9.83997],[-75.24075,-9.78584],[-75.30307,-9.78362],[-75.27582,-9.84976],[-75.28794,-9.87028],[-75.36936,-9.87083],[-75.39565,-9.91396],[-75.47573,-9.97396],[-75.54864,-9.98361],[-75.59366,-9.95179],[-75.65527,-9.94377],[-75.76141,-9.85644],[-75.75293,-9.81698],[-75.71628,-9.8023],[-75.72454,-9.74],[-75.71147,-9.69077],[-75.71388,-9.6125],[-75.67759,-9.56006],[-75.66875,-9.50959],[-75.63363,-9.45017],[-75.62157,-9.39673],[-75.56245,-9.40017],[-75.49439,-9.37736],[-75.4521,-9.29672],[-75.32894,-9.29703],[-75.28272,-9.30983],[-75.26233,-9.27037],[-75.20971,-9.22994],[-75.2106,-9.15914],[-75.23758,-9.10677],[-75.18102,-9.081],[-75.15099,-9.03872],[-75.1433,-8.97219],[-75.09437,-8.9223],[-75.04556,-8.90422],[-74.97886,-8.95204],[-74.93416,-8.93022],[-74.95365,-8.85805],[-74.94071,-8.85789],[-74.85056,-8.75689],[-74.84668,-8.66124],[-74.79753,-8.63171],[-74.61782,-8.54872],[-74.54713,-8.58457],[-74.52535,-8.74932],[-74.53218,-8.77613],[-74.60892,-8.82023],[-74.64431,-8.91878],[-74.65137,-9.04877],[-74.67809,-9.09404],[-74.64071,-9.11856],[-74.63956,-9.15968],[-74.58944,-9.30318],[-74.67431,-9.39447],[-74.6771,-9.42832]]]}},{"type":"Feature","properties":{"COUNT":1,"FIRST_IDPR":"2001","NOMBPROV":"PUIRA","FIRST_NOMB":"PIURA","LAST_DCTO":"LEY","LAST_LEY":"5951","FIRST_FECH":"28/12/1927","LAST_FECHA":"28/12/1927","MIN_SHAPE_":24287.5992719,"ha":24287.6},"geometry":{"type":"Polygon","coordinates":[[[-80.8596,-5.28136],[-80.84934,-5.29836],[-80.8056,-5.33855],[-80.72409,-5.35217],[-80.69527,-5.38483],[-80.70543,-5.42953],[-80.96149,-5.31105],[-81.02542,-5.24279],[-80.93923,-5.23754],[-80.8596,-5.28136]]]}},{"type":"Feature","properties":{"COUNT":15,"FIRST_IDPR":"2101","NOMBPROV":"PUNO","FIRST_NOMB":"PUNO","LAST_DCTO":"-","LAST_LEY":"-","FIRST_FECH":"EPOCA INDEP.","LAST_FECHA":"EPOCA INDEP.","MIN_SHAPE_":653760.31559,"ha":653760.32},"geometry":{"type":"Polygon","coordinates":[[[-69.60974,-15.98339],[-69.60993,-15.98431],[-69.60875,-15.98755],[-69.61027,-15.9948],[-69.60991,-15.99629],[-69.61353,-16.00078],[-69.61392,-16.00213],[-69.61421,-16.00247],[-69.61445,-16.00308],[-69.6151,-16.0038],[-69.61492,-16.00414],[-69.61439,-16.00738],[-69.61452,-16.00767],[-69.61695,-16.00877],[-69.62221,-16.01395],[-69.62495,-16.01588],[-69.62554,-16.01587],[-69.62649,-16.01728],[-69.62686,-16.01773],[-69.62878,-16.01903],[-69.63289,-16.01743],[-69.63414,-16.01814],[-69.63676,-16.01771],[-69.63866,-16.01678],[-69.64034,-16.01482],[-69.64323,-16.01377],[-69.64454,-16.01337],[-69.64584,-16.01233],[-69.64733,-16.01234],[-69.6508,-16.0151],[-69.65075,-16.0158],[-69.65047,-16.01662],[-69.65151,-16.01904],[-69.65063,-16.02005],[-69.65102,-16.02124],[-69.65096,-16.02139],[-69.65059,-16.02175],[-69.65171,-16.02499],[-69.65092,-16.02582],[-69.65162,-16.0264],[-69.65159,-16.02808],[-69.65122,-16.02923],[-69.65046,-16.03022],[-69.6507,-16.03127],[-69.65081,-16.03263],[-69.65067,-16.03696],[-69.65156,-16.03868],[-69.6518,-16.05255],[-69.65174,-16.05323],[-69.65759,-16.06183],[-69.658,-16.06221],[-69.66595,-16.06732],[-69.66811,-16.06868],[-69.67741,-16.06772],[-69.67864,-16.06791],[-69.68278,-16.07024],[-69.68414,-16.07354],[-69.68706,-16.07722],[-69.68822,-16.07908],[-69.68774,-16.084],[-69.68822,-16.08435],[-69.69697,-16.08408],[-69.69196,-16.10068],[-69.69003,-16.10205],[-69.6858,-16.10414],[-69.68472,-16.10374],[-69.68186,-16.105],[-69.68114,-16.10503],[-69.68052,-16.10571],[-69.6803,-16.1059],[-69.67928,-16.10643],[-69.67792,-16.10883],[-69.67757,-16.109],[-69.67666,-16.10989],[-69.67557,-16.10962],[-69.67469,-16.11077],[-69.67385,-16.11077],[-69.67302,-16.11138],[-69.67156,-16.11286],[-69.67162,-16.11342],[-69.67086,-16.1138],[-69.6701,-16.11397],[-69.67032,-16.1156],[-69.67408,-16.11841],[-69.68103,-16.12806],[-69.68443,-16.12921],[-69.68662,-16.12834],[-69.68832,-16.12785],[-69.68907,-16.13307],[-69.69133,-16.13891],[-69.69107,-16.14118],[-69.68795,-16.14416],[-69.68785,-16.14952],[-69.69229,-16.14856],[-69.69364,-16.14873],[-69.69406,-16.15032],[-69.69408,-16.15306],[-69.69244,-16.15593],[-69.69156,-16.16034],[-69.70356,-16.17002],[-69.70445,-16.17823],[-69.70368,-16.18271],[-69.70984,-16.19831],[-69.71096,-16.19842],[-69.71957,-16.20363],[-69.72512,-16.20825],[-69.7255,-16.20841],[-69.7267,-16.20828],[-69.73062,-16.20512],[-69.73282,-16.20483],[-69.73512,-16.20483],[-69.73773,-16.20523],[-69.74342,-16.20445],[-69.74364,-16.20443],[-69.74518,-16.20529],[-69.74741,-16.20702],[-69.74881,-16.20764],[-69.74922,-16.20823],[-69.75093,-16.20908],[-69.75148,-16.21075],[-69.75234,-16.21332],[-69.75326,-16.21329],[-69.75338,-16.21338],[-69.75506,-16.21778],[-69.75775,-16.21552],[-69.75728,-16.21497],[-69.75887,-16.21586],[-69.75972,-16.21538],[-69.76055,-16.2155],[-69.76063,-16.21591],[-69.76106,-16.21815],[-69.76106,-16.21818],[-69.76125,-16.21847],[-69.76182,-16.22078],[-69.76356,-16.22199],[-69.76358,-16.22221],[-69.76333,-16.22242],[-69.76305,-16.22339],[-69.76289,-16.22413],[-69.76299,-16.22452],[-69.76393,-16.22559],[-69.76327,-16.22634],[-69.76333,-16.22672],[-69.76412,-16.22698],[-69.76409,-16.22894],[-69.76408,-16.231],[-69.76411,-16.23189],[-69.76444,-16.23248],[-69.76527,-16.23292],[-69.7656,-16.23513],[-69.76564,-16.23558],[-69.76651,-16.24497],[-69.76782,-16.24554],[-69.76792,-16.2457],[-69.76848,-16.24657],[-69.7728,-16.25605],[-69.774,-16.25732],[-69.77487,-16.25859],[-69.77517,-16.25899],[-69.77558,-16.25993],[-69.77636,-16.26039],[-69.77791,-16.26182],[-69.7836,-16.2667],[-69.78494,-16.2671],[-69.78573,-16.26701],[-69.78805,-16.26752],[-69.79959,-16.27339],[-69.80619,-16.27613],[-69.79903,-16.32393],[-69.80102,-16.33285],[-69.80037,-16.33548],[-69.8007,-16.33771],[-69.80072,-16.33928],[-69.79606,-16.34824],[-69.79354,-16.35245],[-69.79152,-16.35354],[-69.79047,-16.35409],[-69.79005,-16.35433],[-69.78985,-16.35576],[-69.78957,-16.35678],[-69.7883,-16.35908],[-69.78796,-16.3619],[-69.78826,-16.36253],[-69.79549,-16.371],[-69.7965,-16.37138],[-69.79721,-16.37352],[-69.79782,-16.37428],[-69.79688,-16.37688],[-69.79667,-16.37768],[-69.80144,-16.38738],[-69.80354,-16.3886],[-69.81049,-16.39287],[-69.81715,-16.39376],[-69.82571,-16.39362],[-69.82823,-16.39315],[-69.83173,-16.39317],[-69.83761,-16.39215],[-69.8398,-16.39336],[-69.84259,-16.39595],[-69.84654,-16.39814],[-69.84842,-16.39876],[-69.85241,-16.40159],[-69.85471,-16.40568],[-69.85477,-16.41002],[-69.85594,-16.41432],[-69.85526,-16.42371],[-69.85645,-16.42641],[-69.86908,-16.44921],[-69.87736,-16.45569],[-69.88064,-16.46009],[-69.88427,-16.46387],[-69.87927,-16.4713],[-69.87935,-16.47463],[-69.88676,-16.48754],[-69.8884,-16.4903],[-69.89003,-16.49339],[-69.89074,-16.49525],[-69.89417,-16.49863],[-69.89549,-16.503],[-69.90225,-16.51447],[-69.90688,-16.51949],[-69.91539,-16.51964],[-69.92143,-16.51442],[-69.9295,-16.51631],[-69.93049,-16.51812],[-69.9309,-16.51883],[-69.93315,-16.52115],[-69.93739,-16.52246],[-69.94195,-16.52952],[-69.96425,-16.5445],[-69.98228,-16.56799],[-69.98862,-16.57337],[-70.01039,-16.59478],[-70.01146,-16.59509],[-70.01401,-16.59581],[-70.01884,-16.59638],[-70.02827,-16.6054],[-70.02433,-16.61965],[-70.0237,-16.62668],[-70.03064,-16.63472],[-70.03327,-16.63432],[-70.04861,-16.62771],[-70.07267,-16.64126],[-70.08416,-16.65297],[-70.08678,-16.65518],[-70.09066,-16.6541],[-70.09901,-16.65045],[-70.09914,-16.6503],[-70.10367,-16.64825],[-70.10785,-16.64412],[-70.11337,-16.63975],[-70.12138,-16.63719],[-70.12617,-16.63459],[-70.13457,-16.63066],[-70.14274,-16.62047],[-70.14623,-16.61713],[-70.15441,-16.61571],[-70.15792,-16.616],[-70.16917,-16.6007],[-70.17047,-16.59866],[-70.17582,-16.59275],[-70.17668,-16.57216],[-70.18051,-16.55686],[-70.18405,-16.53853],[-70.18539,-16.5372],[-70.19239,-16.53879],[-70.19333,-16.53907],[-70.19951,-16.53963],[-70.201,-16.53917],[-70.2029,-16.53694],[-70.22221,-16.51221],[-70.22401,-16.5116],[-70.22716,-16.50794],[-70.22867,-16.50608],[-70.2426,-16.50477],[-70.24421,-16.50383],[-70.27223,-16.4925],[-70.28702,-16.48331],[-70.29917,-16.4794],[-70.30242,-16.47752],[-70.31375,-16.46647],[-70.30684,-16.45114],[-70.31642,-16.4385],[-70.31586,-16.4357],[-70.31824,-16.4285],[-70.31953,-16.42597],[-70.32251,-16.42114],[-70.33284,-16.41147],[-70.35923,-16.41164],[-70.36089,-16.41083],[-70.36155,-16.40953],[-70.36212,-16.39584],[-70.37301,-16.39045],[-70.38226,-16.38592],[-70.38237,-16.38543],[-70.38066,-16.384],[-70.37148,-16.37453],[-70.35271,-16.35828],[-70.35079,-16.35666],[-70.34766,-16.35182],[-70.34535,-16.34358],[-70.34626,-16.34019],[-70.34214,-16.33282],[-70.33926,-16.31963],[-70.34254,-16.31273],[-70.34618,-16.30751],[-70.34513,-16.29907],[-70.34381,-16.29803],[-70.34783,-16.29111],[-70.34104,-16.27307],[-70.34499,-16.25705],[-70.34513,-16.2561],[-70.34335,-16.25303],[-70.34176,-16.24996],[-70.33916,-16.2491],[-70.33896,-16.24894],[-70.33547,-16.24095],[-70.33398,-16.23752],[-70.32953,-16.23578],[-70.32652,-16.23211],[-70.32649,-16.22261],[-70.32453,-16.21591],[-70.32779,-16.21089],[-70.32856,-16.20541],[-70.3474,-16.20417],[-70.35577,-16.20825],[-70.36064,-16.20779],[-70.36228,-16.2065],[-70.36736,-16.20092],[-70.36723,-16.18926],[-70.36934,-16.18299],[-70.38028,-16.17112],[-70.38411,-16.16755],[-70.3847,-16.16663],[-70.38732,-16.15896],[-70.40075,-16.15062],[-70.40255,-16.14404],[-70.40644,-16.1291],[-70.40648,-16.12893],[-70.40766,-16.12316],[-70.40801,-16.12202],[-70.40129,-16.10253],[-70.4063,-16.09779],[-70.40357,-16.09173],[-70.40326,-16.09049],[-70.41347,-16.07517],[-70.4142,-16.07539],[-70.41632,-16.07584],[-70.42075,-16.06961],[-70.42476,-16.0688],[-70.42765,-16.06743],[-70.43428,-16.06188],[-70.43507,-16.06015],[-70.43846,-16.04308],[-70.43903,-16.03864],[-70.44112,-16.03581],[-70.44422,-16.034],[-70.4504,-16.03697],[-70.46064,-16.04773],[-70.47136,-16.04835],[-70.48089,-16.0415],[-70.48142,-16.04031],[-70.48256,-16.03947],[-70.49908,-16.03939],[-70.50241,-16.03791],[-70.50732,-16.03814],[-70.51195,-16.02977],[-70.5145,-16.03174],[-70.51766,-16.03337],[-70.52163,-16.03035],[-70.52377,-16.02865],[-70.52971,-16.01489],[-70.53092,-16.01416],[-70.54188,-16.00595],[-70.54929,-15.99518],[-70.55126,-15.99462],[-70.55842,-15.98992],[-70.55975,-15.98273],[-70.55789,-15.98247],[-70.55639,-15.9809],[-70.54776,-15.97805],[-70.5448,-15.97775],[-70.54152,-15.97735],[-70.53934,-15.97657],[-70.51982,-15.97581],[-70.51657,-15.97624],[-70.50129,-15.95742],[-70.48922,-15.95179],[-70.48427,-15.94969],[-70.47989,-15.94243],[-70.48207,-15.92778],[-70.48317,-15.92573],[-70.48445,-15.92163],[-70.48428,-15.91964],[-70.47928,-15.9112],[-70.4774,-15.90922],[-70.47295,-15.90701],[-70.46275,-15.9042],[-70.4563,-15.90159],[-70.4509,-15.89836],[-70.44617,-15.89573],[-70.43299,-15.85805],[-70.4309,-15.85353],[-70.42756,-15.84718],[-70.43145,-15.83355],[-70.43073,-15.83208],[-70.42146,-15.82242],[-70.4212,-15.81247],[-70.42129,-15.81194],[-70.43147,-15.80025],[-70.42867,-15.76825],[-70.42701,-15.76728],[-70.42014,-15.75777],[-70.41987,-15.75502],[-70.42171,-15.75147],[-70.42464,-15.74631],[-70.41575,-15.73661],[-70.4063,-15.73141],[-70.39595,-15.72981],[-70.39337,-15.73015],[-70.38391,-15.73344],[-70.37712,-15.74045],[-70.37426,-15.74104],[-70.35858,-15.73599],[-70.32011,-15.73],[-70.31279,-15.7369],[-70.31276,-15.7359],[-70.31194,-15.73497],[-70.31081,-15.73417],[-70.30961,-15.73332],[-70.30787,-15.73246],[-70.30781,-15.73122],[-70.30679,-15.72969],[-70.30645,-15.72878],[-70.30472,-15.72719],[-70.3044,-15.72498],[-70.30423,-15.72443],[-70.30351,-15.72339],[-70.30294,-15.72252],[-70.29896,-15.7161],[-70.29149,-15.70692],[-70.29136,-15.70657],[-70.28959,-15.7027],[-70.28922,-15.70175],[-70.28855,-15.70196],[-70.28837,-15.70185],[-70.28756,-15.70096],[-70.286,-15.7007],[-70.28498,-15.69977],[-70.28397,-15.69787],[-70.28347,-15.69619],[-70.28374,-15.69545],[-70.28231,-15.69516],[-70.28154,-15.69496],[-70.28112,-15.69435],[-70.28066,-15.69372],[-70.27993,-15.69373],[-70.27889,-15.69417],[-70.27829,-15.69396],[-70.26897,-15.69207],[-70.26526,-15.68099],[-70.26017,-15.67322],[-70.24624,-15.67554],[-70.24587,-15.67467],[-70.24471,-15.67312],[-70.24377,-15.67182],[-70.2437,-15.67161],[-70.24364,-15.67122],[-70.2406,-15.66611],[-70.2405,-15.66608],[-70.23897,-15.66555],[-70.23739,-15.66609],[-70.234,-15.66558],[-70.23333,-15.66589],[-70.23192,-15.66221],[-70.23063,-15.66232],[-70.22877,-15.66034],[-70.22632,-15.6584],[-70.22526,-15.65781],[-70.22504,-15.65729],[-70.22542,-15.65655],[-70.22574,-15.65613],[-70.22557,-15.65505],[-70.22383,-15.65597],[-70.22218,-15.65412],[-70.22127,-15.65309],[-70.22105,-15.65232],[-70.22109,-15.65089],[-70.22048,-15.6506],[-70.21986,-15.65161],[-70.21604,-15.64662],[-70.21499,-15.64589],[-70.21457,-15.64576],[-70.21396,-15.64569],[-70.21322,-15.64638],[-70.212,-15.64556],[-70.20871,-15.64398],[-70.20859,-15.64384],[-70.2078,-15.64307],[-70.20465,-15.64083],[-70.20483,-15.63923],[-70.20485,-15.63877],[-70.20531,-15.63726],[-70.20537,-15.63695],[-70.20379,-15.63686],[-70.2027,-15.63326],[-70.20363,-15.63195],[-70.20379,-15.63117],[-70.20319,-15.63008],[-70.20163,-15.62719],[-70.20234,-15.6267],[-70.20097,-15.62394],[-70.20099,-15.62373],[-70.19869,-15.61781],[-70.19833,-15.61742],[-70.19715,-15.61725],[-70.19689,-15.61747],[-70.19652,-15.61962],[-70.19554,-15.61993],[-70.19056,-15.61912],[-70.19077,-15.62007],[-70.19104,-15.62034],[-70.18903,-15.62416],[-70.18917,-15.62437],[-70.1876,-15.62568],[-70.18726,-15.62531],[-70.18566,-15.62707],[-70.18479,-15.62782],[-70.18418,-15.62903],[-70.18307,-15.62933],[-70.1822,-15.62921],[-70.18045,-15.62752],[-70.17954,-15.62664],[-70.17834,-15.62692],[-70.17549,-15.62935],[-70.1752,-15.62932],[-70.17349,-15.62753],[-70.17339,-15.62761],[-70.173,-15.62925],[-70.17207,-15.63217],[-70.17045,-15.63164],[-70.17038,-15.63243],[-70.17134,-15.63389],[-70.16964,-15.63305],[-70.16928,-15.63271],[-70.16775,-15.63257],[-70.16737,-15.63352],[-70.16638,-15.63457],[-70.16629,-15.63512],[-70.16668,-15.63563],[-70.16929,-15.63739],[-70.16755,-15.64087],[-70.16819,-15.64145],[-70.16789,-15.64219],[-70.16675,-15.64318],[-70.16619,-15.6416],[-70.16547,-15.64132],[-70.1632,-15.64437],[-70.16308,-15.6444],[-70.16343,-15.64674],[-70.16155,-15.64684],[-70.15965,-15.64941],[-70.1589,-15.64899],[-70.15775,-15.64758],[-70.1572,-15.64768],[-70.15705,-15.64785],[-70.1571,-15.64916],[-70.15978,-15.65052],[-70.15607,-15.65155],[-70.15611,-15.65311],[-70.15433,-15.6545],[-70.15148,-15.65696],[-70.14864,-15.65683],[-70.15024,-15.65963],[-70.15024,-15.66391],[-70.14991,-15.66548],[-70.14893,-15.66679],[-70.14972,-15.66673],[-70.15021,-15.6668],[-70.14729,-15.66822],[-70.145,-15.66827],[-70.14313,-15.6652],[-70.14221,-15.66389],[-70.13821,-15.65772],[-70.13503,-15.65386],[-70.13429,-15.65297],[-70.13298,-15.65127],[-70.13166,-15.64834],[-70.12811,-15.64131],[-70.12702,-15.64064],[-70.12665,-15.64046],[-70.12644,-15.64038],[-70.12446,-15.63981],[-70.12377,-15.63949],[-70.12344,-15.63873],[-70.12341,-15.63789],[-70.08942,-15.64145],[-70.08374,-15.64246],[-70.08583,-15.63629],[-70.08588,-15.63619],[-70.07018,-15.62385],[-70.06409,-15.61093],[-70.03139,-15.57493],[-70.02916,-15.57138],[-70.02808,-15.56845],[-70.01862,-15.56434],[-70.00018,-15.56094],[-69.99999,-15.55929],[-70.01,-15.55634],[-70.01017,-15.55635],[-70.01202,-15.55692],[-70.01421,-15.55676],[-70.01101,-15.55255],[-70.00991,-15.55186],[-70.00404,-15.55298],[-69.99888,-15.54878],[-69.99572,-15.54655],[-69.99558,-15.54546],[-69.99559,-15.54228],[-69.99404,-15.54198],[-69.9925,-15.54194],[-69.98987,-15.54232],[-69.98869,-15.54299],[-69.98817,-15.54341],[-69.98763,-15.54513],[-69.98792,-15.54628],[-69.98997,-15.55042],[-69.98809,-15.55371],[-69.98627,-15.55311],[-69.9848,-15.55229],[-69.98334,-15.55071],[-69.9819,-15.54781],[-69.9777,-15.54677],[-69.97571,-15.546],[-69.97419,-15.54543],[-69.97356,-15.54589],[-69.97323,-15.54718],[-69.96624,-15.54869],[-69.96569,-15.5486],[-69.96403,-15.54207],[-69.96685,-15.53806],[-69.95912,-15.5306],[-69.95746,-15.52926],[-69.95275,-15.52416],[-69.9292,-15.50946],[-69.92745,-15.50999],[-69.92274,-15.50739],[-69.92106,-15.50682],[-69.91014,-15.50773],[-69.90512,-15.50678],[-69.89949,-15.49889],[-69.86071,-15.55705],[-69.77069,-15.65839],[-69.75077,-15.72908],[-69.79386,-15.7253],[-69.84552,-15.68501],[-69.84491,-15.64068],[-69.89292,-15.59343],[-69.96347,-15.69975],[-70.01742,-15.69079],[-70.0342,-15.72299],[-70.0241,-15.78688],[-69.96331,-15.85088],[-69.88304,-15.8902],[-69.82212,-15.78545],[-69.76747,-15.8318],[-69.76931,-15.89496],[-69.71386,-15.91683],[-69.67174,-15.9566],[-69.60974,-15.98339]],[[-70.20011,-15.69995],[-70.20617,-15.76579],[-70.14743,-15.75139],[-70.20011,-15.69995]]]}},{"type":"Feature","properties":{"COUNT":1,"FIRST_IDPR":"2504","NOMBPROV":"PURUS","FIRST_NOMB":"UCAYALI","LAST_DCTO":"LEY","LAST_LEY":"9815","FIRST_FECH":"02/07/1943","LAST_FECHA":"02/07/1943","MIN_SHAPE_":1847225.67525,"ha":1847225.68},"geometry":{"type":"Polygon","coordinates":[[[-70.61388,-9.91686],[-70.66763,-9.97245],[-70.67284,-10.03524],[-70.65053,-10.08034],[-70.70785,-10.13561],[-70.70511,-10.15868],[-70.81744,-10.25686],[-70.87919,-10.28425],[-70.92294,-10.32751],[-70.96588,-10.33981],[-70.96722,-10.38134],[-71.02453,-10.4782],[-71.12739,-10.50436],[-71.19621,-10.57986],[-71.22955,-10.68896],[-71.22119,-10.76138],[-71.25733,-10.78449],[-71.27338,-10.84736],[-71.35732,-10.95155],[-71.53161,-10.95223],[-71.59054,-10.97203],[-71.72016,-10.99655],[-71.83567,-11.00047],[-72.01613,-10.98969],[-72.05174,-11.01091],[-72.13029,-10.99033],[-72.18181,-11.00972],[-72.21027,-11.01328],[-72.26213,-10.97168],[-72.3203,-10.98028],[-72.40006,-10.92981],[-72.43721,-10.84259],[-72.48435,-10.79219],[-72.44337,-10.63649],[-72.4061,-10.64946],[-72.3808,-10.53783],[-72.40789,-10.51705],[-72.42245,-10.44647],[-72.4782,-10.36771],[-72.47306,-10.30171],[-72.44472,-10.25504],[-72.38177,-10.2225],[-72.3361,-10.17948],[-72.24255,-10.18881],[-72.21413,-10.15971],[-72.15695,-10.16526],[-72.14657,-10.09846],[-72.18935,-10.02087],[-72.1804,-9.99967],[-71.73577,-9.99975],[-71.37504,-10.00014],[-71.34276,-9.96677],[-71.29744,-9.99218],[-71.19199,-9.94039],[-71.15765,-9.87215],[-71.05096,-9.81584],[-70.99838,-9.81821],[-70.97402,-9.76074],[-70.92451,-9.74164],[-70.86813,-9.66476],[-70.79918,-9.64192],[-70.74976,-9.56929],[-70.65777,-9.51426],[-70.56259,-9.43043],[-70.51372,-9.4928],[-70.53931,-9.53529],[-70.59185,-9.54855],[-70.59824,-9.60729],[-70.55117,-9.66981],[-70.52807,-9.72602],[-70.53663,-9.76584],[-70.61228,-9.8054],[-70.61388,-9.91686]]]}},{"type":"Feature","properties":{"COUNT":12,"FIRST_IDPR":"0812","NOMBPROV":"QUISPICANCHI","FIRST_NOMB":"CUSCO","LAST_DCTO":"LEY","LAST_LEY":"11624","FIRST_FECH":"05/09/1940","LAST_FECHA":"02/10/1951","MIN_SHAPE_":737522.12985,"ha":737522.13},"geometry":{"type":"Polygon","coordinates":[[[-70.8625,-13.80029],[-70.95655,-13.80471],[-70.99164,-13.76134],[-71.08097,-13.7255],[-71.10354,-13.76038],[-71.16377,-13.7432],[-71.1931,-13.79315],[-71.28931,-13.82771],[-71.30782,-13.89001],[-71.37346,-13.92034],[-71.47848,-13.92978],[-71.51688,-13.96722],[-71.56239,-13.93471],[-71.56294,-13.90575],[-71.62018,-13.89727],[-71.64755,-13.82337],[-71.70168,-13.81979],[-71.7033,-13.75952],[-71.78976,-13.69836],[-71.84316,-13.63079],[-71.81982,-13.60776],[-71.8209,-13.52175],[-71.80463,-13.50826],[-71.73767,-13.57012],[-71.71952,-13.55247],[-71.68078,-13.62948],[-71.62264,-13.60428],[-71.62661,-13.56617],[-71.52334,-13.58839],[-71.49889,-13.45801],[-71.46878,-13.49424],[-71.41625,-13.51694],[-71.3728,-13.4462],[-71.29409,-13.4553],[-71.21734,-13.51855],[-71.14328,-13.47654],[-71.16174,-13.4034],[-71.14347,-13.3579],[-71.06418,-13.2567],[-71.01404,-13.26719],[-70.97452,-13.16829],[-70.94219,-13.1565],[-70.92139,-13.11083],[-70.84296,-13.06705],[-70.75841,-13.10804],[-70.71005,-13.10946],[-70.65976,-13.08846],[-70.58754,-13.10313],[-70.54985,-13.15286],[-70.46425,-13.15969],[-70.38847,-13.19239],[-70.42041,-13.25857],[-70.39284,-13.31416],[-70.40007,-13.37174],[-70.44255,-13.39336],[-70.45262,-13.44792],[-70.53403,-13.52527],[-70.54172,-13.57449],[-70.61619,-13.60906],[-70.65391,-13.65594],[-70.71513,-13.66225],[-70.73475,-13.73902],[-70.69886,-13.80317],[-70.72136,-13.82934],[-70.76837,-13.81433],[-70.82655,-13.82724],[-70.8625,-13.80029]]]}},{"type":"Feature","properties":{"COUNT":10,"FIRST_IDPR":"0217","NOMBPROV":"RECUAY","FIRST_NOMB":"ANCASH","LAST_DCTO":"L.R.","LAST_LEY":"561","FIRST_FECH":"08/11/1963","LAST_FECHA":"12/10/1921","MIN_SHAPE_":232861.42135,"ha":232861.42},"geometry":{"type":"Polygon","coordinates":[[[-77.53625,-9.73787],[-77.5031,-9.6627],[-77.42438,-9.67972],[-77.31099,-9.67431],[-77.26971,-9.64874],[-77.22777,-9.71339],[-77.24385,-9.80573],[-77.18713,-9.83621],[-77.17379,-9.91313],[-77.2056,-9.96703],[-77.21412,-10.02373],[-77.2016,-10.09338],[-77.21277,-10.13371],[-77.28367,-10.15421],[-77.32053,-10.12704],[-77.34581,-10.16053],[-77.40065,-10.13215],[-77.45867,-10.15616],[-77.51526,-10.1474],[-77.55465,-10.18846],[-77.57532,-10.24986],[-77.6744,-10.20671],[-77.65626,-10.15198],[-77.69878,-10.14139],[-77.72187,-10.07868],[-77.77528,-10.00419],[-77.63141,-10.02202],[-77.60817,-9.95014],[-77.55249,-9.87218],[-77.4789,-9.87377],[-77.48895,-9.81984],[-77.52145,-9.79227],[-77.53625,-9.73787]]]}},{"type":"Feature","properties":{"COUNT":11,"FIRST_IDPR":"1605","NOMBPROV":"REQUENA","FIRST_NOMB":"LORETO","LAST_DCTO":"LEY","LAST_LEY":"9815","FIRST_FECH":"02/07/1943","LAST_FECHA":"02/07/1943","MIN_SHAPE_":5034385.19278,"ha":5034385.19},"geometry":{"type":"Polygon","coordinates":[[[-73.43522,-4.44636],[-73.3953,-4.47925],[-73.32256,-4.58432],[-73.26966,-4.63884],[-73.1556,-4.70971],[-73.12944,-4.69554],[-73.10215,-4.78977],[-73.23624,-4.97057],[-73.16992,-4.998],[-73.0981,-5.0008],[-73.05387,-5.03725],[-72.97774,-5.06325],[-72.91279,-5.1199],[-72.85497,-5.1387],[-72.88789,-5.16582],[-72.86403,-5.23459],[-72.86719,-5.29006],[-72.89569,-5.32497],[-72.92465,-5.40809],[-72.9579,-5.4644],[-72.94962,-5.54752],[-72.97373,-5.61344],[-72.95898,-5.65636],[-73.05735,-5.79649],[-73.15207,-5.86796],[-73.18546,-5.95008],[-73.18666,-6.00412],[-73.22234,-6.02206],[-73.24994,-6.13308],[-73.1566,-6.3268],[-73.1117,-6.44692],[-73.14886,-6.51376],[-73.19939,-6.56935],[-73.32935,-6.59778],[-73.39202,-6.64161],[-73.52083,-6.6761],[-73.56167,-6.72148],[-73.60329,-6.73198],[-73.71046,-6.84019],[-73.72395,-6.88735],[-73.76131,-6.94012],[-73.76192,-7.06254],[-73.79842,-7.11306],[-73.71662,-7.22756],[-73.69488,-7.29907],[-73.72256,-7.34122],[-73.81866,-7.33822],[-73.86158,-7.38814],[-73.92373,-7.36221],[-73.94083,-7.39395],[-73.91132,-7.47584],[-73.94281,-7.5337],[-73.98303,-7.53436],[-74.0338,-7.48486],[-74.03997,-7.44815],[-74.13839,-7.39635],[-74.18086,-7.35875],[-74.25902,-7.34405],[-74.31623,-7.35127],[-74.46265,-7.29894],[-74.50009,-7.26205],[-74.55038,-7.16611],[-74.64192,-7.18701],[-74.64491,-7.30089],[-74.7199,-7.32177],[-74.83446,-7.29328],[-74.87626,-7.23167],[-74.85236,-7.15814],[-74.87521,-7.12505],[-74.83661,-7.07167],[-74.79923,-6.97683],[-74.85097,-6.91452],[-74.8954,-6.8332],[-74.90141,-6.73271],[-74.95603,-6.68549],[-74.97551,-6.55493],[-74.9712,-6.51643],[-74.90585,-6.42633],[-74.88862,-6.31935],[-74.86506,-6.27286],[-74.86736,-6.2224],[-74.78993,-6.15528],[-74.77571,-6.10514],[-74.72439,-6.07457],[-74.69827,-6.02756],[-74.68901,-5.96045],[-74.76131,-5.92606],[-74.80817,-5.92936],[-74.8867,-5.86603],[-74.96169,-5.90149],[-75.04114,-6.00448],[-75.14693,-6.03927],[-75.18984,-6.07375],[-75.32884,-6.09931],[-75.39673,-6.08225],[-75.52937,-6.12216],[-75.56893,-6.00039],[-75.56701,-5.95837],[-75.53415,-5.90235],[-75.51448,-5.73926],[-75.43713,-5.72542],[-75.38903,-5.69125],[-75.30493,-5.68621],[-75.2081,-5.6171],[-75.18158,-5.62323],[-75.06599,-5.4994],[-75.01947,-5.49693],[-74.9601,-5.51986],[-74.90209,-5.4703],[-74.82899,-5.45371],[-74.63801,-5.35401],[-74.61517,-5.30433],[-74.57292,-5.26432],[-74.41834,-5.20693],[-74.35063,-5.15348],[-74.24551,-5.13619],[-74.17578,-5.0798],[-74.17045,-5.0327],[-74.13117,-5.01503],[-74.08939,-4.96916],[-74.03714,-4.94663],[-73.95442,-4.98116],[-73.93325,-5.01075],[-73.893,-4.95558],[-73.87435,-4.88281],[-73.84384,-4.87141],[-73.71155,-4.73542],[-73.64423,-4.71424],[-73.58198,-4.61868],[-73.52941,-4.5843],[-73.46483,-4.51521],[-73.43522,-4.44636]]]}},{"type":"Feature","properties":{"COUNT":9,"FIRST_IDPR":"2208","NOMBPROV":"RIOJA","FIRST_NOMB":"SAN MARTIN","LAST_DCTO":"LEY","LAST_LEY":"24040","FIRST_FECH":"26/12/1984","LAST_FECHA":"26/12/1984","MIN_SHAPE_":265242.99289,"ha":265242.99},"geometry":{"type":"Polygon","coordinates":[[[-77.19728,-6.23342],[-77.22299,-6.1469],[-77.28153,-6.14172],[-77.34643,-6.11434],[-77.3955,-6.03938],[-77.43446,-6.06041],[-77.47862,-6.00089],[-77.53381,-6.06337],[-77.59346,-6.00935],[-77.67167,-5.9741],[-77.65189,-5.93533],[-77.67788,-5.85965],[-77.76393,-5.81971],[-77.77371,-5.68521],[-77.73689,-5.60514],[-77.76576,-5.53898],[-77.76845,-5.43805],[-77.74483,-5.4069],[-77.74219,-5.42338],[-77.641,-5.5263],[-77.65538,-5.58082],[-77.62719,-5.64363],[-77.57109,-5.70836],[-77.50083,-5.67192],[-77.40346,-5.69967],[-77.29987,-5.76189],[-77.25307,-5.80348],[-77.22984,-5.89878],[-77.19552,-5.93875],[-77.14018,-5.94452],[-77.15384,-6.01696],[-77.14322,-6.10082],[-77.12046,-6.15926],[-77.12454,-6.20336],[-77.19728,-6.23342]]]}},{"type":"Feature","properties":{"COUNT":12,"FIRST_IDPR":"0106","NOMBPROV":"RODRIGUEZ DE MENDOZA","FIRST_NOMB":"AMAZONAS","LAST_DCTO":"LEY","LAST_LEY":"7626","FIRST_FECH":"31/10/1932","LAST_FECHA":"31/10/1932","MIN_SHAPE_":258853.07366,"ha":258853.07},"geometry":{"type":"Polygon","coordinates":[[[-77.53381,-6.06337],[-77.47862,-6.00089],[-77.43446,-6.06041],[-77.3955,-6.03938],[-77.34643,-6.11434],[-77.28153,-6.14172],[-77.22299,-6.1469],[-77.19728,-6.23342],[-77.13273,-6.30242],[-77.14658,-6.35111],[-77.17173,-6.38117],[-77.27551,-6.38473],[-77.32636,-6.46803],[-77.33515,-6.52233],[-77.39387,-6.60269],[-77.43615,-6.60522],[-77.38173,-6.69759],[-77.45466,-6.68169],[-77.54407,-6.677],[-77.5637,-6.64408],[-77.62666,-6.61274],[-77.72618,-6.55206],[-77.7326,-6.45315],[-77.75226,-6.40355],[-77.69903,-6.33559],[-77.6352,-6.31611],[-77.61757,-6.28076],[-77.56788,-6.30946],[-77.52976,-6.24571],[-77.46981,-6.18235],[-77.49977,-6.153],[-77.50992,-6.08649],[-77.53381,-6.06337]]]}},{"type":"Feature","properties":{"COUNT":5,"FIRST_IDPR":"2110","NOMBPROV":"SAN ANTONIO DE PUTINA","FIRST_NOMB":"PUNO","LAST_DCTO":"DEC.","LAST_LEY":"S/N","FIRST_FECH":"17/03/1962","LAST_FECHA":"02/05/1854","MIN_SHAPE_":315771.4097,"ha":315771.41},"geometry":{"type":"Polygon","coordinates":[[[-69.69096,-14.51782],[-69.66109,-14.54184],[-69.65813,-14.60509],[-69.61221,-14.66182],[-69.58176,-14.62722],[-69.46268,-14.58714],[-69.41273,-14.62111],[-69.3248,-14.60142],[-69.3332,-14.57642],[-69.29758,-14.48679],[-69.30313,-14.40156],[-69.24528,-14.31682],[-69.2186,-14.39237],[-69.22049,-14.43927],[-69.1427,-14.45507],[-69.11391,-14.4878],[-69.1406,-14.51343],[-69.15003,-14.58031],[-69.22004,-14.58156],[-69.22967,-14.65669],[-69.25798,-14.68288],[-69.22526,-14.7407],[-69.3012,-14.7653],[-69.3538,-14.80167],[-69.435,-14.83868],[-69.46593,-14.77032],[-69.52966,-14.84296],[-69.51766,-14.87617],[-69.53952,-14.91746],[-69.6138,-14.91396],[-69.6209,-14.94498],[-69.69683,-14.95299],[-69.72937,-14.97592],[-69.78353,-14.95453],[-69.84734,-15.00489],[-69.87661,-15.10876],[-69.8823,-15.10442],[-69.8839,-15.10268],[-69.89826,-15.1108],[-69.90066,-15.10989],[-69.90201,-15.10622],[-69.90569,-15.10287],[-69.90619,-15.10079],[-69.91042,-15.09454],[-69.91111,-15.09508],[-69.91576,-15.09904],[-69.92188,-15.09098],[-69.91604,-15.07953],[-69.9189,-15.07267],[-69.92095,-15.07172],[-69.92229,-15.05915],[-69.9295,-15.05853],[-69.93557,-15.05841],[-69.94331,-15.05698],[-69.95588,-15.04317],[-69.9585,-15.03923],[-69.96431,-14.99518],[-69.96116,-14.98395],[-69.96022,-14.98142],[-69.95979,-14.98064],[-69.96158,-14.97776],[-69.96132,-14.96872],[-69.96043,-14.96767],[-69.95828,-14.96518],[-69.96321,-14.95602],[-69.96421,-14.95484],[-69.96681,-14.95237],[-69.97083,-14.94958],[-69.97516,-14.94617],[-69.96868,-14.927],[-69.96673,-14.92382],[-69.96757,-14.9223],[-69.97691,-14.90537],[-69.97672,-14.90264],[-69.97656,-14.89907],[-69.97981,-14.8821],[-69.98384,-14.87786],[-69.98116,-14.86739],[-69.97722,-14.86679],[-69.97575,-14.86612],[-69.97331,-14.86247],[-69.96994,-14.86026],[-69.96229,-14.85145],[-69.94873,-14.84975],[-69.93155,-14.8501],[-69.9203,-14.86312],[-69.90722,-14.86026],[-69.89761,-14.85157],[-69.90166,-14.84483],[-69.90323,-14.8385],[-69.90437,-14.83275],[-69.85209,-14.79213],[-69.85131,-14.79153],[-69.84995,-14.79047],[-69.84957,-14.79008],[-69.84954,-14.7899],[-69.84957,-14.78969],[-69.85093,-14.7873],[-69.85712,-14.77873],[-69.85785,-14.77686],[-69.853,-14.77101],[-69.85358,-14.76942],[-69.85372,-14.76883],[-69.85348,-14.76746],[-69.85418,-14.76604],[-69.85397,-14.76471],[-69.85321,-14.75927],[-69.85169,-14.75799],[-69.84906,-14.75671],[-69.84106,-14.74826],[-69.8392,-14.74573],[-69.83821,-14.74475],[-69.8369,-14.74266],[-69.83649,-14.74072],[-69.83616,-14.73924],[-69.83831,-14.73324],[-69.83839,-14.73271],[-69.83798,-14.73041],[-69.84124,-14.72267],[-69.84568,-14.72071],[-69.84849,-14.71889],[-69.84804,-14.71488],[-69.84919,-14.71216],[-69.85522,-14.70107],[-69.85575,-14.69065],[-69.85644,-14.68971],[-69.85866,-14.68555],[-69.85772,-14.68398],[-69.85592,-14.68266],[-69.85257,-14.68072],[-69.85067,-14.67755],[-69.8502,-14.67572],[-69.85227,-14.66623],[-69.85145,-14.66438],[-69.84859,-14.6558],[-69.85047,-14.65418],[-69.8518,-14.65394],[-69.85441,-14.65212],[-69.85514,-14.6508],[-69.85643,-14.64532],[-69.85602,-14.64313],[-69.85667,-14.64159],[-69.85667,-14.62915],[-69.85853,-14.62498],[-69.8591,-14.6236],[-69.85955,-14.61917],[-69.85752,-14.6156],[-69.85523,-14.6115],[-69.85647,-14.60807],[-69.85665,-14.60726],[-69.85801,-14.60608],[-69.85879,-14.60493],[-69.85909,-14.60175],[-69.85968,-14.59979],[-69.8602,-14.59826],[-69.85993,-14.59477],[-69.86375,-14.58807],[-69.8643,-14.58712],[-69.86706,-14.58554],[-69.86856,-14.588],[-69.86843,-14.59052],[-69.8694,-14.59343],[-69.87074,-14.59545],[-69.87278,-14.59946],[-69.87403,-14.59974],[-69.87653,-14.60104],[-69.87683,-14.60129],[-69.87882,-14.59898],[-69.88481,-14.59256],[-69.88976,-14.5852],[-69.88974,-14.58448],[-69.88676,-14.57769],[-69.89225,-14.56911],[-69.89938,-14.56623],[-69.90181,-14.56594],[-69.90772,-14.57506],[-69.90971,-14.57711],[-69.91162,-14.57847],[-69.91903,-14.5785],[-69.92046,-14.57716],[-69.92201,-14.57461],[-69.93277,-14.56879],[-69.93797,-14.5696],[-69.94307,-14.57184],[-69.95132,-14.5708],[-69.95676,-14.5718],[-69.96153,-14.57401],[-69.96287,-14.57354],[-69.97078,-14.5753],[-69.97951,-14.5826],[-69.98449,-14.58379],[-69.98582,-14.58379],[-69.98758,-14.58367],[-69.98859,-14.58332],[-69.99106,-14.57966],[-69.99161,-14.57879],[-69.99197,-14.57865],[-69.99858,-14.57471],[-69.99918,-14.57243],[-70.00033,-14.5708],[-70.00193,-14.57009],[-70.00371,-14.56697],[-70.00346,-14.56587],[-70.00901,-14.55999],[-70.01091,-14.55849],[-70.00935,-14.55842],[-70.00306,-14.55178],[-70.00331,-14.55065],[-70.00067,-14.54172],[-69.9961,-14.53733],[-69.9937,-14.53469],[-69.99113,-14.52939],[-69.99007,-14.52829],[-69.98925,-14.5273],[-69.98757,-14.52568],[-69.98637,-14.52401],[-69.98508,-14.52342],[-69.98162,-14.52493],[-69.97909,-14.52447],[-69.97821,-14.52345],[-69.9762,-14.51747],[-69.9745,-14.51493],[-69.97373,-14.51447],[-69.97172,-14.51424],[-69.97052,-14.51448],[-69.9681,-14.51465],[-69.96712,-14.51445],[-69.96616,-14.5133],[-69.9655,-14.51117],[-69.96522,-14.51082],[-69.96202,-14.50744],[-69.96131,-14.50732],[-69.9577,-14.50531],[-69.95692,-14.5057],[-69.95643,-14.50554],[-69.95599,-14.50494],[-69.95404,-14.5039],[-69.95335,-14.50245],[-69.95291,-14.50161],[-69.95287,-14.50126],[-69.95267,-14.50057],[-69.95207,-14.49879],[-69.95178,-14.49838],[-69.95066,-14.49817],[-69.95001,-14.49603],[-69.95004,-14.49464],[-69.95001,-14.49363],[-69.95013,-14.49346],[-69.9503,-14.49288],[-69.95041,-14.49262],[-69.94867,-14.49138],[-69.94488,-14.49171],[-69.94065,-14.49123],[-69.93318,-14.4883],[-69.92048,-14.48389],[-69.91886,-14.48368],[-69.9153,-14.48458],[-69.91051,-14.48371],[-69.90503,-14.48025],[-69.90369,-14.4807],[-69.89973,-14.48049],[-69.89719,-14.47904],[-69.89526,-14.47857],[-69.89303,-14.47599],[-69.89193,-14.47429],[-69.89061,-14.47118],[-69.89012,-14.46697],[-69.89012,-14.46621],[-69.89013,-14.46095],[-69.88982,-14.45895],[-69.89084,-14.45568],[-69.89277,-14.44954],[-69.89291,-14.4483],[-69.89185,-14.44012],[-69.89128,-14.4391],[-69.89087,-14.43672],[-69.89059,-14.43606],[-69.88987,-14.43569],[-69.88988,-14.43427],[-69.8084,-14.45562],[-69.77774,-14.4486],[-69.7274,-14.50873],[-69.69096,-14.51782]]]}},{"type":"Feature","properties":{"COUNT":7,"FIRST_IDPR":"0609","NOMBPROV":"SAN IGNACIO","FIRST_NOMB":"CAJAMARCA","LAST_DCTO":"LEY","LAST_LEY":"15560","FIRST_FECH":"12/05/1965","LAST_FECHA":"12/05/1965","MIN_SHAPE_":492734.92851,"ha":492734.93},"geometry":{"type":"Polygon","coordinates":[[[-78.70596,-4.62387],[-78.63794,-4.65798],[-78.64466,-4.73645],[-78.60065,-4.77339],[-78.64582,-4.96227],[-78.61963,-5.00053],[-78.65771,-5.06742],[-78.70062,-5.10408],[-78.70911,-5.17963],[-78.68424,-5.26749],[-78.58981,-5.32494],[-78.67737,-5.40874],[-78.77793,-5.39146],[-78.78635,-5.42819],[-78.86718,-5.46972],[-78.94879,-5.47648],[-79.05877,-5.44675],[-79.09835,-5.36546],[-79.14889,-5.39801],[-79.14622,-5.45474],[-79.2136,-5.50849],[-79.26896,-5.51329],[-79.2977,-5.45813],[-79.3044,-5.3918],[-79.32807,-5.31591],[-79.35905,-5.28863],[-79.34865,-5.23258],[-79.37841,-5.19052],[-79.34331,-5.16537],[-79.3223,-5.11691],[-79.29436,-5.11048],[-79.24509,-5.00136],[-79.21007,-4.96524],[-79.07354,-4.97105],[-79.01195,-5.01399],[-78.97389,-4.89702],[-78.8951,-4.89144],[-78.90735,-4.86183],[-78.89169,-4.80801],[-78.91273,-4.791],[-78.88275,-4.71406],[-78.83922,-4.65604],[-78.80252,-4.63747],[-78.70596,-4.62387]]]}},{"type":"Feature","properties":{"COUNT":7,"FIRST_IDPR":"0610","NOMBPROV":"SAN MARCOS","FIRST_NOMB":"CAJAMARCA","LAST_DCTO":"LEY","LAST_LEY":"23508","FIRST_FECH":"29/12/1984","LAST_FECHA":"11/12/1982","MIN_SHAPE_":135538.271153,"ha":135538.27},"geometry":{"type":"Polygon","coordinates":[[[-78.27738,-7.37345],[-78.3073,-7.33362],[-78.27175,-7.29361],[-78.21621,-7.29654],[-78.23956,-7.20654],[-78.18369,-7.14915],[-78.05653,-7.13479],[-78.01595,-7.0968],[-77.95115,-7.06461],[-77.92269,-7.15746],[-77.83105,-7.31003],[-77.8296,-7.34764],[-77.8831,-7.36419],[-77.94255,-7.34566],[-77.98263,-7.38746],[-78.01332,-7.46216],[-78.08497,-7.45431],[-78.13175,-7.48031],[-78.17438,-7.45727],[-78.21984,-7.38762],[-78.27738,-7.37345]]]}},{"type":"Feature","properties":{"COUNT":14,"FIRST_IDPR":"2209","NOMBPROV":"SAN MARTIN","FIRST_NOMB":"SAN MARTIN","LAST_DCTO":"LEY","LAST_LEY":"8268","FIRST_FECH":"20/05/1936","LAST_FECHA":"08/05/1936","MIN_SHAPE_":552655.875748,"ha":552655.88},"geometry":{"type":"Polygon","coordinates":[[[-75.91589,-6.14116],[-75.83445,-6.1391],[-75.81483,-6.1009],[-75.71502,-6.13827],[-75.68037,-6.09563],[-75.62896,-6.08212],[-75.61389,-6.02324],[-75.56893,-6.00039],[-75.52937,-6.12216],[-75.52555,-6.16513],[-75.48719,-6.20342],[-75.49031,-6.26704],[-75.55009,-6.34771],[-75.5096,-6.49214],[-75.50023,-6.64032],[-75.50123,-6.76705],[-75.5118,-6.78557],[-75.63344,-6.84306],[-75.6681,-6.82642],[-75.6977,-6.8686],[-75.76843,-6.85382],[-75.84388,-6.79726],[-75.96365,-6.78842],[-76.0509,-6.81086],[-76.06852,-6.80149],[-76.09541,-6.71486],[-76.12677,-6.68799],[-76.18819,-6.71231],[-76.19737,-6.74916],[-76.2619,-6.7691],[-76.27505,-6.69207],[-76.45632,-6.68001],[-76.40793,-6.63565],[-76.41839,-6.56183],[-76.46273,-6.52599],[-76.47826,-6.48393],[-76.42548,-6.3813],[-76.37959,-6.3913],[-76.35599,-6.33936],[-76.31706,-6.36447],[-76.26985,-6.42647],[-76.18241,-6.4303],[-76.18055,-6.50083],[-76.13258,-6.4995],[-76.06902,-6.47274],[-76.00728,-6.49863],[-75.95406,-6.49047],[-75.902,-6.45917],[-75.9292,-6.35684],[-75.97853,-6.29411],[-75.93317,-6.21266],[-75.91589,-6.14116]]]}},{"type":"Feature","properties":{"COUNT":13,"FIRST_IDPR":"0611","NOMBPROV":"SAN MIGUEL","FIRST_NOMB":"CAJAMARCA","LAST_DCTO":"LEY","LAST_LEY":"25042","FIRST_FECH":"02/01/1857","LAST_FECHA":"14/06/1989","MIN_SHAPE_":254550.23539,"ha":254550.24},"geometry":{"type":"Polygon","coordinates":[[[-78.91954,-7.21095],[-78.95837,-7.18773],[-79.01786,-7.17926],[-79.05885,-7.2403],[-79.1244,-7.18058],[-79.2518,-7.19835],[-79.3053,-7.14715],[-79.32259,-7.02568],[-79.29663,-6.99983],[-79.31101,-6.90134],[-79.26274,-6.85916],[-79.22907,-6.86047],[-79.20709,-6.82144],[-79.14634,-6.8656],[-79.08288,-6.87376],[-79.04974,-6.83622],[-78.9829,-6.86238],[-78.93645,-6.83958],[-78.88322,-6.84354],[-78.88694,-6.79718],[-78.82063,-6.69384],[-78.74616,-6.74461],[-78.71841,-6.73967],[-78.63839,-6.77782],[-78.61508,-6.85161],[-78.63468,-6.89088],[-78.68552,-6.91037],[-78.69657,-6.94198],[-78.78645,-7.02368],[-78.86674,-7.04517],[-78.87833,-7.14236],[-78.91954,-7.21095]]]}},{"type":"Feature","properties":{"COUNT":4,"FIRST_IDPR":"0612","NOMBPROV":"SAN PABLO","FIRST_NOMB":"CAJAMARCA","LAST_DCTO":"LEY","LAST_LEY":"23336","FIRST_FECH":"11/12/1981","LAST_FECHA":"11/12/1981","MIN_SHAPE_":66711.1988703,"ha":66711.2},"geometry":{"type":"Polygon","coordinates":[[[-78.74599,-7.21933],[-78.89763,-7.22839],[-78.91954,-7.21095],[-78.87833,-7.14236],[-78.86674,-7.04517],[-78.78645,-7.02368],[-78.69657,-6.94198],[-78.68552,-6.91037],[-78.63468,-6.89088],[-78.61508,-6.85161],[-78.60138,-6.86763],[-78.61351,-6.92073],[-78.60498,-6.99725],[-78.62368,-7.01066],[-78.66171,-7.10299],[-78.72,-7.17082],[-78.74599,-7.21933]]]}},{"type":"Feature","properties":{"COUNT":4,"FIRST_IDPR":"2111","NOMBPROV":"SAN ROMAN","FIRST_NOMB":"PUNO","LAST_DCTO":"-","LAST_LEY":"-","FIRST_FECH":"28/02/1958","LAST_FECHA":"EPOCA INDEP.","MIN_SHAPE_":228458.151909,"ha":228458.15},"geometry":{"type":"Polygon","coordinates":[[[-69.96831,-15.53571],[-69.96685,-15.53806],[-69.96403,-15.54207],[-69.96569,-15.5486],[-69.96624,-15.54869],[-69.97323,-15.54718],[-69.97356,-15.54589],[-69.97419,-15.54543],[-69.97571,-15.546],[-69.9777,-15.54677],[-69.9819,-15.54781],[-69.98334,-15.55071],[-69.9848,-15.55229],[-69.98627,-15.55311],[-69.98809,-15.55371],[-69.98997,-15.55042],[-69.98792,-15.54628],[-69.98763,-15.54513],[-69.98817,-15.54341],[-69.98869,-15.54299],[-69.98987,-15.54232],[-69.9925,-15.54194],[-69.99404,-15.54198],[-69.99559,-15.54228],[-69.99558,-15.54546],[-69.99572,-15.54655],[-69.99888,-15.54878],[-70.00404,-15.55298],[-70.00991,-15.55186],[-70.01101,-15.55255],[-70.01421,-15.55676],[-70.01202,-15.55692],[-70.01017,-15.55635],[-70.01,-15.55634],[-69.99999,-15.55929],[-70.00018,-15.56094],[-70.01862,-15.56434],[-70.02808,-15.56845],[-70.02916,-15.57138],[-70.03139,-15.57493],[-70.06409,-15.61093],[-70.07018,-15.62385],[-70.08588,-15.63619],[-70.08583,-15.63629],[-70.08374,-15.64246],[-70.08942,-15.64145],[-70.12341,-15.63789],[-70.12344,-15.63873],[-70.12377,-15.63949],[-70.12446,-15.63981],[-70.12644,-15.64038],[-70.12665,-15.64046],[-70.12702,-15.64064],[-70.12811,-15.64131],[-70.13166,-15.64834],[-70.13298,-15.65127],[-70.13429,-15.65297],[-70.13503,-15.65386],[-70.13821,-15.65772],[-70.14221,-15.66389],[-70.14313,-15.6652],[-70.145,-15.66827],[-70.14729,-15.66822],[-70.15021,-15.6668],[-70.14972,-15.66673],[-70.14893,-15.66679],[-70.14991,-15.66548],[-70.15024,-15.66391],[-70.15024,-15.65963],[-70.14864,-15.65683],[-70.15148,-15.65696],[-70.15433,-15.6545],[-70.15611,-15.65311],[-70.15607,-15.65155],[-70.15978,-15.65052],[-70.1571,-15.64916],[-70.15705,-15.64785],[-70.1572,-15.64768],[-70.15775,-15.64758],[-70.1589,-15.64899],[-70.15965,-15.64941],[-70.16155,-15.64684],[-70.16343,-15.64674],[-70.16308,-15.6444],[-70.1632,-15.64437],[-70.16547,-15.64132],[-70.16619,-15.6416],[-70.16675,-15.64318],[-70.16789,-15.64219],[-70.16819,-15.64145],[-70.16755,-15.64087],[-70.16929,-15.63739],[-70.16668,-15.63563],[-70.16629,-15.63512],[-70.16638,-15.63457],[-70.16737,-15.63352],[-70.16775,-15.63257],[-70.16928,-15.63271],[-70.16964,-15.63305],[-70.17134,-15.63389],[-70.17038,-15.63243],[-70.17045,-15.63164],[-70.17207,-15.63217],[-70.173,-15.62925],[-70.17339,-15.62761],[-70.17349,-15.62753],[-70.1752,-15.62932],[-70.17549,-15.62935],[-70.17834,-15.62692],[-70.17954,-15.62664],[-70.18045,-15.62752],[-70.1822,-15.62921],[-70.18307,-15.62933],[-70.18418,-15.62903],[-70.18479,-15.62782],[-70.18566,-15.62707],[-70.18726,-15.62531],[-70.1876,-15.62568],[-70.18917,-15.62437],[-70.18903,-15.62416],[-70.19104,-15.62034],[-70.19077,-15.62007],[-70.19056,-15.61912],[-70.19554,-15.61993],[-70.19652,-15.61962],[-70.19689,-15.61747],[-70.19715,-15.61725],[-70.19833,-15.61742],[-70.19869,-15.61781],[-70.20099,-15.62373],[-70.20097,-15.62394],[-70.20234,-15.6267],[-70.20163,-15.62719],[-70.20319,-15.63008],[-70.20379,-15.63117],[-70.20363,-15.63195],[-70.2027,-15.63326],[-70.20379,-15.63686],[-70.20537,-15.63695],[-70.20531,-15.63726],[-70.20485,-15.63877],[-70.20483,-15.63923],[-70.20465,-15.64083],[-70.2078,-15.64307],[-70.20859,-15.64384],[-70.20871,-15.64398],[-70.212,-15.64556],[-70.21322,-15.64638],[-70.21396,-15.64569],[-70.21457,-15.64576],[-70.21499,-15.64589],[-70.21604,-15.64662],[-70.21986,-15.65161],[-70.22048,-15.6506],[-70.22109,-15.65089],[-70.22105,-15.65232],[-70.22127,-15.65309],[-70.22218,-15.65412],[-70.22383,-15.65597],[-70.22557,-15.65505],[-70.22574,-15.65613],[-70.22542,-15.65655],[-70.22504,-15.65729],[-70.22526,-15.65781],[-70.22632,-15.6584],[-70.22877,-15.66034],[-70.23063,-15.66232],[-70.23192,-15.66221],[-70.23333,-15.66589],[-70.234,-15.66558],[-70.23739,-15.66609],[-70.23897,-15.66555],[-70.2405,-15.66608],[-70.2406,-15.66611],[-70.24364,-15.67122],[-70.2437,-15.67161],[-70.24377,-15.67182],[-70.24471,-15.67312],[-70.24587,-15.67467],[-70.24624,-15.67554],[-70.26017,-15.67322],[-70.26526,-15.68099],[-70.26897,-15.69207],[-70.27829,-15.69396],[-70.27889,-15.69417],[-70.27993,-15.69373],[-70.28066,-15.69372],[-70.28112,-15.69435],[-70.28154,-15.69496],[-70.28231,-15.69516],[-70.28374,-15.69545],[-70.28347,-15.69619],[-70.28397,-15.69787],[-70.28498,-15.69977],[-70.286,-15.7007],[-70.28756,-15.70096],[-70.28837,-15.70185],[-70.28855,-15.70196],[-70.28922,-15.70175],[-70.28959,-15.7027],[-70.29136,-15.70657],[-70.29149,-15.70692],[-70.29896,-15.7161],[-70.30294,-15.72252],[-70.30351,-15.72339],[-70.30423,-15.72443],[-70.3044,-15.72498],[-70.30472,-15.72719],[-70.30645,-15.72878],[-70.30679,-15.72969],[-70.30781,-15.73122],[-70.30787,-15.73246],[-70.30961,-15.73332],[-70.31081,-15.73417],[-70.31194,-15.73497],[-70.31276,-15.7359],[-70.31279,-15.7369],[-70.32011,-15.73],[-70.35858,-15.73599],[-70.37426,-15.74104],[-70.37712,-15.74045],[-70.38391,-15.73344],[-70.39337,-15.73015],[-70.39595,-15.72981],[-70.4063,-15.73141],[-70.41575,-15.73661],[-70.42464,-15.74631],[-70.42171,-15.75147],[-70.41987,-15.75502],[-70.42014,-15.75777],[-70.42701,-15.76728],[-70.42867,-15.76825],[-70.43147,-15.80025],[-70.42129,-15.81194],[-70.4212,-15.81247],[-70.42146,-15.82242],[-70.43073,-15.83208],[-70.43145,-15.83355],[-70.42756,-15.84718],[-70.4309,-15.85353],[-70.43299,-15.85805],[-70.44617,-15.89573],[-70.4509,-15.89836],[-70.4563,-15.90159],[-70.46275,-15.9042],[-70.47295,-15.90701],[-70.4774,-15.90922],[-70.47928,-15.9112],[-70.48428,-15.91964],[-70.48445,-15.92163],[-70.48317,-15.92573],[-70.48207,-15.92778],[-70.47989,-15.94243],[-70.48427,-15.94969],[-70.48922,-15.95179],[-70.50129,-15.95742],[-70.51657,-15.97624],[-70.51982,-15.97581],[-70.53934,-15.97657],[-70.54152,-15.97735],[-70.5448,-15.97775],[-70.54776,-15.97805],[-70.55639,-15.9809],[-70.55789,-15.98247],[-70.55975,-15.98273],[-70.56289,-15.9825],[-70.64332,-15.98974],[-70.7054,-16.03176],[-70.76864,-16.0168],[-70.8202,-15.97847],[-70.82087,-15.97791],[-70.82801,-15.97826],[-70.83437,-15.97437],[-70.83723,-15.97469],[-70.84131,-15.97183],[-70.84023,-15.95801],[-70.83934,-15.95687],[-70.83673,-15.9547],[-70.83595,-15.94591],[-70.83669,-15.94096],[-70.83683,-15.94002],[-70.83755,-15.93917],[-70.84111,-15.93023],[-70.84388,-15.92621],[-70.84328,-15.92326],[-70.84534,-15.92193],[-70.89054,-15.85125],[-70.79726,-15.78032],[-70.67563,-15.78927],[-70.63382,-15.74491],[-70.57538,-15.72144],[-70.46537,-15.65416],[-70.43577,-15.67684],[-70.36519,-15.66229],[-70.25733,-15.55155],[-70.34296,-15.41637],[-70.30533,-15.38612],[-70.27426,-15.31428],[-70.17689,-15.38284],[-70.1569,-15.37301],[-70.14479,-15.36855],[-70.1342,-15.37894],[-70.08582,-15.37353],[-70.07297,-15.36056],[-70.03093,-15.39154],[-70.02545,-15.39837],[-70.02252,-15.39903],[-70.02904,-15.45559],[-70.00378,-15.47041],[-69.96831,-15.53571]]]}},{"type":"Feature","properties":{"COUNT":8,"FIRST_IDPR":"1309","NOMBPROV":"SANCHEZ CARRION","FIRST_NOMB":"LA LIBERTAD","LAST_DCTO":"-","LAST_LEY":"-","FIRST_FECH":"03/11/1900","LAST_FECHA":"EPOCA INDEP.","MIN_SHAPE_":250187.37675,"ha":250187.38},"geometry":{"type":"Polygon","coordinates":[[[-77.74598,-7.47916],[-77.70093,-7.59354],[-77.65359,-7.77046],[-77.65648,-7.79789],[-77.62362,-7.87654],[-77.64082,-7.98333],[-77.70368,-7.96075],[-77.80385,-8.00752],[-77.83827,-7.97518],[-77.88549,-7.99805],[-77.95884,-8.00108],[-78.00427,-7.97438],[-78.03269,-7.90692],[-78.07302,-7.94425],[-78.13286,-7.95735],[-78.19297,-7.93711],[-78.20829,-7.90432],[-78.25301,-7.88653],[-78.25232,-7.83718],[-78.27335,-7.78491],[-78.26115,-7.75402],[-78.22465,-7.75933],[-78.11605,-7.65401],[-78.08122,-7.69617],[-77.99864,-7.67907],[-77.91278,-7.6249],[-77.87044,-7.58533],[-77.84417,-7.51438],[-77.74598,-7.47916]]]}},{"type":"Feature","properties":{"COUNT":10,"FIRST_IDPR":"2112","NOMBPROV":"SANDIA","FIRST_NOMB":"PUNO","LAST_DCTO":"LEY","LAST_LEY":"28509","FIRST_FECH":"02/05/1854","LAST_FECHA":"13/05/2005","MIN_SHAPE_":1277741.68708,"ha":1277741.69},"geometry":{"type":"Polygon","coordinates":[[[-69.64986,-13.34172],[-69.3106,-13.19578],[-68.87187,-13.00393],[-68.85439,-13.06074],[-68.87452,-13.11568],[-68.84545,-13.24591],[-68.91725,-13.48653],[-68.99301,-13.64986],[-69.06103,-13.65696],[-69.06612,-13.68831],[-68.97708,-13.75815],[-68.98064,-13.78333],[-68.91774,-13.81366],[-68.95139,-13.87909],[-68.98213,-13.89406],[-68.9781,-13.97804],[-68.9374,-14.02543],[-68.89564,-14.04126],[-68.85618,-14.16267],[-68.8278,-14.21942],[-68.96241,-14.22005],[-69.01524,-14.31471],[-68.98541,-14.37466],[-69.03093,-14.42609],[-69.08395,-14.4518],[-69.11391,-14.4878],[-69.1427,-14.45507],[-69.22049,-14.43927],[-69.2186,-14.39237],[-69.24528,-14.31682],[-69.30313,-14.40156],[-69.29758,-14.48679],[-69.3332,-14.57642],[-69.3248,-14.60142],[-69.41273,-14.62111],[-69.46268,-14.58714],[-69.58176,-14.62722],[-69.61221,-14.66182],[-69.65813,-14.60509],[-69.66109,-14.54184],[-69.69096,-14.51782],[-69.65978,-14.45333],[-69.72407,-14.41808],[-69.72786,-14.34969],[-69.78323,-14.31199],[-69.79937,-14.26833],[-69.85092,-14.26272],[-69.8059,-14.08283],[-69.7632,-14.03059],[-69.72519,-14.01878],[-69.7232,-13.97697],[-69.6635,-13.88464],[-69.73282,-13.83609],[-69.78574,-13.75072],[-69.75372,-13.73789],[-69.74946,-13.66922],[-69.72653,-13.63375],[-69.71314,-13.50558],[-69.68164,-13.49984],[-69.63276,-13.4063],[-69.64986,-13.34172]]]}},{"type":"Feature","properties":{"COUNT":9,"FIRST_IDPR":"0218","NOMBPROV":"SANTA","FIRST_NOMB":"ANCASH","LAST_DCTO":"-","LAST_LEY":"-","FIRST_FECH":"15/04/1955","LAST_FECHA":"EPOCA INDEP.","MIN_SHAPE_":398234.452448,"ha":398234.45},"geometry":{"type":"Polygon","coordinates":[[[-78.03717,-9.24371],[-78.0561,-9.2747],[-78.14389,-9.26719],[-78.21128,-9.20897],[-78.2608,-9.20092],[-78.35965,-9.26302],[-78.40381,-9.34713],[-78.42789,-9.3493],[-78.47506,-9.33154],[-78.50898,-9.27881],[-78.48681,-9.20335],[-78.5083,-9.18038],[-78.57224,-9.17157],[-78.56127,-9.11615],[-78.58265,-9.08441],[-78.62479,-9.07807],[-78.64492,-8.96923],[-78.59166,-8.946],[-78.57648,-8.88905],[-78.58828,-8.85868],[-78.56534,-8.7926],[-78.51814,-8.75298],[-78.44823,-8.73693],[-78.35481,-8.67328],[-78.23558,-8.65292],[-78.18471,-8.69402],[-78.1058,-8.65982],[-78.00884,-8.66698],[-77.97203,-8.692],[-78.01459,-8.76636],[-77.99725,-8.84585],[-77.94031,-8.92611],[-77.94353,-8.9749],[-77.99716,-9.01722],[-78.05933,-9.08613],[-78.06222,-9.12843],[-78.02133,-9.17146],[-78.06681,-9.18597],[-78.03717,-9.24371]]]}},{"type":"Feature","properties":{"COUNT":11,"FIRST_IDPR":"0613","NOMBPROV":"SANTA CRUZ","FIRST_NOMB":"CAJAMARCA","LAST_DCTO":"LEY","LAST_LEY":"9607","FIRST_FECH":"21/04/1950","LAST_FECHA":"18/09/1942","MIN_SHAPE_":138620.15732,"ha":138620.16},"geometry":{"type":"Polygon","coordinates":[[[-79.20709,-6.82144],[-79.12085,-6.77697],[-79.14156,-6.70154],[-79.21379,-6.69563],[-79.22906,-6.67141],[-79.24024,-6.61766],[-79.1184,-6.6285],[-79.05594,-6.51636],[-78.98918,-6.51202],[-78.95234,-6.52724],[-78.82326,-6.52574],[-78.77751,-6.56429],[-78.75802,-6.63212],[-78.76942,-6.65017],[-78.71841,-6.73967],[-78.74616,-6.74461],[-78.82063,-6.69384],[-78.88694,-6.79718],[-78.88322,-6.84354],[-78.93645,-6.83958],[-78.9829,-6.86238],[-79.04974,-6.83622],[-79.08288,-6.87376],[-79.14634,-6.8656],[-79.20709,-6.82144]]]}},{"type":"Feature","properties":{"COUNT":8,"FIRST_IDPR":"1310","NOMBPROV":"SANTIAGO DE CHUCO","FIRST_NOMB":"LA LIBERTAD","LAST_DCTO":"LEY","LAST_LEY":"2338","FIRST_FECH":"EPOCA INDEP.","LAST_FECHA":"13/11/1916","MIN_SHAPE_":267531.56582,"ha":267531.57},"geometry":{"type":"Polygon","coordinates":[[[-78.23558,-8.65292],[-78.28264,-8.57193],[-78.2637,-8.46738],[-78.34763,-8.47446],[-78.37427,-8.45964],[-78.37389,-8.40454],[-78.42985,-8.36024],[-78.41206,-8.30414],[-78.3773,-8.31018],[-78.3007,-8.23634],[-78.30414,-8.16859],[-78.32439,-8.15412],[-78.28868,-8.06224],[-78.31999,-8.05754],[-78.40615,-7.9901],[-78.32047,-7.90595],[-78.25301,-7.88653],[-78.20829,-7.90432],[-78.19297,-7.93711],[-78.13286,-7.95735],[-78.07302,-7.94425],[-78.03269,-7.90692],[-78.00427,-7.97438],[-77.95884,-8.00108],[-77.88549,-7.99805],[-77.83827,-7.97518],[-77.80385,-8.00752],[-77.70368,-7.96075],[-77.64082,-7.98333],[-77.64737,-8.04971],[-77.71943,-8.07345],[-77.81044,-8.06773],[-77.8979,-8.07602],[-77.93321,-8.19701],[-78.01863,-8.22432],[-78.06646,-8.27759],[-78.11595,-8.3101],[-78.1375,-8.36867],[-78.13947,-8.42783],[-78.17366,-8.50354],[-78.21688,-8.55692],[-78.19353,-8.60011],[-78.23558,-8.65292]]]}},{"type":"Feature","properties":{"COUNT":8,"FIRST_IDPR":"1206","NOMBPROV":"SATIPO","FIRST_NOMB":"JUNIN","LAST_DCTO":"LEY","LAST_LEY":"9801","FIRST_FECH":"26/03/1965","LAST_FECHA":"29/01/1943","MIN_SHAPE_":1914201.50745,"ha":1914201.51},"geometry":{"type":"Polygon","coordinates":[[[-74.97294,-11.43818],[-75.0284,-11.35023],[-75.04735,-11.30164],[-74.96824,-11.3003],[-74.89122,-11.27063],[-74.91105,-11.21308],[-74.87694,-11.15567],[-74.74594,-11.06743],[-74.72964,-11.01723],[-74.64742,-11.00905],[-74.62262,-10.97586],[-74.69744,-10.95536],[-74.70017,-10.87789],[-74.6493,-10.86707],[-74.6141,-10.90463],[-74.573,-10.9126],[-74.50838,-10.9503],[-74.50008,-10.996],[-74.44541,-11.00485],[-74.37365,-11.05652],[-74.25644,-11.01822],[-74.20147,-11.01966],[-74.09178,-10.98681],[-74.0055,-10.99319],[-73.97874,-11.07003],[-73.97827,-11.12063],[-73.91649,-11.1431],[-73.8613,-11.14553],[-73.86657,-11.03735],[-73.85411,-10.95491],[-73.82341,-10.92107],[-73.81422,-10.7999],[-73.7572,-10.7359],[-73.69619,-10.77303],[-73.6104,-10.84657],[-73.56026,-10.86061],[-73.57149,-10.95809],[-73.54258,-11.04742],[-73.4826,-11.06524],[-73.4501,-11.22475],[-73.46011,-11.30271],[-73.48409,-11.31934],[-73.41975,-11.38394],[-73.47972,-11.47136],[-73.44973,-11.53194],[-73.55965,-11.59205],[-73.60827,-11.66016],[-73.57448,-11.73415],[-73.57751,-11.83648],[-73.49053,-11.87817],[-73.44113,-11.9442],[-73.43769,-11.98963],[-73.39788,-12.02094],[-73.40769,-12.06599],[-73.36189,-12.13596],[-73.44606,-12.16029],[-73.46965,-12.21997],[-73.57433,-12.27684],[-73.59047,-12.37694],[-73.63715,-12.37837],[-73.70781,-12.26791],[-73.73694,-12.26679],[-73.80189,-12.2203],[-73.84325,-12.23943],[-73.92384,-12.22475],[-73.98045,-12.24259],[-74.09836,-12.28491],[-74.12144,-12.3336],[-74.18762,-12.31438],[-74.27052,-12.23914],[-74.32187,-12.22978],[-74.34595,-12.17374],[-74.35238,-12.14776],[-74.41952,-12.09378],[-74.45554,-12.03358],[-74.48838,-12.0332],[-74.549,-11.99699],[-74.50765,-11.98708],[-74.4867,-11.94221],[-74.53601,-11.87836],[-74.57789,-11.88238],[-74.5967,-11.8185],[-74.64849,-11.73786],[-74.64254,-11.70095],[-74.72101,-11.66466],[-74.72514,-11.614],[-74.82025,-11.58836],[-74.91708,-11.52841],[-74.94148,-11.56487],[-74.97496,-11.55076],[-74.95414,-11.50395],[-74.91598,-11.48822],[-74.97294,-11.43818]]]}},{"type":"Feature","properties":{"COUNT":6,"FIRST_IDPR":"2008","NOMBPROV":"SECHURA","FIRST_NOMB":"PIURA","LAST_DCTO":"LEY","LAST_LEY":"15417","FIRST_FECH":"15/06/1920","LAST_FECHA":"29/01/1965","MIN_SHAPE_":648768.63496,"ha":648768.63},"geometry":{"type":"Polygon","coordinates":[[[-80.70543,-5.42953],[-80.63533,-5.45037],[-80.63671,-5.48608],[-80.55258,-5.49227],[-80.53463,-5.60161],[-80.32297,-5.67933],[-80.2912,-5.67793],[-80.20769,-5.72148],[-80.10908,-5.7878],[-80.05298,-5.81124],[-80.13086,-5.88867],[-80.19891,-5.893],[-80.32741,-5.94744],[-80.37622,-6.00697],[-80.62713,-6.37208],[-80.79792,-6.28898],[-80.91313,-6.19058],[-81.09157,-6.08203],[-81.14926,-5.98124],[-81.14929,-5.88923],[-81.09746,-5.83817],[-81.06845,-5.78575],[-81.0217,-5.83056],[-80.94314,-5.84568],[-80.89149,-5.80982],[-80.86124,-5.74967],[-80.85255,-5.63549],[-80.89758,-5.51145],[-80.93022,-5.45752],[-80.99395,-5.38846],[-80.96149,-5.31105],[-80.70543,-5.42953]]]}},{"type":"Feature","properties":{"COUNT":10,"FIRST_IDPR":"0219","NOMBPROV":"SIHUAS","FIRST_NOMB":"ANCASH","LAST_DCTO":"LEY","LAST_LEY":"14152","FIRST_FECH":"14/03/1964","LAST_FECHA":"22/06/1962","MIN_SHAPE_":145769.400515,"ha":145769.4},"geometry":{"type":"Polygon","coordinates":[[[-77.59274,-8.75767],[-77.61438,-8.75099],[-77.72073,-8.65653],[-77.68866,-8.57636],[-77.70416,-8.50987],[-77.76481,-8.44099],[-77.79886,-8.38119],[-77.74598,-8.36327],[-77.70568,-8.30938],[-77.66629,-8.31203],[-77.63563,-8.26921],[-77.56581,-8.23721],[-77.49137,-8.28255],[-77.4589,-8.33566],[-77.4389,-8.41986],[-77.40546,-8.44148],[-77.40034,-8.48197],[-77.36602,-8.50709],[-77.48992,-8.59067],[-77.50156,-8.61436],[-77.49648,-8.69702],[-77.53868,-8.70175],[-77.59274,-8.75767]]]}},{"type":"Feature","properties":{"COUNT":11,"FIRST_IDPR":"0509","NOMBPROV":"SUCRE","FIRST_NOMB":"AYACUCHO","LAST_DCTO":"LEY","LAST_LEY":"15231","FIRST_FECH":"08/07/1964","LAST_FECHA":"23/11/1964","MIN_SHAPE_":178432.945025,"ha":178432.95},"geometry":{"type":"Polygon","coordinates":[[[-73.74789,-13.76337],[-73.69778,-13.84742],[-73.67915,-13.91632],[-73.65647,-13.92995],[-73.61832,-14.02613],[-73.6111,-14.08872],[-73.51225,-14.26816],[-73.53384,-14.35429],[-73.58175,-14.41613],[-73.69529,-14.32659],[-73.73826,-14.33816],[-73.79883,-14.29394],[-73.89658,-14.26283],[-73.87925,-14.2167],[-73.95003,-14.18573],[-73.96601,-14.13704],[-73.91202,-14.11963],[-73.88539,-13.99644],[-73.86305,-13.93768],[-73.82605,-13.91454],[-73.80452,-13.86448],[-73.80332,-13.79614],[-73.74789,-13.76337]]]}},{"type":"Feature","properties":{"COUNT":8,"FIRST_IDPR":"2006","NOMBPROV":"SULLANA","FIRST_NOMB":"PIURA","LAST_DCTO":"LEY","LAST_LEY":"2603","FIRST_FECH":"10/11/1950","LAST_FECHA":"03/12/1917","MIN_SHAPE_":532185.75359,"ha":532185.75},"geometry":{"type":"Polygon","coordinates":[[[-80.84934,-5.29836],[-80.8596,-5.28136],[-80.84816,-5.09313],[-80.85247,-4.90943],[-80.9243,-4.89339],[-80.95376,-4.86319],[-80.93193,-4.80492],[-80.96826,-4.77179],[-80.84821,-4.74837],[-80.87248,-4.68843],[-80.92944,-4.63287],[-80.89096,-4.59547],[-80.91944,-4.52033],[-80.88042,-4.49153],[-80.85231,-4.38307],[-80.93771,-4.29109],[-80.90893,-4.22452],[-80.93638,-4.17824],[-80.88282,-4.1928],[-80.80331,-4.17597],[-80.70032,-4.1878],[-80.66645,-4.21506],[-80.62322,-4.23178],[-80.56083,-4.1747],[-80.52435,-4.10741],[-80.48733,-4.08313],[-80.44932,-4.12525],[-80.43427,-4.19594],[-80.37129,-4.19755],[-80.32883,-4.22313],[-80.36718,-4.28205],[-80.42672,-4.33658],[-80.45378,-4.38562],[-80.43879,-4.45644],[-80.38954,-4.48611],[-80.28988,-4.43324],[-80.2338,-4.44182],[-80.20148,-4.56699],[-80.22143,-4.59545],[-80.24886,-4.58511],[-80.35667,-4.63684],[-80.37111,-4.67795],[-80.34313,-4.71033],[-80.3615,-4.78376],[-80.41887,-4.82896],[-80.50743,-4.82337],[-80.54005,-4.83979],[-80.60602,-4.92901],[-80.69769,-4.96009],[-80.70032,-5.01762],[-80.74463,-5.13007],[-80.80552,-5.22092],[-80.8277,-5.22501],[-80.84934,-5.29836]]]}},{"type":"Feature","properties":{"COUNT":10,"FIRST_IDPR":"2301","NOMBPROV":"TACNA","FIRST_NOMB":"TACNA","LAST_DCTO":"LEY","LAST_LEY":"13238","FIRST_FECH":"02/02/2001","LAST_FECHA":"08/06/1959","MIN_SHAPE_":824806.295563,"ha":824806.3},"geometry":{"type":"Polygon","coordinates":[[[-69.46838,-17.4648],[-69.46829,-17.50417],[-69.66541,-17.6599],[-69.79599,-17.64624],[-69.8212,-17.68636],[-69.82168,-17.74381],[-69.80005,-17.76233],[-69.79571,-17.86226],[-69.74718,-17.94394],[-69.7515,-17.98559],[-69.81308,-18.11448],[-69.85431,-18.16535],[-69.96055,-18.26288],[-70.05071,-18.2688],[-70.14965,-18.31837],[-70.2868,-18.30811],[-70.35388,-18.32619],[-70.37671,-18.35093],[-70.48129,-18.27341],[-70.67857,-18.16185],[-70.75946,-18.08042],[-70.81316,-18.04049],[-70.87919,-18.01475],[-70.88947,-17.97652],[-70.86334,-17.9668],[-70.83929,-17.91152],[-70.72932,-17.78509],[-70.69741,-17.76778],[-70.68306,-17.71962],[-70.60842,-17.65628],[-70.5089,-17.54534],[-70.44683,-17.51591],[-70.42828,-17.48334],[-70.34579,-17.46074],[-70.3318,-17.50932],[-70.23745,-17.58967],[-70.17143,-17.58745],[-70.14339,-17.63171],[-70.15372,-17.6934],[-70.18958,-17.73727],[-70.1933,-17.77564],[-70.13761,-17.77267],[-70.02031,-17.66158],[-69.98322,-17.59714],[-69.89407,-17.58277],[-69.81955,-17.45465],[-69.72316,-17.46105],[-69.64634,-17.4103],[-69.60321,-17.39666],[-69.5388,-17.40597],[-69.46838,-17.4648]]]}},{"type":"Feature","properties":{"COUNT":3,"FIRST_IDPR":"1703","NOMBPROV":"TAHUAMANU","FIRST_NOMB":"MADRE DE DIOS","LAST_DCTO":"LEY","LAST_LEY":"13656","FIRST_FECH":"26/12/1912","LAST_FECHA":"07/06/1961","MIN_SHAPE_":2003020.80175,"ha":2003020.8},"geometry":{"type":"Polygon","coordinates":[[[-72.17537,-11.04426],[-72.18181,-11.00972],[-72.13029,-10.99033],[-72.05174,-11.01091],[-72.01613,-10.98969],[-71.83567,-11.00047],[-71.72016,-10.99655],[-71.59054,-10.97203],[-71.53161,-10.95223],[-71.35732,-10.95155],[-71.27338,-10.84736],[-71.25733,-10.78449],[-71.22119,-10.76138],[-71.22955,-10.68896],[-71.19621,-10.57986],[-71.12739,-10.50436],[-71.02453,-10.4782],[-70.96722,-10.38134],[-70.96588,-10.33981],[-70.92294,-10.32751],[-70.87919,-10.28425],[-70.81744,-10.25686],[-70.70511,-10.15868],[-70.70785,-10.13561],[-70.65053,-10.08034],[-70.67284,-10.03524],[-70.66763,-9.97245],[-70.61388,-9.91686],[-70.61365,-10.50026],[-70.61375,-11.00017],[-70.52783,-10.93428],[-70.45505,-10.9956],[-70.4243,-11.03835],[-70.30779,-11.0705],[-70.24458,-11.04939],[-70.19905,-11.05401],[-70.14123,-11.03006],[-70.09459,-10.98993],[-70.02802,-10.97763],[-69.95398,-10.92857],[-69.90053,-10.9206],[-69.78823,-10.92965],[-69.7393,-10.96504],[-69.63469,-10.95734],[-69.59686,-10.94174],[-69.56293,-10.96684],[-69.22833,-11.49982],[-69.10345,-11.68135],[-68.97029,-11.91315],[-69.08114,-11.90616],[-69.1301,-11.91831],[-69.19124,-11.90999],[-69.2442,-11.88263],[-69.33526,-11.90652],[-69.42078,-11.86586],[-69.46107,-11.87503],[-69.52304,-11.84123],[-69.58749,-11.77775],[-69.62858,-11.76006],[-69.69392,-11.77164],[-69.76455,-11.80368],[-69.8986,-11.75935],[-69.92749,-11.72587],[-70.11646,-11.66621],[-70.16676,-11.6331],[-70.23927,-11.55908],[-70.27926,-11.47489],[-70.30442,-11.45205],[-70.35477,-11.45418],[-70.41608,-11.42849],[-70.47571,-11.35251],[-70.7662,-11.3842],[-70.77413,-11.36582],[-70.93035,-11.27539],[-71.06303,-11.25016],[-71.10306,-11.22091],[-71.15364,-11.22712],[-71.30698,-11.18534],[-71.40775,-11.14789],[-71.45994,-11.1046],[-71.5481,-11.08194],[-71.5869,-11.0959],[-71.70667,-11.08993],[-71.81156,-11.07055],[-71.85113,-11.04303],[-71.90074,-11.06655],[-71.98665,-11.05403],[-72.13681,-11.08296],[-72.17537,-11.04426]]]}},{"type":"Feature","properties":{"COUNT":6,"FIRST_IDPR":"2007","NOMBPROV":"TALARA","FIRST_NOMB":"PIURA","LAST_DCTO":"LEY","LAST_LEY":"818","FIRST_FECH":"31/10/1932","LAST_FECHA":"14/11/1908","MIN_SHAPE_":295210.92241,"ha":295210.92},"geometry":{"type":"Polygon","coordinates":[[[-80.96826,-4.77179],[-81.21055,-4.8164],[-81.3281,-4.68188],[-81.30965,-4.66182],[-81.28245,-4.52519],[-81.30361,-4.48325],[-81.26714,-4.43407],[-81.24928,-4.35482],[-81.26066,-4.31089],[-81.23705,-4.25068],[-81.16858,-4.21046],[-81.10062,-4.12894],[-81.04142,-4.08755],[-80.97132,-4.12712],[-80.93638,-4.17824],[-80.90893,-4.22452],[-80.93771,-4.29109],[-80.85231,-4.38307],[-80.88042,-4.49153],[-80.91944,-4.52033],[-80.89096,-4.59547],[-80.92944,-4.63287],[-80.87248,-4.68843],[-80.84821,-4.74837],[-80.96826,-4.77179]]]}},{"type":"Feature","properties":{"COUNT":4,"FIRST_IDPR":"1701","NOMBPROV":"TAMBOPATA","FIRST_NOMB":"MADRE DE DIOS","LAST_DCTO":"LEY","LAST_LEY":"1782","FIRST_FECH":"26/12/1912","LAST_FECHA":"26/12/1912","MIN_SHAPE_":3620032.15417,"ha":3620032.15},"geometry":{"type":"Polygon","coordinates":[[[-68.87187,-13.00393],[-69.3106,-13.19578],[-69.64986,-13.34172],[-69.97416,-13.2451],[-70.03255,-13.22375],[-70.40287,-13.11441],[-70.3593,-13.00841],[-70.35382,-12.91449],[-70.33296,-12.87042],[-70.29399,-12.84578],[-70.25251,-12.74961],[-70.19585,-12.72094],[-70.16155,-12.67868],[-70.07502,-12.63935],[-70.06729,-12.57967],[-70.10343,-12.5083],[-70.22959,-12.46686],[-70.25678,-12.42117],[-70.24697,-12.3853],[-70.27558,-12.31312],[-70.3475,-12.20445],[-70.40993,-12.14742],[-70.43582,-12.15442],[-70.49892,-12.1068],[-70.541,-12.11229],[-70.64036,-12.03716],[-70.64437,-12.00575],[-70.74666,-11.99799],[-70.85924,-11.96566],[-70.89056,-11.9242],[-70.98175,-11.9183],[-71.02616,-11.88501],[-71.07643,-11.77962],[-71.12629,-11.75334],[-71.20637,-11.75553],[-71.25143,-11.70817],[-71.32066,-11.67919],[-71.33936,-11.63874],[-71.41573,-11.52885],[-71.49381,-11.48905],[-71.57873,-11.46963],[-71.59114,-11.43113],[-71.6647,-11.41939],[-71.64861,-11.37773],[-71.75021,-11.3299],[-71.82613,-11.3151],[-71.85387,-11.36815],[-71.89356,-11.35287],[-71.94561,-11.38631],[-71.99936,-11.37045],[-72.09687,-11.3776],[-72.11206,-11.33107],[-72.16309,-11.32012],[-72.20462,-11.34743],[-72.21766,-11.30018],[-72.19818,-11.2617],[-72.20024,-11.2053],[-72.12141,-11.10714],[-72.18486,-11.06581],[-72.17537,-11.04426],[-72.13681,-11.08296],[-71.98665,-11.05403],[-71.90074,-11.06655],[-71.85113,-11.04303],[-71.81156,-11.07055],[-71.70667,-11.08993],[-71.5869,-11.0959],[-71.5481,-11.08194],[-71.45994,-11.1046],[-71.40775,-11.14789],[-71.30698,-11.18534],[-71.15364,-11.22712],[-71.10306,-11.22091],[-71.06303,-11.25016],[-70.93035,-11.27539],[-70.77413,-11.36582],[-70.7662,-11.3842],[-70.47571,-11.35251],[-70.41608,-11.42849],[-70.35477,-11.45418],[-70.30442,-11.45205],[-70.27926,-11.47489],[-70.23927,-11.55908],[-70.16676,-11.6331],[-70.11646,-11.66621],[-69.92749,-11.72587],[-69.8986,-11.75935],[-69.76455,-11.80368],[-69.69392,-11.77164],[-69.62858,-11.76006],[-69.58749,-11.77775],[-69.52304,-11.84123],[-69.46107,-11.87503],[-69.42078,-11.86586],[-69.33526,-11.90652],[-69.2442,-11.88263],[-69.19124,-11.90999],[-69.1301,-11.91831],[-69.08114,-11.90616],[-68.97029,-11.91315],[-68.65447,-12.49943],[-68.69221,-12.5836],[-68.73241,-12.61094],[-68.71888,-12.66184],[-68.74172,-12.72494],[-68.78822,-12.75695],[-68.83469,-12.81316],[-68.83578,-12.85904],[-68.87157,-12.88547],[-68.87187,-13.00393]]]}},{"type":"Feature","properties":{"COUNT":8,"FIRST_IDPR":"2304","NOMBPROV":"TARATA","FIRST_NOMB":"TACNA","LAST_DCTO":"LEY","LAST_LEY":"12136","FIRST_FECH":"12/01/1956","LAST_FECHA":"26/10/1954","MIN_SHAPE_":277252.87686,"ha":277252.88},"geometry":{"type":"Polygon","coordinates":[[[-70.34579,-17.46074],[-70.2438,-17.35871],[-70.19438,-17.3243],[-70.12447,-17.31991],[-70.09332,-17.29005],[-70.09531,-17.12289],[-70.07,-17.08118],[-70.07315,-17.03491],[-70.04677,-17.05638],[-70.03972,-17.12797],[-69.8514,-17.24374],[-69.78825,-17.23644],[-69.73167,-17.29497],[-69.6936,-17.27464],[-69.64132,-17.28745],[-69.57522,-17.29259],[-69.46732,-17.37354],[-69.46838,-17.4648],[-69.5388,-17.40597],[-69.60321,-17.39666],[-69.64634,-17.4103],[-69.72316,-17.46105],[-69.81955,-17.45465],[-69.89407,-17.58277],[-69.98322,-17.59714],[-70.02031,-17.66158],[-70.13761,-17.77267],[-70.1933,-17.77564],[-70.18958,-17.73727],[-70.15372,-17.6934],[-70.14339,-17.63171],[-70.17143,-17.58745],[-70.23745,-17.58967],[-70.3318,-17.50932],[-70.34579,-17.46074]]]}},{"type":"Feature","properties":{"COUNT":9,"FIRST_IDPR":"1207","NOMBPROV":"TARMA","FIRST_NOMB":"JUNIN","LAST_DCTO":"LEY","LAST_LEY":"S/N","FIRST_FECH":"14/06/1958","LAST_FECHA":"02/01/1857","MIN_SHAPE_":267058.176136,"ha":267058.18},"geometry":{"type":"Polygon","coordinates":[[[-75.96019,-11.33332],[-75.94758,-11.33473],[-75.94419,-11.33531],[-75.9401,-11.33444],[-75.9347,-11.33201],[-75.92316,-11.32953],[-75.91737,-11.33213],[-75.91653,-11.33207],[-75.91093,-11.33234],[-75.90908,-11.33314],[-75.90844,-11.33357],[-75.90523,-11.33552],[-75.9001,-11.33689],[-75.89015,-11.33316],[-75.89432,-11.32326],[-75.89874,-11.31567],[-75.90315,-11.31235],[-75.90605,-11.31027],[-75.91065,-11.30586],[-75.91383,-11.2987],[-75.92467,-11.28082],[-75.97193,-11.21417],[-75.96049,-11.21739],[-75.96012,-11.21744],[-75.95436,-11.21802],[-75.95205,-11.21827],[-75.95018,-11.21791],[-75.94617,-11.21809],[-75.94007,-11.21735],[-75.93794,-11.21753],[-75.9323,-11.21739],[-75.93082,-11.21787],[-75.9301,-11.21843],[-75.93002,-11.21853],[-75.92144,-11.21936],[-75.91949,-11.2176],[-75.91646,-11.2145],[-75.91503,-11.2119],[-75.9151,-11.21069],[-75.91383,-11.20869],[-75.91337,-11.20773],[-75.91211,-11.20596],[-75.91029,-11.20356],[-75.90979,-11.2032],[-75.90655,-11.20148],[-75.90516,-11.20145],[-75.90032,-11.19509],[-75.90459,-11.17697],[-75.90464,-11.17601],[-75.90343,-11.1749],[-75.89703,-11.17262],[-75.89695,-11.16603],[-75.89575,-11.16522],[-75.8879,-11.15307],[-75.88667,-11.14773],[-75.88269,-11.14228],[-75.88109,-11.14145],[-75.87766,-11.14033],[-75.8754,-11.14043],[-75.87363,-11.14088],[-75.87282,-11.14108],[-75.86156,-11.14485],[-75.86118,-11.14477],[-75.85715,-11.14007],[-75.85531,-11.13507],[-75.85506,-11.13256],[-75.85302,-11.12928],[-75.8519,-11.12425],[-75.85204,-11.12302],[-75.85166,-11.11973],[-75.84764,-11.12018],[-75.84644,-11.12023],[-75.84388,-11.1203],[-75.84073,-11.11983],[-75.84055,-11.11989],[-75.83894,-11.11941],[-75.83796,-11.11728],[-75.83696,-11.10989],[-75.83692,-11.1054],[-75.83736,-11.10406],[-75.83734,-11.10388],[-75.83422,-11.09855],[-75.83321,-11.09651],[-75.83282,-11.0957],[-75.83246,-11.09462],[-75.83829,-11.08553],[-75.8386,-11.08329],[-75.83846,-11.08172],[-75.83774,-11.08092],[-75.83702,-11.07882],[-75.83763,-11.07484],[-75.83785,-11.0741],[-75.83826,-11.07106],[-75.83834,-11.0704],[-75.8381,-11.06966],[-75.83692,-11.06909],[-75.83651,-11.06856],[-75.83618,-11.06702],[-75.83534,-11.06465],[-75.8318,-11.05093],[-75.82566,-11.05039],[-75.82158,-11.04986],[-75.81955,-11.05121],[-75.81801,-11.05146],[-75.81305,-11.04884],[-75.81285,-11.04473],[-75.81279,-11.04397],[-75.81274,-11.04345],[-75.81329,-11.0414],[-75.81421,-11.04021],[-75.81573,-11.03732],[-75.81728,-11.03484],[-75.81695,-11.03426],[-75.81577,-11.03368],[-75.81143,-11.0312],[-75.80828,-11.02871],[-75.80738,-11.02784],[-75.80573,-11.02518],[-75.80492,-11.02356],[-75.80333,-11.02081],[-75.80264,-11.01553],[-75.80231,-11.01443],[-75.80182,-11.01358],[-75.80056,-11.01243],[-75.79947,-11.01184],[-75.79754,-11.01117],[-75.79685,-11.01054],[-75.79513,-11.00858],[-75.79396,-11.00808],[-75.79267,-11.00754],[-75.79165,-11.00699],[-75.79091,-11.00648],[-75.78943,-11.00608],[-75.78876,-11.00596],[-75.78728,-11.00545],[-75.78645,-11.00488],[-75.78448,-11.00014],[-75.78431,-10.99774],[-75.78406,-10.99749],[-75.77944,-10.9975],[-75.77639,-10.99854],[-75.77464,-10.99926],[-75.77403,-10.99975],[-75.77136,-11.00179],[-75.76808,-11.00483],[-75.76674,-11.00566],[-75.76673,-11.00566],[-75.75969,-11.01024],[-75.7583,-11.0105],[-75.75548,-11.00974],[-75.75489,-11.00872],[-75.75081,-11.00563],[-75.75013,-11.00526],[-75.73963,-11.00074],[-75.73953,-11.00093],[-75.7361,-11.0013],[-75.73423,-11.00163],[-75.73342,-11.00162],[-75.73289,-11.00162],[-75.73222,-11.00149],[-75.72908,-11.0],[-75.72827,-10.99967],[-75.72729,-10.99873],[-75.72712,-10.99815],[-75.72642,-10.99527],[-75.72544,-10.99396],[-75.72526,-10.9935],[-75.72531,-10.99239],[-75.72584,-10.99113],[-75.72568,-10.99085],[-75.72445,-10.99002],[-75.7235,-10.99004],[-75.72192,-10.99021],[-75.72144,-10.99007],[-75.72097,-10.9897],[-75.72066,-10.98929],[-75.71922,-10.9866],[-75.71867,-10.9853],[-75.71838,-10.98498],[-75.71786,-10.98452],[-75.71594,-10.98361],[-75.7157,-10.98333],[-75.71494,-10.98178],[-75.7144,-10.98129],[-75.71205,-10.98102],[-75.71161,-10.98095],[-75.7091,-10.98053],[-75.7085,-10.98031],[-75.70561,-10.97907],[-75.70455,-10.97706],[-75.70185,-10.97433],[-75.70156,-10.97387],[-75.69736,-10.96878],[-75.69348,-10.96838],[-75.69192,-10.96717],[-75.69048,-10.96656],[-75.68683,-10.96642],[-75.68661,-10.96628],[-75.68596,-10.96461],[-75.6854,-10.96394],[-75.68503,-10.96389],[-75.68239,-10.9648],[-75.68148,-10.96391],[-75.68138,-10.9629],[-75.68112,-10.96229],[-75.67834,-10.95952],[-75.67767,-10.95874],[-75.6776,-10.95848],[-75.67762,-10.95695],[-75.67746,-10.95392],[-75.67619,-10.95335],[-75.67548,-10.95287],[-75.67507,-10.95192],[-75.67464,-10.95082],[-75.67443,-10.95067],[-75.67346,-10.95066],[-75.67283,-10.95099],[-75.67111,-10.95122],[-75.67055,-10.9512],[-75.66772,-10.94925],[-75.66622,-10.94942],[-75.66393,-10.9503],[-75.66144,-10.95142],[-75.66074,-10.95195],[-75.65915,-10.9523],[-75.65763,-10.95296],[-75.65492,-10.95491],[-75.65353,-10.95626],[-75.65313,-10.95682],[-75.65299,-10.95709],[-75.65227,-10.95814],[-75.65087,-10.95879],[-75.64702,-10.95963],[-75.6452,-10.95929],[-75.645,-10.95917],[-75.64457,-10.9584],[-75.64356,-10.95714],[-75.64199,-10.95665],[-75.64088,-10.95713],[-75.63945,-10.95795],[-75.63805,-10.95888],[-75.63717,-10.95901],[-75.63598,-10.95927],[-75.63424,-10.95923],[-75.63235,-10.95936],[-75.63093,-10.95928],[-75.627,-10.95928],[-75.62437,-10.95893],[-75.62109,-10.9595],[-75.61881,-10.96088],[-75.61652,-10.96084],[-75.61343,-10.96039],[-75.61074,-10.95889],[-75.60896,-10.95804],[-75.60773,-10.95822],[-75.60338,-10.95626],[-75.6031,-10.95602],[-75.60182,-10.95473],[-75.60158,-10.95463],[-75.60024,-10.95449],[-75.59994,-10.95442],[-75.59921,-10.9544],[-75.59855,-10.95457],[-75.59723,-10.95498],[-75.59289,-10.95672],[-75.59182,-10.95644],[-75.587,-10.95511],[-75.58541,-10.95423],[-75.58423,-10.95347],[-75.58117,-10.95336],[-75.57816,-10.95388],[-75.57575,-10.95392],[-75.57443,-10.95443],[-75.57302,-10.95444],[-75.57023,-10.95441],[-75.56788,-10.95391],[-75.56561,-10.95469],[-75.56512,-10.95548],[-75.56486,-10.95612],[-75.56284,-10.95679],[-75.56087,-10.9573],[-75.56015,-10.95747],[-75.55833,-10.95733],[-75.55511,-10.95641],[-75.55239,-10.95492],[-75.55229,-10.95388],[-75.55218,-10.95249],[-75.55187,-10.95093],[-75.55089,-10.95047],[-75.54815,-10.94955],[-75.54771,-10.94951],[-75.54708,-10.94964],[-75.54619,-10.95013],[-75.54023,-10.95078],[-75.53941,-10.95047],[-75.53747,-10.94869],[-75.53701,-10.94835],[-75.53623,-10.94841],[-75.53541,-10.94887],[-75.53496,-10.94903],[-75.53372,-10.94979],[-75.53224,-10.95095],[-75.52992,-10.95054],[-75.52873,-10.95026],[-75.52774,-10.95014],[-75.52569,-10.95022],[-75.52357,-10.94997],[-75.52252,-10.95006],[-75.52007,-10.95209],[-75.51829,-10.95334],[-75.5178,-10.95317],[-75.51656,-10.95303],[-75.51571,-10.95325],[-75.51537,-10.95343],[-75.51417,-10.95465],[-75.51215,-10.95751],[-75.51083,-10.95855],[-75.51052,-10.95908],[-75.50551,-10.96204],[-75.50337,-10.96204],[-75.50061,-10.95906],[-75.49859,-10.95569],[-75.49642,-10.95176],[-75.49603,-10.94853],[-75.49628,-10.94644],[-75.49484,-10.94171],[-75.49595,-10.93624],[-75.4946,-10.92304],[-75.48648,-10.91818],[-75.48303,-10.9178],[-75.48029,-10.91761],[-75.47553,-10.91564],[-75.47396,-10.91464],[-75.46792,-10.91046],[-75.46532,-10.9088],[-75.46591,-10.9057],[-75.46522,-10.90113],[-75.45335,-10.9003],[-75.4235,-10.93689],[-75.46412,-11.02421],[-75.52777,-11.05006],[-75.5844,-11.0514],[-75.66739,-11.09827],[-75.63768,-11.1642],[-75.58837,-11.17713],[-75.57931,-11.22873],[-75.50673,-11.22408],[-75.43479,-11.25821],[-75.43096,-11.33231],[-75.40967,-11.38777],[-75.46082,-11.4283],[-75.45747,-11.45343],[-75.51254,-11.51189],[-75.62503,-11.5891],[-75.71842,-11.5443],[-75.80176,-11.54477],[-75.87439,-11.49093],[-75.91638,-11.41583],[-75.88532,-11.40408],[-75.93945,-11.34713],[-75.95706,-11.33407],[-75.96019,-11.33332]]]}},{"type":"Feature","properties":{"COUNT":16,"FIRST_IDPR":"0907","NOMBPROV":"TAYACAJA","FIRST_NOMB":"HUANCAVELICA","LAST_DCTO":"LEY","LAST_LEY":"11585","FIRST_FECH":"08/01/1912","LAST_FECHA":"31/01/1951","MIN_SHAPE_":336926.00538,"ha":336926.01},"geometry":{"type":"Polygon","coordinates":[[[-74.549,-11.99699],[-74.48838,-12.0332],[-74.45554,-12.03358],[-74.41952,-12.09378],[-74.35238,-12.14776],[-74.34595,-12.17374],[-74.38886,-12.19267],[-74.38481,-12.26863],[-74.41629,-12.30477],[-74.44397,-12.27197],[-74.55212,-12.28734],[-74.58118,-12.33267],[-74.57599,-12.37317],[-74.59729,-12.41002],[-74.59733,-12.46609],[-74.69205,-12.52186],[-74.72193,-12.48748],[-74.77969,-12.46385],[-74.86297,-12.52279],[-74.94385,-12.53305],[-75.00706,-12.49323],[-75.02427,-12.43471],[-75.0667,-12.39396],[-75.13101,-12.3785],[-75.14023,-12.3421],[-75.07163,-12.2352],[-75.04833,-12.17033],[-75.07461,-12.06015],[-75.04705,-12.01156],[-74.93037,-12.02286],[-74.87077,-12.06599],[-74.83737,-12.07082],[-74.74861,-12.04142],[-74.7169,-12.05942],[-74.65911,-11.99578],[-74.549,-11.99699]]]}},{"type":"Feature","properties":{"COUNT":5,"FIRST_IDPR":"2210","NOMBPROV":"TOCACHE","FIRST_NOMB":"SAN MARTIN","LAST_DCTO":"LEY","LAST_LEY":"24016","FIRST_FECH":"06/12/1984","LAST_FECHA":"06/12/1984","MIN_SHAPE_":602785.59055,"ha":602785.59},"geometry":{"type":"Polygon","coordinates":[[[-76.59772,-7.68929],[-76.63024,-7.75348],[-76.63166,-7.84261],[-76.60573,-7.88143],[-76.62452,-7.9068],[-76.61433,-7.98571],[-76.56328,-7.99212],[-76.52005,-8.03136],[-76.45692,-8.05482],[-76.39274,-8.12022],[-76.33081,-8.153],[-76.33321,-8.20369],[-76.29965,-8.21746],[-76.23673,-8.21131],[-76.1971,-8.29444],[-76.16583,-8.31123],[-76.14578,-8.36755],[-76.10917,-8.37961],[-76.13044,-8.46721],[-76.11593,-8.65757],[-76.13126,-8.65679],[-76.16644,-8.75641],[-76.22356,-8.79143],[-76.22868,-8.74808],[-76.26668,-8.65505],[-76.27846,-8.57746],[-76.32419,-8.52413],[-76.33347,-8.42947],[-76.37579,-8.42258],[-76.4168,-8.44344],[-76.44395,-8.48879],[-76.46617,-8.56974],[-76.54269,-8.50971],[-76.62432,-8.51195],[-76.69727,-8.53241],[-76.83158,-8.51666],[-76.84727,-8.54648],[-76.9163,-8.57016],[-77.0498,-8.55372],[-77.09165,-8.51698],[-77.08888,-8.48282],[-77.14257,-8.47583],[-77.13384,-8.44002],[-77.08548,-8.40622],[-76.97648,-8.39594],[-76.91375,-8.32609],[-76.90124,-8.28347],[-76.9256,-8.2185],[-76.907,-8.17074],[-76.98672,-8.11123],[-77.01956,-8.05269],[-77.0687,-8.03951],[-77.07436,-7.9923],[-77.10252,-7.95267],[-77.07697,-7.84862],[-77.02084,-7.80587],[-76.92953,-7.84174],[-76.87324,-7.8988],[-76.8003,-7.92058],[-76.7193,-7.86453],[-76.76343,-7.79346],[-76.77305,-7.74571],[-76.65779,-7.72642],[-76.63418,-7.68684],[-76.59772,-7.68929]]]}},{"type":"Feature","properties":{"COUNT":11,"FIRST_IDPR":"1301","NOMBPROV":"TRUJILLO","FIRST_NOMB":"LA LIBERTAD","LAST_DCTO":"-","LAST_LEY":"-","FIRST_FECH":"04/01/1879","LAST_FECHA":"EPOCA INDEP.","MIN_SHAPE_":178395.630474,"ha":178395.63},"geometry":{"type":"Polygon","coordinates":[[[-78.68237,-8.09722],[-78.63909,-8.143],[-78.76387,-8.17383],[-78.7798,-8.20162],[-78.83814,-8.19824],[-78.8025,-8.25755],[-78.81676,-8.30999],[-78.88137,-8.34266],[-78.90053,-8.37145],[-78.95755,-8.29352],[-78.98609,-8.21236],[-79.11557,-8.09666],[-79.13008,-8.05985],[-79.2105,-7.99903],[-79.14951,-7.94366],[-79.10589,-7.98198],[-79.04001,-7.98832],[-78.99057,-7.90033],[-78.90337,-7.88738],[-78.88475,-7.84198],[-78.81626,-7.79687],[-78.77571,-7.80068],[-78.78022,-7.88362],[-78.6889,-7.94741],[-78.68363,-7.99719],[-78.71151,-8.01623],[-78.72133,-8.09172],[-78.68237,-8.09722]]]}},{"type":"Feature","properties":{"COUNT":6,"FIRST_IDPR":"2401","NOMBPROV":"TUMBES","FIRST_NOMB":"TUMBES","LAST_DCTO":"-","LAST_LEY":"-","FIRST_FECH":"18/06/1962","LAST_FECHA":"EPOCA INDEP.","MIN_SHAPE_":178553.10246,"ha":178553.1},"geometry":{"type":"Polygon","coordinates":[[[-80.18074,-3.92583],[-80.24021,-3.95623],[-80.26182,-3.99889],[-80.29808,-4.01726],[-80.36263,-3.98316],[-80.43024,-3.9895],[-80.48733,-4.08313],[-80.52435,-4.10741],[-80.56083,-4.1747],[-80.62322,-4.23178],[-80.66645,-4.21506],[-80.58348,-4.13891],[-80.55866,-4.05662],[-80.523,-4.00703],[-80.55057,-3.88262],[-80.54498,-3.83591],[-80.58808,-3.83481],[-80.55398,-3.73355],[-80.60384,-3.67058],[-80.60473,-3.6372],[-80.54485,-3.58973],[-80.50487,-3.50895],[-80.43356,-3.48985],[-80.37883,-3.49461],[-80.33779,-3.63147],[-80.29583,-3.67384],[-80.305,-3.77257],[-80.25581,-3.83277],[-80.24359,-3.89754],[-80.18074,-3.92583]]]}},{"type":"Feature","properties":{"COUNT":6,"FIRST_IDPR":"1606","NOMBPROV":"UCAYALI","FIRST_NOMB":"LORETO","LAST_DCTO":"LEY","LAST_LEY":"S/N","FIRST_FECH":"02/07/1943","LAST_FECHA":"02/01/1857","MIN_SHAPE_":2970684.42579,"ha":2970684.43},"geometry":{"type":"Polygon","coordinates":[[[-74.50009,-7.26205],[-74.53573,-7.29443],[-74.57952,-7.40993],[-74.61607,-7.43504],[-74.6429,-7.50009],[-74.64314,-7.56229],[-74.57082,-7.66849],[-74.58403,-7.69849],[-74.55789,-7.74848],[-74.51572,-7.77717],[-74.56975,-7.81598],[-74.62798,-7.93983],[-74.72794,-7.98101],[-74.77126,-8.03606],[-74.89644,-8.08127],[-74.98226,-7.96899],[-75.03335,-7.95005],[-75.14249,-7.97864],[-75.18434,-8.0166],[-75.21457,-8.12714],[-75.24388,-8.15552],[-75.2878,-8.12551],[-75.37615,-8.13878],[-75.4301,-8.1666],[-75.45304,-8.21045],[-75.50288,-8.28941],[-75.50406,-8.34884],[-75.43532,-8.39311],[-75.44079,-8.43683],[-75.54662,-8.4665],[-75.59906,-8.41198],[-75.64813,-8.40975],[-75.70701,-8.43932],[-75.71647,-8.48733],[-75.77868,-8.49385],[-75.77964,-8.54742],[-75.83339,-8.65229],[-75.89185,-8.66157],[-75.94575,-8.71614],[-75.97976,-8.636],[-75.96631,-8.59203],[-75.96491,-8.45174],[-75.94598,-8.40087],[-75.98496,-8.32215],[-75.93489,-8.31155],[-75.91336,-8.25439],[-75.94116,-8.18618],[-75.94959,-8.09923],[-75.91701,-8.07178],[-75.84493,-8.05964],[-75.82949,-7.9735],[-75.85939,-7.92117],[-75.96698,-7.96036],[-76.0438,-7.79234],[-76.08488,-7.76181],[-76.10159,-7.72266],[-76.09768,-7.64224],[-76.07989,-7.59116],[-76.09137,-7.56036],[-76.16615,-7.49431],[-76.21455,-7.40452],[-76.19604,-7.33353],[-76.21311,-7.31014],[-76.16666,-7.2676],[-76.14353,-7.20396],[-76.05994,-7.1613],[-76.01072,-7.07838],[-76.01079,-6.99654],[-76.05146,-6.9443],[-76.01053,-6.89361],[-76.0509,-6.81086],[-75.96365,-6.78842],[-75.84388,-6.79726],[-75.76843,-6.85382],[-75.6977,-6.8686],[-75.6681,-6.82642],[-75.63344,-6.84306],[-75.5118,-6.78557],[-75.50123,-6.76705],[-75.50023,-6.64032],[-75.5096,-6.49214],[-75.55009,-6.34771],[-75.49031,-6.26704],[-75.48719,-6.20342],[-75.52555,-6.16513],[-75.52937,-6.12216],[-75.39673,-6.08225],[-75.32884,-6.09931],[-75.18984,-6.07375],[-75.14693,-6.03927],[-75.04114,-6.00448],[-74.96169,-5.90149],[-74.8867,-5.86603],[-74.80817,-5.92936],[-74.76131,-5.92606],[-74.68901,-5.96045],[-74.69827,-6.02756],[-74.72439,-6.07457],[-74.77571,-6.10514],[-74.78993,-6.15528],[-74.86736,-6.2224],[-74.86506,-6.27286],[-74.88862,-6.31935],[-74.90585,-6.42633],[-74.9712,-6.51643],[-74.97551,-6.55493],[-74.95603,-6.68549],[-74.90141,-6.73271],[-74.8954,-6.8332],[-74.85097,-6.91452],[-74.79923,-6.97683],[-74.83661,-7.07167],[-74.87521,-7.12505],[-74.85236,-7.15814],[-74.87626,-7.23167],[-74.83446,-7.29328],[-74.7199,-7.32177],[-74.64491,-7.30089],[-74.64192,-7.18701],[-74.55038,-7.16611],[-74.50009,-7.26205]]]}},{"type":"Feature","properties":{"COUNT":7,"FIRST_IDPR":"0813","NOMBPROV":"URUBAMBA","FIRST_NOMB":"CUSCO","LAST_DCTO":"LEY","LAST_LEY":"9396","FIRST_FECH":"09/09/1905","LAST_FECHA":"01/10/1941","MIN_SHAPE_":144731.63075,"ha":144731.63},"geometry":{"type":"Polygon","coordinates":[[[-71.98022,-13.4295],[-72.0006,-13.44404],[-72.05065,-13.45367],[-72.0987,-13.43103],[-72.11555,-13.39821],[-72.20996,-13.36678],[-72.21952,-13.32628],[-72.26712,-13.33024],[-72.3858,-13.30449],[-72.36914,-13.35881],[-72.44368,-13.34468],[-72.53335,-13.3729],[-72.54668,-13.33261],[-72.55442,-13.23008],[-72.59977,-13.10724],[-72.54206,-13.08235],[-72.49029,-13.09973],[-72.43639,-13.15162],[-72.38955,-13.17413],[-72.32798,-13.16433],[-72.2813,-13.1077],[-72.23167,-13.12629],[-72.19063,-13.09615],[-72.15242,-13.1386],[-72.1488,-13.17708],[-72.05768,-13.21945],[-72.04413,-13.29057],[-71.96868,-13.3986],[-71.98022,-13.4295]]]}},{"type":"Feature","properties":{"COUNT":7,"FIRST_IDPR":"0107","NOMBPROV":"UTCUBAMBA","FIRST_NOMB":"AMAZONAS","LAST_DCTO":"LEY","LAST_LEY":"23843","FIRST_FECH":"14/11/1944","LAST_FECHA":"30/05/1984","MIN_SHAPE_":399323.007084,"ha":399323.01},"geometry":{"type":"Polygon","coordinates":[[[-78.1308,-5.90256],[-78.17241,-5.99415],[-78.22372,-6.06155],[-78.2914,-6.06515],[-78.36812,-6.10862],[-78.37306,-6.16978],[-78.41973,-6.18842],[-78.50906,-6.08531],[-78.58944,-6.07654],[-78.61227,-6.01818],[-78.66032,-5.95556],[-78.71202,-5.83044],[-78.70057,-5.78522],[-78.6838,-5.70705],[-78.60482,-5.60721],[-78.58074,-5.54848],[-78.55475,-5.53807],[-78.56536,-5.58788],[-78.50331,-5.69156],[-78.45946,-5.71584],[-78.40557,-5.69026],[-78.36813,-5.62679],[-78.31651,-5.61763],[-78.32613,-5.56619],[-78.31183,-5.48599],[-78.23887,-5.47039],[-78.19222,-5.41721],[-78.14628,-5.33988],[-78.10615,-5.342],[-78.07319,-5.40919],[-78.02179,-5.36581],[-77.95552,-5.39972],[-77.93136,-5.46081],[-77.94142,-5.48939],[-77.99127,-5.51408],[-77.98808,-5.56772],[-78.10397,-5.75504],[-78.07636,-5.76943],[-78.1308,-5.90256]]]}},{"type":"Feature","properties":{"COUNT":1,"FIRST_IDPR":"0510","NOMBPROV":"VICTOR FAFARDO","FIRST_NOMB":"AYACUCHO","LAST_DCTO":"LEY","LAST_LEY":"S/N","FIRST_FECH":"02/01/1857","LAST_FECHA":"02/01/1857","MIN_SHAPE_":26507.7681717,"ha":26507.77},"geometry":{"type":"Polygon","coordinates":[[[-73.89041,-13.89769],[-73.86305,-13.93768],[-73.88539,-13.99644],[-74.00984,-14.03061],[-74.04978,-13.98265],[-74.07037,-14.02667],[-74.11604,-14.02887],[-74.10098,-13.95254],[-74.11026,-13.90817],[-74.06968,-13.88719],[-74.03714,-13.93669],[-73.89041,-13.89769]]]}},{"type":"Feature","properties":{"COUNT":11,"FIRST_IDPR":"0510","NOMBPROV":"VICTOR FAJARDO","FIRST_NOMB":"AYACUCHO","LAST_DCTO":"LEY","LAST_LEY":"1306","FIRST_FECH":"23/12/1986","LAST_FECHA":"14/11/1910","MIN_SHAPE_":199897.767151,"ha":199897.77},"geometry":{"type":"MultiPolygon","coordinates":[[[[-73.88539,-13.99644],[-73.91202,-14.11963],[-73.96601,-14.13704],[-73.95003,-14.18573],[-73.99916,-14.15919],[-74.03917,-14.0985],[-74.08546,-14.08881],[-74.07037,-14.02667],[-74.04978,-13.98265],[-74.00984,-14.03061],[-73.88539,-13.99644]]],[[[-74.05007,-13.68265],[-74.00397,-13.69783],[-73.95824,-13.78836],[-73.91182,-13.82846],[-73.89041,-13.89769],[-74.03714,-13.93669],[-74.06968,-13.88719],[-74.11026,-13.90817],[-74.15836,-13.86798],[-74.15976,-13.84137],[-74.24091,-13.78345],[-74.25406,-13.75899],[-74.31389,-13.74034],[-74.42587,-13.79756],[-74.51986,-13.73638],[-74.52608,-13.71534],[-74.61666,-13.70776],[-74.64129,-13.74227],[-74.70728,-13.74526],[-74.76653,-13.77223],[-74.78242,-13.57851],[-74.70949,-13.58516],[-74.62717,-13.55675],[-74.59927,-13.5779],[-74.51654,-13.6023],[-74.44375,-13.58553],[-74.36839,-13.6028],[-74.30133,-13.63272],[-74.13948,-13.63294],[-74.05007,-13.68265]]]]}},{"type":"Feature","properties":{"COUNT":8,"FIRST_IDPR":"0511","NOMBPROV":"VILCAS HUAMAN","FIRST_NOMB":"AYACUCHO","LAST_DCTO":"-","LAST_LEY":"-","FIRST_FECH":"12/03/1986","LAST_FECHA":"EPOCA INDEP.","MIN_SHAPE_":120829.28893,"ha":120829.29},"geometry":{"type":"Polygon","coordinates":[[[-73.74789,-13.76337],[-73.80332,-13.79614],[-73.80452,-13.86448],[-73.82605,-13.91454],[-73.86305,-13.93768],[-73.89041,-13.89769],[-73.91182,-13.82846],[-73.95824,-13.78836],[-74.00397,-13.69783],[-74.05007,-13.68265],[-74.03932,-13.60484],[-74.05563,-13.53574],[-74.08047,-13.45058],[-74.00796,-13.41251],[-73.97995,-13.42804],[-73.99047,-13.48088],[-73.95987,-13.50089],[-73.90429,-13.45509],[-73.83349,-13.47179],[-73.81424,-13.50921],[-73.79192,-13.64096],[-73.74362,-13.65556],[-73.67371,-13.73074],[-73.74789,-13.76337]]]}},{"type":"Feature","properties":{"COUNT":3,"FIRST_IDPR":"1312","NOMBPROV":"VIRU","FIRST_NOMB":"LA LIBERTAD","LAST_DCTO":"LEY","LAST_LEY":"13792","FIRST_FECH":"04/01/1995","LAST_FECHA":"28/12/1961","MIN_SHAPE_":319306.79799,"ha":319306.8},"geometry":{"type":"Polygon","coordinates":[[[-78.63909,-8.143],[-78.65247,-8.18466],[-78.60697,-8.19539],[-78.56614,-8.24953],[-78.5883,-8.3075],[-78.47914,-8.35108],[-78.42985,-8.36024],[-78.37389,-8.40454],[-78.37427,-8.45964],[-78.34763,-8.47446],[-78.2637,-8.46738],[-78.28264,-8.57193],[-78.23558,-8.65292],[-78.35481,-8.67328],[-78.44823,-8.73693],[-78.51814,-8.75298],[-78.56534,-8.7926],[-78.58828,-8.85868],[-78.57648,-8.88905],[-78.59166,-8.946],[-78.64492,-8.96923],[-78.65166,-8.91436],[-78.76116,-8.77396],[-78.73738,-8.71208],[-78.74383,-8.63383],[-78.77801,-8.56941],[-78.93488,-8.43632],[-78.90084,-8.41423],[-78.90053,-8.37145],[-78.88137,-8.34266],[-78.81676,-8.30999],[-78.8025,-8.25755],[-78.83814,-8.19824],[-78.7798,-8.20162],[-78.76387,-8.17383],[-78.63909,-8.143]]]}},{"type":"Feature","properties":{"COUNT":8,"FIRST_IDPR":"1011","NOMBPROV":"YAROWILCA","FIRST_NOMB":"HUANUCO","LAST_DCTO":"LEY","LAST_LEY":"S/N","FIRST_FECH":"06/09/1920","LAST_FECHA":"02/01/1857","MIN_SHAPE_":76463.4341542,"ha":76463.43},"geometry":{"type":"Polygon","coordinates":[[[-76.57047,-9.95923],[-76.61155,-9.92688],[-76.72006,-9.89836],[-76.75802,-9.84246],[-76.73328,-9.77939],[-76.70249,-9.74804],[-76.72298,-9.71138],[-76.67339,-9.68167],[-76.52629,-9.66565],[-76.47697,-9.67388],[-76.46302,-9.70625],[-76.46739,-9.82017],[-76.45509,-9.88161],[-76.54877,-9.92263],[-76.57047,-9.95923]]]}},{"type":"Feature","properties":{"COUNT":10,"FIRST_IDPR":"1208","NOMBPROV":"YAULI","FIRST_NOMB":"JUNIN","LAST_DCTO":"LEY","LAST_LEY":"12097","FIRST_FECH":"13/01/1962","LAST_FECHA":"07/04/1954","MIN_SHAPE_":363634.997669,"ha":363635},"geometry":{"type":"Polygon","coordinates":[[[-76.21463,-11.15031],[-76.21267,-11.1524],[-76.20675,-11.15034],[-76.20302,-11.14923],[-76.20222,-11.14997],[-76.20141,-11.1541],[-76.2021,-11.15526],[-76.2038,-11.15613],[-76.20838,-11.16598],[-76.20832,-11.16682],[-76.20902,-11.16779],[-76.20829,-11.17005],[-76.20723,-11.1711],[-76.20588,-11.17221],[-76.20466,-11.17259],[-76.20341,-11.172],[-76.20302,-11.17186],[-76.20211,-11.17176],[-76.20014,-11.1716],[-76.19808,-11.17161],[-76.19786,-11.17183],[-76.19742,-11.17323],[-76.19746,-11.17512],[-76.19752,-11.17647],[-76.19781,-11.17935],[-76.19713,-11.18009],[-76.19526,-11.18148],[-76.19362,-11.18165],[-76.19107,-11.18163],[-76.19,-11.18196],[-76.189,-11.18266],[-76.18733,-11.18368],[-76.18655,-11.18358],[-76.18551,-11.18261],[-76.18487,-11.18165],[-76.18462,-11.18118],[-76.18302,-11.17998],[-76.18272,-11.18003],[-76.18145,-11.18172],[-76.18205,-11.1826],[-76.18311,-11.18271],[-76.18509,-11.18564],[-76.18679,-11.18801],[-76.1877,-11.18932],[-76.1879,-11.18997],[-76.18762,-11.192],[-76.1875,-11.19244],[-76.18708,-11.1935],[-76.18678,-11.19491],[-76.18869,-11.19699],[-76.18968,-11.19807],[-76.19137,-11.199],[-76.19305,-11.2005],[-76.18936,-11.20078],[-76.18828,-11.2016],[-76.18777,-11.2036],[-76.18837,-11.20501],[-76.18854,-11.20652],[-76.18824,-11.20696],[-76.18726,-11.20777],[-76.18453,-11.2119],[-76.18418,-11.21279],[-76.18431,-11.21469],[-76.18366,-11.21646],[-76.18293,-11.21745],[-76.17816,-11.21901],[-76.17609,-11.21899],[-76.17488,-11.21915],[-76.17341,-11.21939],[-76.17196,-11.21957],[-76.17136,-11.21958],[-76.16938,-11.2198],[-76.16805,-11.22047],[-76.16757,-11.22133],[-76.16758,-11.22456],[-76.17091,-11.22526],[-76.17281,-11.22605],[-76.17329,-11.22643],[-76.17396,-11.22738],[-76.17398,-11.22835],[-76.17345,-11.22953],[-76.17344,-11.23075],[-76.17403,-11.23098],[-76.17677,-11.23321],[-76.17701,-11.23367],[-76.17752,-11.23592],[-76.17693,-11.23975],[-76.17735,-11.24185],[-76.17729,-11.24298],[-76.17317,-11.24963],[-76.17252,-11.25127],[-76.17159,-11.25526],[-76.17058,-11.25589],[-76.16841,-11.25668],[-76.16758,-11.25799],[-76.16761,-11.26246],[-76.16756,-11.26333],[-76.16699,-11.26467],[-76.16613,-11.26578],[-76.16496,-11.27079],[-76.16308,-11.27263],[-76.16225,-11.27342],[-76.15996,-11.27561],[-76.15649,-11.2787],[-76.15627,-11.28087],[-76.15502,-11.2827],[-76.15437,-11.28452],[-76.15393,-11.2856],[-76.15342,-11.28633],[-76.15091,-11.28762],[-76.15025,-11.28783],[-76.14745,-11.2885],[-76.14673,-11.28887],[-76.14003,-11.29664],[-76.13877,-11.30509],[-76.13805,-11.30638],[-76.13525,-11.30766],[-76.13451,-11.30875],[-76.13405,-11.31008],[-76.13435,-11.31191],[-76.13489,-11.3127],[-76.13576,-11.31323],[-76.13702,-11.31439],[-76.13607,-11.31537],[-76.13394,-11.31605],[-76.13286,-11.31727],[-76.13197,-11.31787],[-76.12993,-11.3189],[-76.12832,-11.32156],[-76.1274,-11.32276],[-76.12656,-11.32345],[-76.12514,-11.32451],[-76.12421,-11.32581],[-76.12245,-11.32485],[-76.1214,-11.32635],[-76.12093,-11.32747],[-76.12025,-11.32801],[-76.11968,-11.32839],[-76.11793,-11.32982],[-76.11683,-11.3305],[-76.11503,-11.33075],[-76.11412,-11.33097],[-76.11205,-11.33177],[-76.1105,-11.333],[-76.10918,-11.33422],[-76.10859,-11.33487],[-76.10805,-11.33726],[-76.10661,-11.34195],[-76.10645,-11.3446],[-76.10586,-11.35122],[-76.10575,-11.35169],[-76.10557,-11.35258],[-76.10464,-11.35362],[-76.10359,-11.35402],[-76.10102,-11.35645],[-76.09977,-11.35826],[-76.09689,-11.36091],[-76.09619,-11.36274],[-76.09592,-11.36363],[-76.09587,-11.3652],[-76.09562,-11.36756],[-76.09559,-11.36953],[-76.09547,-11.3702],[-76.09515,-11.37157],[-76.09487,-11.37227],[-76.08565,-11.38167],[-76.08141,-11.38773],[-76.07892,-11.38574],[-76.07657,-11.3851],[-76.07564,-11.38536],[-76.07174,-11.38743],[-76.07076,-11.38742],[-76.06932,-11.38584],[-76.06712,-11.38341],[-76.0651,-11.38296],[-76.06272,-11.38456],[-76.06221,-11.38463],[-76.06079,-11.38379],[-76.05915,-11.38246],[-76.05133,-11.37754],[-76.049,-11.3768],[-76.04781,-11.37453],[-76.04696,-11.3718],[-76.04518,-11.37155],[-76.04258,-11.3718],[-76.04202,-11.37211],[-76.03123,-11.37442],[-76.02656,-11.37994],[-76.02314,-11.37751],[-76.02093,-11.37372],[-76.01469,-11.37548],[-76.01331,-11.37567],[-76.01106,-11.3733],[-76.00925,-11.36968],[-76.00831,-11.36778],[-76.00654,-11.36546],[-76.00446,-11.3646],[-76.00123,-11.3649],[-76.00005,-11.36474],[-75.99817,-11.36422],[-75.99178,-11.3624],[-75.98993,-11.36058],[-75.98907,-11.35957],[-75.98504,-11.35815],[-75.98389,-11.35838],[-75.98112,-11.35828],[-75.97973,-11.35769],[-75.97896,-11.35782],[-75.97855,-11.35631],[-75.97773,-11.35466],[-75.97634,-11.35346],[-75.97515,-11.35338],[-75.97358,-11.35353],[-75.97221,-11.35351],[-75.96911,-11.35081],[-75.96938,-11.348],[-75.97058,-11.34597],[-75.96503,-11.34043],[-75.96225,-11.33584],[-75.96083,-11.33347],[-75.96019,-11.33332],[-75.95706,-11.33407],[-75.93945,-11.34713],[-75.88532,-11.40408],[-75.91638,-11.41583],[-75.87439,-11.49093],[-75.80176,-11.54477],[-75.75644,-11.63957],[-75.70038,-11.71231],[-75.75465,-11.77475],[-75.81496,-11.78964],[-75.83226,-11.76985],[-75.89308,-11.78355],[-75.90665,-11.87364],[-75.95575,-11.87049],[-76.02433,-11.89763],[-76.05186,-11.93896],[-76.05131,-11.89224],[-76.13695,-11.78096],[-76.20233,-11.72805],[-76.20488,-11.65953],[-76.18771,-11.59279],[-76.22371,-11.56273],[-76.28679,-11.59123],[-76.37684,-11.50149],[-76.37151,-11.47552],[-76.41183,-11.4146],[-76.42268,-11.35486],[-76.45702,-11.33443],[-76.4777,-11.29353],[-76.49208,-11.18931],[-76.5184,-11.11608],[-76.49121,-11.08944],[-76.39722,-11.07576],[-76.31807,-11.09164],[-76.3079,-11.13266],[-76.21463,-11.15031]]]}},{"type":"Feature","properties":{"COUNT":33,"FIRST_IDPR":"1510","NOMBPROV":"YAUYOS","FIRST_NOMB":"LIMA","LAST_DCTO":"LEY","LAST_LEY":"12644","FIRST_FECH":"26/03/1965","LAST_FECHA":"02/02/1956","MIN_SHAPE_":699051.38377,"ha":699051.38},"geometry":{"type":"Polygon","coordinates":[[[-75.9614,-13.00138],[-75.95743,-12.96989],[-75.98998,-12.92209],[-76.00855,-12.85387],[-75.95941,-12.84897],[-75.94253,-12.80214],[-75.98393,-12.7823],[-76.04517,-12.78196],[-76.14444,-12.82042],[-76.19937,-12.81345],[-76.28301,-12.75212],[-76.29955,-12.71534],[-76.25167,-12.59159],[-76.29104,-12.57424],[-76.35212,-12.52002],[-76.31355,-12.43062],[-76.3454,-12.388],[-76.346,-12.33773],[-76.32372,-12.29155],[-76.2503,-12.29973],[-76.21686,-12.26425],[-76.06947,-12.20741],[-76.08622,-12.1604],[-76.05679,-12.13273],[-76.06135,-12.08852],[-76.01976,-12.06277],[-75.99318,-11.99468],[-75.92599,-11.98429],[-75.82407,-12.01569],[-75.76566,-12.05963],[-75.6943,-12.04269],[-75.62752,-12.14174],[-75.66412,-12.19405],[-75.5641,-12.33629],[-75.55959,-12.41072],[-75.5362,-12.51728],[-75.57184,-12.56407],[-75.57961,-12.64148],[-75.55182,-12.68143],[-75.57655,-12.71514],[-75.51389,-12.78865],[-75.53108,-12.82221],[-75.61309,-12.86698],[-75.63612,-12.91618],[-75.61439,-12.96493],[-75.66324,-12.99404],[-75.67036,-13.02261],[-75.72546,-13.03812],[-75.76216,-13.01889],[-75.80206,-13.06043],[-75.93768,-12.99132],[-75.9614,-13.00138]]]}},{"type":"Feature","properties":{"COUNT":8,"FIRST_IDPR":"0220","NOMBPROV":"YUNGAY","FIRST_NOMB":"ANCASH","LAST_DCTO":"L.R.","LAST_LEY":"176","FIRST_FECH":"02/01/1857","LAST_FECHA":"02/08/1920","MIN_SHAPE_":136484.28304,"ha":136484.28},"geometry":{"type":"Polygon","coordinates":[[[-78.0561,-9.2747],[-78.03717,-9.24371],[-77.86127,-9.25119],[-77.83947,-9.21757],[-77.79752,-9.22919],[-77.77719,-9.18154],[-77.78116,-9.08515],[-77.69981,-9.05693],[-77.63236,-9.00976],[-77.57427,-8.90044],[-77.56345,-8.90337],[-77.544,-8.93129],[-77.55273,-8.98782],[-77.48654,-9.00727],[-77.44514,-8.99018],[-77.38633,-8.99508],[-77.3595,-8.97724],[-77.362,-9.06499],[-77.43735,-9.05925],[-77.49046,-9.10667],[-77.53034,-9.08292],[-77.60132,-9.10894],[-77.58892,-9.1587],[-77.6199,-9.21445],[-77.66138,-9.23984],[-77.6893,-9.22416],[-77.72451,-9.2764],[-77.76565,-9.29232],[-77.77125,-9.33395],[-77.7442,-9.37071],[-77.76203,-9.41715],[-77.901,-9.44223],[-77.93291,-9.39898],[-77.99295,-9.44661],[-78.03018,-9.41849],[-78.00332,-9.38097],[-78.05975,-9.33085],[-78.0561,-9.2747]]]}},{"type":"Feature","properties":{"COUNT":7,"FIRST_IDPR":"2113","NOMBPROV":"YUNGUYO","FIRST_NOMB":"PUNO","LAST_DCTO":"LEY","LAST_LEY":"24042","FIRST_FECH":"28/12/1984","LAST_FECHA":"28/12/1984","MIN_SHAPE_":42065.0115975,"ha":42065.01},"geometry":{"type":"MultiPolygon","coordinates":[[[[-68.91839,-16.40372],[-68.9184,-16.2333],[-68.81422,-16.31977],[-68.81422,-16.34799],[-68.91839,-16.40372]]],[[[-69.20017,-16.26419],[-69.14535,-16.25315],[-69.05526,-16.19736],[-68.97685,-16.25708],[-69.05064,-16.2827],[-69.02196,-16.33191],[-69.04295,-16.4204],[-69.14194,-16.33099],[-69.19094,-16.31455],[-69.20017,-16.26419]]]]}},{"type":"Feature","properties":{"COUNT":4,"FIRST_IDPR":"2403","NOMBPROV":"ZARUMILLA","FIRST_NOMB":"TUMBES","LAST_DCTO":"LEY","LAST_LEY":"S/N","FIRST_FECH":"25/11/1942","LAST_FECHA":"12/01/1871","MIN_SHAPE_":75819.2950151,"ha":75819.3},"geometry":{"type":"Polygon","coordinates":[[[-80.18074,-3.92583],[-80.24359,-3.89754],[-80.25581,-3.83277],[-80.305,-3.77257],[-80.29583,-3.67384],[-80.33779,-3.63147],[-80.37883,-3.49461],[-80.29236,-3.4088],[-80.22052,-3.44386],[-80.23973,-3.47779],[-80.20617,-3.53452],[-80.21812,-3.57298],[-80.18877,-3.59793],[-80.18081,-3.73858],[-80.1926,-3.77168],[-80.16043,-3.80239],[-80.15855,-3.86982],[-80.12717,-3.89552],[-80.18074,-3.92583]]]}},{"type":"Feature","properties":{"COUNT":3,"FIRST_IDPR":"0104","NOMBPROV":"CONDORCANQUI","FIRST_NOMB":"AMAZONAS","LAST_DCTO":"LEY","LAST_LEY":"23832","FIRST_FECH":"18/05/1984","LAST_FECHA":"18/05/1984","MIN_SHAPE_":1792723.84631,"ha":1792723.85},"geometry":{"type":"Polygon","coordinates":[[[-77.74529,-5.13302],[-77.95552,-5.39972],[-78.02179,-5.36581],[-78.07319,-5.40919],[-78.10615,-5.342],[-78.06761,-5.26527],[-78.0569,-5.20859],[-78.09932,-5.14609],[-78.15881,-5.10995],[-78.19484,-5.03789],[-78.11941,-4.84024],[-78.14524,-4.7581],[-78.12014,-4.69951],[-78.14729,-4.64319],[-78.2189,-4.65854],[-78.25335,-4.70521],[-78.27721,-4.66275],[-78.32948,-4.67954],[-78.36126,-4.6477],[-78.41693,-4.65953],[-78.46583,-4.64849],[-78.52243,-4.58575],[-78.58872,-4.56197],[-78.59892,-4.50909],[-78.63575,-4.50088],[-78.63408,-4.41324],[-78.65227,-4.33251],[-78.61824,-4.29422],[-78.58132,-4.1355],[-78.54079,-4.07388],[-78.56263,-4.04981],[-78.56611,-3.9933],[-78.5245,-3.93726],[-78.48867,-3.93361],[-78.47653,-3.85869],[-78.41391,-3.79261],[-78.40248,-3.73539],[-78.42274,-3.69089],[-78.40082,-3.65134],[-78.38769,-3.55497],[-78.36493,-3.5297],[-78.35918,-3.46952],[-78.31874,-3.39507],[-78.24621,-3.40233],[-78.21479,-3.50859],[-78.14917,-3.4808],[-78.17121,-3.35083],[-77.95137,-3.09053],[-77.93251,-3.03528],[-77.89151,-3.00903],[-77.80862,-2.98613],[-77.77852,-3.18718],[-77.77648,-3.40913],[-77.76054,-3.4598],[-77.61694,-3.6343],[-77.61562,-3.70772],[-77.65182,-3.77901],[-77.5694,-3.87275],[-77.54177,-3.94333],[-77.53812,-4.02871],[-77.54966,-4.10989],[-77.58555,-4.25133],[-77.56539,-4.37246],[-77.58594,-4.47501],[-77.65546,-4.51854],[-77.64902,-4.54642],[-77.67195,-4.62947],[-77.77188,-4.71756],[-77.79462,-4.76301],[-77.79357,-4.84996],[-77.76015,-4.90935],[-77.75929,-4.95178],[-77.82462,-5.03178],[-77.82228,-5.08179],[-77.77429,-5.09718],[-77.74529,-5.13302]]]}}]}